<annotation>
	<folder>my-project-name</folder>
	<filename>101_rgb.png</filename>
	<path>/my-project-name/101_rgb.png</path>
	<source>
		<database>Unspecified</database>
	</source>
	<size>
		<width>256</width>
		<height>256</height>
		<depth>3</depth>
	</size>
	<object>
		<name>fire</name>
		<pose>Unspecified</pose>
		<truncated>Unspecified</truncated>
		<difficult>Unspecified</difficult>
		<bndbox>
			<xmin>111</xmin>
			<ymin>47</ymin>
			<xmax>232</xmax>
			<ymax>223</ymax>
		</bndbox>
	</object>
	<object>
		<name>smoke</name>
		<pose>Unspecified</pose>
		<truncated>Unspecified</truncated>
		<difficult>Unspecified</difficult>
		<bndbox>
			<xmin>51</xmin>
			<ymin>8</ymin>
			<xmax>103</xmax>
			<ymax>57</ymax>
		</bndbox>
	</object>
</annotation>