<annotation>
	<folder>my-project-name</folder>
	<filename>105_rgb.png</filename>
	<path>/my-project-name/105_rgb.png</path>
	<source>
		<database>Unspecified</database>
	</source>
	<size>
		<width>256</width>
		<height>256</height>
		<depth>3</depth>
	</size>
	<object>
		<name>fire</name>
		<pose>Unspecified</pose>
		<truncated>Unspecified</truncated>
		<difficult>Unspecified</difficult>
		<bndbox>
			<xmin>3</xmin>
			<ymin>65</ymin>
			<xmax>251</xmax>
			<ymax>146</ymax>
		</bndbox>
	</object>
	<object>
		<name>smoke</name>
		<pose>Unspecified</pose>
		<truncated>Unspecified</truncated>
		<difficult>Unspecified</difficult>
		<bndbox>
			<xmin>172</xmin>
			<ymin>0</ymin>
			<xmax>256</xmax>
			<ymax>64</ymax>
		</bndbox>
	</object>
</annotation>