<annotation>
	<folder>my-project-name</folder>
	<filename>110_rgb.png</filename>
	<path>/my-project-name/110_rgb.png</path>
	<source>
		<database>Unspecified</database>
	</source>
	<size>
		<width>256</width>
		<height>256</height>
		<depth>3</depth>
	</size>
	<object>
		<name>fire</name>
		<pose>Unspecified</pose>
		<truncated>Unspecified</truncated>
		<difficult>Unspecified</difficult>
		<bndbox>
			<xmin>46</xmin>
			<ymin>23</ymin>
			<xmax>87</xmax>
			<ymax>68</ymax>
		</bndbox>
	</object>
	<object>
		<name>fire</name>
		<pose>Unspecified</pose>
		<truncated>Unspecified</truncated>
		<difficult>Unspecified</difficult>
		<bndbox>
			<xmin>57</xmin>
			<ymin>84</ymin>
			<xmax>123</xmax>
			<ymax>214</ymax>
		</bndbox>
	</object>
</annotation>