<annotation>
	<folder>my-project-name</folder>
	<filename>113_rgb.png</filename>
	<path>/my-project-name/113_rgb.png</path>
	<source>
		<database>Unspecified</database>
	</source>
	<size>
		<width>256</width>
		<height>256</height>
		<depth>3</depth>
	</size>
	<object>
		<name>fire</name>
		<pose>Unspecified</pose>
		<truncated>Unspecified</truncated>
		<difficult>Unspecified</difficult>
		<bndbox>
			<xmin>4</xmin>
			<ymin>53</ymin>
			<xmax>224</xmax>
			<ymax>256</ymax>
		</bndbox>
	</object>
	<object>
		<name>smoke</name>
		<pose>Unspecified</pose>
		<truncated>Unspecified</truncated>
		<difficult>Unspecified</difficult>
		<bndbox>
			<xmin>43</xmin>
			<ymin>1</ymin>
			<xmax>162</xmax>
			<ymax>43</ymax>
		</bndbox>
	</object>
</annotation>