<annotation>
	<folder>my-project-name</folder>
	<filename>116_rgb.png</filename>
	<path>/my-project-name/116_rgb.png</path>
	<source>
		<database>Unspecified</database>
	</source>
	<size>
		<width>256</width>
		<height>256</height>
		<depth>3</depth>
	</size>
	<object>
		<name>smoke</name>
		<pose>Unspecified</pose>
		<truncated>Unspecified</truncated>
		<difficult>Unspecified</difficult>
		<bndbox>
			<xmin>28</xmin>
			<ymin>0</ymin>
			<xmax>83</xmax>
			<ymax>46</ymax>
		</bndbox>
	</object>
	<object>
		<name>fire</name>
		<pose>Unspecified</pose>
		<truncated>Unspecified</truncated>
		<difficult>Unspecified</difficult>
		<bndbox>
			<xmin>4</xmin>
			<ymin>21</ymin>
			<xmax>169</xmax>
			<ymax>199</ymax>
		</bndbox>
	</object>
</annotation>