<annotation>
	<folder>my-project-name</folder>
	<filename>320_rgb.png</filename>
	<path>/my-project-name/320_rgb.png</path>
	<source>
		<database>Unspecified</database>
	</source>
	<size>
		<width>256</width>
		<height>256</height>
		<depth>3</depth>
	</size>
	<object>
		<name>fire</name>
		<pose>Unspecified</pose>
		<truncated>Unspecified</truncated>
		<difficult>Unspecified</difficult>
		<bndbox>
			<xmin>112</xmin>
			<ymin>77</ymin>
			<xmax>155</xmax>
			<ymax>144</ymax>
		</bndbox>
	</object>
</annotation>