<annotation>
	<folder>my-project-name</folder>
	<filename>322_rgb.png</filename>
	<path>/my-project-name/322_rgb.png</path>
	<source>
		<database>Unspecified</database>
	</source>
	<size>
		<width>256</width>
		<height>256</height>
		<depth>3</depth>
	</size>
	<object>
		<name>smoke</name>
		<pose>Unspecified</pose>
		<truncated>Unspecified</truncated>
		<difficult>Unspecified</difficult>
		<bndbox>
			<xmin>191</xmin>
			<ymin>9</ymin>
			<xmax>214</xmax>
			<ymax>32</ymax>
		</bndbox>
	</object>
	<object>
		<name>smoke</name>
		<pose>Unspecified</pose>
		<truncated>Unspecified</truncated>
		<difficult>Unspecified</difficult>
		<bndbox>
			<xmin>154</xmin>
			<ymin>32</ymin>
			<xmax>219</xmax>
			<ymax>253</ymax>
		</bndbox>
	</object>
</annotation>