<annotation>
	<folder>my-project-name</folder>
	<filename>336_rgb.png</filename>
	<path>/my-project-name/336_rgb.png</path>
	<source>
		<database>Unspecified</database>
	</source>
	<size>
		<width>256</width>
		<height>256</height>
		<depth>3</depth>
	</size>
	<object>
		<name>fire</name>
		<pose>Unspecified</pose>
		<truncated>Unspecified</truncated>
		<difficult>Unspecified</difficult>
		<bndbox>
			<xmin>15</xmin>
			<ymin>89</ymin>
			<xmax>255</xmax>
			<ymax>170</ymax>
		</bndbox>
	</object>
	<object>
		<name>smoke</name>
		<pose>Unspecified</pose>
		<truncated>Unspecified</truncated>
		<difficult>Unspecified</difficult>
		<bndbox>
			<xmin>125</xmin>
			<ymin>40</ymin>
			<xmax>256</xmax>
			<ymax>85</ymax>
		</bndbox>
	</object>
</annotation>