<annotation>
	<folder>my-project-name</folder>
	<filename>441_rgb.png</filename>
	<path>/my-project-name/441_rgb.png</path>
	<source>
		<database>Unspecified</database>
	</source>
	<size>
		<width>256</width>
		<height>256</height>
		<depth>3</depth>
	</size>
	<object>
		<name>fire</name>
		<pose>Unspecified</pose>
		<truncated>Unspecified</truncated>
		<difficult>Unspecified</difficult>
		<bndbox>
			<xmin>117</xmin>
			<ymin>53</ymin>
			<xmax>206</xmax>
			<ymax>169</ymax>
		</bndbox>
	</object>
	<object>
		<name>smoke</name>
		<pose>Unspecified</pose>
		<truncated>Unspecified</truncated>
		<difficult>Unspecified</difficult>
		<bndbox>
			<xmin>14</xmin>
			<ymin>0</ymin>
			<xmax>130</xmax>
			<ymax>50</ymax>
		</bndbox>
	</object>
</annotation>