<annotation>
	<folder>my-project-name</folder>
	<filename>442_rgb.png</filename>
	<path>/my-project-name/442_rgb.png</path>
	<source>
		<database>Unspecified</database>
	</source>
	<size>
		<width>256</width>
		<height>256</height>
		<depth>3</depth>
	</size>
	<object>
		<name>fire</name>
		<pose>Unspecified</pose>
		<truncated>Unspecified</truncated>
		<difficult>Unspecified</difficult>
		<bndbox>
			<xmin>76</xmin>
			<ymin>30</ymin>
			<xmax>256</xmax>
			<ymax>234</ymax>
		</bndbox>
	</object>
	<object>
		<name>smoke</name>
		<pose>Unspecified</pose>
		<truncated>Unspecified</truncated>
		<difficult>Unspecified</difficult>
		<bndbox>
			<xmin>22</xmin>
			<ymin>5</ymin>
			<xmax>58</xmax>
			<ymax>86</ymax>
		</bndbox>
	</object>
</annotation>