<annotation>
	<folder>my-project-name</folder>
	<filename>fireBig1126.jpg</filename>
	<path>/my-project-name/fireBig1126.jpg</path>
	<source>
		<database>Unspecified</database>
	</source>
	<size>
		<width>1280</width>
		<height>720</height>
		<depth>3</depth>
	</size>
	<object>
		<name>smoke</name>
		<pose>Unspecified</pose>
		<truncated>Unspecified</truncated>
		<difficult>Unspecified</difficult>
		<bndbox>
			<xmin>251</xmin>
			<ymin>0</ymin>
			<xmax>821</xmax>
			<ymax>373</ymax>
		</bndbox>
	</object>
	<object>
		<name>fire</name>
		<pose>Unspecified</pose>
		<truncated>Unspecified</truncated>
		<difficult>Unspecified</difficult>
		<bndbox>
			<xmin>929</xmin>
			<ymin>339</ymin>
			<xmax>1011</xmax>
			<ymax>470</ymax>
		</bndbox>
	</object>
	<object>
		<name>fire</name>
		<pose>Unspecified</pose>
		<truncated>Unspecified</truncated>
		<difficult>Unspecified</difficult>
		<bndbox>
			<xmin>707</xmin>
			<ymin>411</ymin>
			<xmax>744</xmax>
			<ymax>443</ymax>
		</bndbox>
	</object>
	<object>
		<name>fire</name>
		<pose>Unspecified</pose>
		<truncated>Unspecified</truncated>
		<difficult>Unspecified</difficult>
		<bndbox>
			<xmin>632</xmin>
			<ymin>401</ymin>
			<xmax>677</xmax>
			<ymax>430</ymax>
		</bndbox>
	</object>
	<object>
		<name>fire</name>
		<pose>Unspecified</pose>
		<truncated>Unspecified</truncated>
		<difficult>Unspecified</difficult>
		<bndbox>
			<xmin>464</xmin>
			<ymin>408</ymin>
			<xmax>535</xmax>
			<ymax>454</ymax>
		</bndbox>
	</object>
	<object>
		<name>fire</name>
		<pose>Unspecified</pose>
		<truncated>Unspecified</truncated>
		<difficult>Unspecified</difficult>
		<bndbox>
			<xmin>252</xmin>
			<ymin>368</ymin>
			<xmax>337</xmax>
			<ymax>442</ymax>
		</bndbox>
	</object>
</annotation>