<annotation>
	<folder>my-project-name</folder>
	<filename>fireBig1102.jpg</filename>
	<path>/my-project-name/fireBig1102.jpg</path>
	<source>
		<database>Unspecified</database>
	</source>
	<size>
		<width>1280</width>
		<height>720</height>
		<depth>3</depth>
	</size>
	<object>
		<name>fire</name>
		<pose>Unspecified</pose>
		<truncated>Unspecified</truncated>
		<difficult>Unspecified</difficult>
		<bndbox>
			<xmin>1076</xmin>
			<ymin>324</ymin>
			<xmax>1176</xmax>
			<ymax>417</ymax>
		</bndbox>
	</object>
	<object>
		<name>fire</name>
		<pose>Unspecified</pose>
		<truncated>Unspecified</truncated>
		<difficult>Unspecified</difficult>
		<bndbox>
			<xmin>878</xmin>
			<ymin>396</ymin>
			<xmax>1001</xmax>
			<ymax>447</ymax>
		</bndbox>
	</object>
	<object>
		<name>fire</name>
		<pose>Unspecified</pose>
		<truncated>Unspecified</truncated>
		<difficult>Unspecified</difficult>
		<bndbox>
			<xmin>970</xmin>
			<ymin>326</ymin>
			<xmax>1016</xmax>
			<ymax>366</ymax>
		</bndbox>
	</object>
	<object>
		<name>fire</name>
		<pose>Unspecified</pose>
		<truncated>Unspecified</truncated>
		<difficult>Unspecified</difficult>
		<bndbox>
			<xmin>597</xmin>
			<ymin>364</ymin>
			<xmax>740</xmax>
			<ymax>419</ymax>
		</bndbox>
	</object>
	<object>
		<name>fire</name>
		<pose>Unspecified</pose>
		<truncated>Unspecified</truncated>
		<difficult>Unspecified</difficult>
		<bndbox>
			<xmin>466</xmin>
			<ymin>341</ymin>
			<xmax>559</xmax>
			<ymax>411</ymax>
		</bndbox>
	</object>
</annotation>