<annotation>
	<folder>my-project-name</folder>
	<filename>fireBig1037.jpg</filename>
	<path>/my-project-name/fireBig1037.jpg</path>
	<source>
		<database>Unspecified</database>
	</source>
	<size>
		<width>1280</width>
		<height>720</height>
		<depth>3</depth>
	</size>
	<object>
		<name>fire</name>
		<pose>Unspecified</pose>
		<truncated>Unspecified</truncated>
		<difficult>Unspecified</difficult>
		<bndbox>
			<xmin>714</xmin>
			<ymin>619</ymin>
			<xmax>789</xmax>
			<ymax>662</ymax>
		</bndbox>
	</object>
	<object>
		<name>fire</name>
		<pose>Unspecified</pose>
		<truncated>Unspecified</truncated>
		<difficult>Unspecified</difficult>
		<bndbox>
			<xmin>555</xmin>
			<ymin>617</ymin>
			<xmax>589</xmax>
			<ymax>647</ymax>
		</bndbox>
	</object>
	<object>
		<name>smoke</name>
		<pose>Unspecified</pose>
		<truncated>Unspecified</truncated>
		<difficult>Unspecified</difficult>
		<bndbox>
			<xmin>629</xmin>
			<ymin>226</ymin>
			<xmax>749</xmax>
			<ymax>553</ymax>
		</bndbox>
	</object>
</annotation>