<annotation>
	<folder>my-project-name</folder>
	<filename>fire.672.png</filename>
	<path>/my-project-name/fire.672.png</path>
	<source>
		<database>Unspecified</database>
	</source>
	<size>
		<width>534</width>
		<height>401</height>
		<depth>3</depth>
	</size>
	<object>
		<name>fire</name>
		<pose>Unspecified</pose>
		<truncated>Unspecified</truncated>
		<difficult>Unspecified</difficult>
		<bndbox>
			<xmin>409</xmin>
			<ymin>144</ymin>
			<xmax>526</xmax>
			<ymax>325</ymax>
		</bndbox>
	</object>
	<object>
		<name>fire</name>
		<pose>Unspecified</pose>
		<truncated>Unspecified</truncated>
		<difficult>Unspecified</difficult>
		<bndbox>
			<xmin>55</xmin>
			<ymin>94</ymin>
			<xmax>140</xmax>
			<ymax>186</ymax>
		</bndbox>
	</object>
	<object>
		<name>smoke</name>
		<pose>Unspecified</pose>
		<truncated>Unspecified</truncated>
		<difficult>Unspecified</difficult>
		<bndbox>
			<xmin>160</xmin>
			<ymin>12</ymin>
			<xmax>278</xmax>
			<ymax>208</ymax>
		</bndbox>
	</object>
	<object>
		<name>smoke</name>
		<pose>Unspecified</pose>
		<truncated>Unspecified</truncated>
		<difficult>Unspecified</difficult>
		<bndbox>
			<xmin>0</xmin>
			<ymin>0</ymin>
			<xmax>62</xmax>
			<ymax>76</ymax>
		</bndbox>
	</object>
</annotation>