<annotation>
	<folder>my-project-name</folder>
	<filename>fireBig1862.jpg</filename>
	<path>/my-project-name/fireBig1862.jpg</path>
	<source>
		<database>Unspecified</database>
	</source>
	<size>
		<width>1280</width>
		<height>720</height>
		<depth>3</depth>
	</size>
	<object>
		<name>smoke</name>
		<pose>Unspecified</pose>
		<truncated>Unspecified</truncated>
		<difficult>Unspecified</difficult>
		<bndbox>
			<xmin>370</xmin>
			<ymin>0</ymin>
			<xmax>834</xmax>
			<ymax>383</ymax>
		</bndbox>
	</object>
	<object>
		<name>fire</name>
		<pose>Unspecified</pose>
		<truncated>Unspecified</truncated>
		<difficult>Unspecified</difficult>
		<bndbox>
			<xmin>575</xmin>
			<ymin>326</ymin>
			<xmax>633</xmax>
			<ymax>362</ymax>
		</bndbox>
	</object>
	<object>
		<name>fire</name>
		<pose>Unspecified</pose>
		<truncated>Unspecified</truncated>
		<difficult>Unspecified</difficult>
		<bndbox>
			<xmin>848</xmin>
			<ymin>376</ymin>
			<xmax>873</xmax>
			<ymax>399</ymax>
		</bndbox>
	</object>
	<object>
		<name>fire</name>
		<pose>Unspecified</pose>
		<truncated>Unspecified</truncated>
		<difficult>Unspecified</difficult>
		<bndbox>
			<xmin>534</xmin>
			<ymin>528</ymin>
			<xmax>592</xmax>
			<ymax>548</ymax>
		</bndbox>
	</object>
</annotation>