<annotation>
	<folder>my-project-name</folder>
	<filename>fire.703.png</filename>
	<path>/my-project-name/fire.703.png</path>
	<source>
		<database>Unspecified</database>
	</source>
	<size>
		<width>986</width>
		<height>554</height>
		<depth>3</depth>
	</size>
	<object>
		<name>fire</name>
		<pose>Unspecified</pose>
		<truncated>Unspecified</truncated>
		<difficult>Unspecified</difficult>
		<bndbox>
			<xmin>201</xmin>
			<ymin>245</ymin>
			<xmax>841</xmax>
			<ymax>469</ymax>
		</bndbox>
	</object>
</annotation>