<annotation>
	<folder>my-project-name</folder>
	<filename>fireBig1854.jpg</filename>
	<path>/my-project-name/fireBig1854.jpg</path>
	<source>
		<database>Unspecified</database>
	</source>
	<size>
		<width>1280</width>
		<height>720</height>
		<depth>3</depth>
	</size>
	<object>
		<name>smoke</name>
		<pose>Unspecified</pose>
		<truncated>Unspecified</truncated>
		<difficult>Unspecified</difficult>
		<bndbox>
			<xmin>162</xmin>
			<ymin>0</ymin>
			<xmax>697</xmax>
			<ymax>247</ymax>
		</bndbox>
	</object>
	<object>
		<name>fire</name>
		<pose>Unspecified</pose>
		<truncated>Unspecified</truncated>
		<difficult>Unspecified</difficult>
		<bndbox>
			<xmin>470</xmin>
			<ymin>424</ymin>
			<xmax>544</xmax>
			<ymax>447</ymax>
		</bndbox>
	</object>
</annotation>