<annotation>
	<folder>my-project-name</folder>
	<filename>fireBig1124.jpg</filename>
	<path>/my-project-name/fireBig1124.jpg</path>
	<source>
		<database>Unspecified</database>
	</source>
	<size>
		<width>1280</width>
		<height>720</height>
		<depth>3</depth>
	</size>
	<object>
		<name>fire</name>
		<pose>Unspecified</pose>
		<truncated>Unspecified</truncated>
		<difficult>Unspecified</difficult>
		<bndbox>
			<xmin>203</xmin>
			<ymin>345</ymin>
			<xmax>325</xmax>
			<ymax>460</ymax>
		</bndbox>
	</object>
	<object>
		<name>fire</name>
		<pose>Unspecified</pose>
		<truncated>Unspecified</truncated>
		<difficult>Unspecified</difficult>
		<bndbox>
			<xmin>372</xmin>
			<ymin>411</ymin>
			<xmax>402</xmax>
			<ymax>453</ymax>
		</bndbox>
	</object>
	<object>
		<name>fire</name>
		<pose>Unspecified</pose>
		<truncated>Unspecified</truncated>
		<difficult>Unspecified</difficult>
		<bndbox>
			<xmin>412</xmin>
			<ymin>402</ymin>
			<xmax>443</xmax>
			<ymax>438</ymax>
		</bndbox>
	</object>
	<object>
		<name>fire</name>
		<pose>Unspecified</pose>
		<truncated>Unspecified</truncated>
		<difficult>Unspecified</difficult>
		<bndbox>
			<xmin>590</xmin>
			<ymin>397</ymin>
			<xmax>632</xmax>
			<ymax>428</ymax>
		</bndbox>
	</object>
	<object>
		<name>fire</name>
		<pose>Unspecified</pose>
		<truncated>Unspecified</truncated>
		<difficult>Unspecified</difficult>
		<bndbox>
			<xmin>668</xmin>
			<ymin>392</ymin>
			<xmax>703</xmax>
			<ymax>428</ymax>
		</bndbox>
	</object>
	<object>
		<name>fire</name>
		<pose>Unspecified</pose>
		<truncated>Unspecified</truncated>
		<difficult>Unspecified</difficult>
		<bndbox>
			<xmin>889</xmin>
			<ymin>355</ymin>
			<xmax>969</xmax>
			<ymax>437</ymax>
		</bndbox>
	</object>
	<object>
		<name>fire</name>
		<pose>Unspecified</pose>
		<truncated>Unspecified</truncated>
		<difficult>Unspecified</difficult>
		<bndbox>
			<xmin>691</xmin>
			<ymin>457</ymin>
			<xmax>710</xmax>
			<ymax>472</ymax>
		</bndbox>
	</object>
</annotation>