<annotation>
	<folder>my-project-name</folder>
	<filename>fireBig1851.jpg</filename>
	<path>/my-project-name/fireBig1851.jpg</path>
	<source>
		<database>Unspecified</database>
	</source>
	<size>
		<width>1280</width>
		<height>720</height>
		<depth>3</depth>
	</size>
	<object>
		<name>fire</name>
		<pose>Unspecified</pose>
		<truncated>Unspecified</truncated>
		<difficult>Unspecified</difficult>
		<bndbox>
			<xmin>735</xmin>
			<ymin>248</ymin>
			<xmax>798</xmax>
			<ymax>281</ymax>
		</bndbox>
	</object>
	<object>
		<name>fire</name>
		<pose>Unspecified</pose>
		<truncated>Unspecified</truncated>
		<difficult>Unspecified</difficult>
		<bndbox>
			<xmin>752</xmin>
			<ymin>327</ymin>
			<xmax>766</xmax>
			<ymax>342</ymax>
		</bndbox>
	</object>
	<object>
		<name>fire</name>
		<pose>Unspecified</pose>
		<truncated>Unspecified</truncated>
		<difficult>Unspecified</difficult>
		<bndbox>
			<xmin>717</xmin>
			<ymin>332</ymin>
			<xmax>735</xmax>
			<ymax>348</ymax>
		</bndbox>
	</object>
	<object>
		<name>fire</name>
		<pose>Unspecified</pose>
		<truncated>Unspecified</truncated>
		<difficult>Unspecified</difficult>
		<bndbox>
			<xmin>700</xmin>
			<ymin>336</ymin>
			<xmax>717</xmax>
			<ymax>348</ymax>
		</bndbox>
	</object>
	<object>
		<name>fire</name>
		<pose>Unspecified</pose>
		<truncated>Unspecified</truncated>
		<difficult>Unspecified</difficult>
		<bndbox>
			<xmin>567</xmin>
			<ymin>436</ymin>
			<xmax>618</xmax>
			<ymax>452</ymax>
		</bndbox>
	</object>
</annotation>