<annotation>
	<folder>my-project-name</folder>
	<filename>fireBig1121.jpg</filename>
	<path>/my-project-name/fireBig1121.jpg</path>
	<source>
		<database>Unspecified</database>
	</source>
	<size>
		<width>1280</width>
		<height>720</height>
		<depth>3</depth>
	</size>
	<object>
		<name>fire</name>
		<pose>Unspecified</pose>
		<truncated>Unspecified</truncated>
		<difficult>Unspecified</difficult>
		<bndbox>
			<xmin>255</xmin>
			<ymin>286</ymin>
			<xmax>378</xmax>
			<ymax>392</ymax>
		</bndbox>
	</object>
	<object>
		<name>fire</name>
		<pose>Unspecified</pose>
		<truncated>Unspecified</truncated>
		<difficult>Unspecified</difficult>
		<bndbox>
			<xmin>500</xmin>
			<ymin>371</ymin>
			<xmax>532</xmax>
			<ymax>411</ymax>
		</bndbox>
	</object>
	<object>
		<name>fire</name>
		<pose>Unspecified</pose>
		<truncated>Unspecified</truncated>
		<difficult>Unspecified</difficult>
		<bndbox>
			<xmin>842</xmin>
			<ymin>369</ymin>
			<xmax>904</xmax>
			<ymax>430</ymax>
		</bndbox>
	</object>
	<object>
		<name>fire</name>
		<pose>Unspecified</pose>
		<truncated>Unspecified</truncated>
		<difficult>Unspecified</difficult>
		<bndbox>
			<xmin>912</xmin>
			<ymin>330</ymin>
			<xmax>980</xmax>
			<ymax>409</ymax>
		</bndbox>
	</object>
	<object>
		<name>fire</name>
		<pose>Unspecified</pose>
		<truncated>Unspecified</truncated>
		<difficult>Unspecified</difficult>
		<bndbox>
			<xmin>689</xmin>
			<ymin>400</ymin>
			<xmax>768</xmax>
			<ymax>434</ymax>
		</bndbox>
	</object>
</annotation>