<annotation>
	<folder>my-project-name</folder>
	<filename>fire.689.png</filename>
	<path>/my-project-name/fire.689.png</path>
	<source>
		<database>Unspecified</database>
	</source>
	<size>
		<width>640</width>
		<height>360</height>
		<depth>3</depth>
	</size>
	<object>
		<name>fire</name>
		<pose>Unspecified</pose>
		<truncated>Unspecified</truncated>
		<difficult>Unspecified</difficult>
		<bndbox>
			<xmin>432</xmin>
			<ymin>80</ymin>
			<xmax>498</xmax>
			<ymax>124</ymax>
		</bndbox>
	</object>
	<object>
		<name>fire</name>
		<pose>Unspecified</pose>
		<truncated>Unspecified</truncated>
		<difficult>Unspecified</difficult>
		<bndbox>
			<xmin>254</xmin>
			<ymin>80</ymin>
			<xmax>377</xmax>
			<ymax>208</ymax>
		</bndbox>
	</object>
	<object>
		<name>fire</name>
		<pose>Unspecified</pose>
		<truncated>Unspecified</truncated>
		<difficult>Unspecified</difficult>
		<bndbox>
			<xmin>138</xmin>
			<ymin>101</ymin>
			<xmax>285</xmax>
			<ymax>248</ymax>
		</bndbox>
	</object>
	<object>
		<name>fire</name>
		<pose>Unspecified</pose>
		<truncated>Unspecified</truncated>
		<difficult>Unspecified</difficult>
		<bndbox>
			<xmin>536</xmin>
			<ymin>245</ymin>
			<xmax>556</xmax>
			<ymax>266</ymax>
		</bndbox>
	</object>
</annotation>