<annotation>
	<folder>my-project-name</folder>
	<filename>fire.691.png</filename>
	<path>/my-project-name/fire.691.png</path>
	<source>
		<database>Unspecified</database>
	</source>
	<size>
		<width>2500</width>
		<height>1667</height>
		<depth>3</depth>
	</size>
	<object>
		<name>fire</name>
		<pose>Unspecified</pose>
		<truncated>Unspecified</truncated>
		<difficult>Unspecified</difficult>
		<bndbox>
			<xmin>2190</xmin>
			<ymin>1213</ymin>
			<xmax>2478</xmax>
			<ymax>1475</ymax>
		</bndbox>
	</object>
	<object>
		<name>fire</name>
		<pose>Unspecified</pose>
		<truncated>Unspecified</truncated>
		<difficult>Unspecified</difficult>
		<bndbox>
			<xmin>2238</xmin>
			<ymin>1608</ymin>
			<xmax>2364</xmax>
			<ymax>1667</ymax>
		</bndbox>
	</object>
	<object>
		<name>fire</name>
		<pose>Unspecified</pose>
		<truncated>Unspecified</truncated>
		<difficult>Unspecified</difficult>
		<bndbox>
			<xmin>2050</xmin>
			<ymin>1471</ymin>
			<xmax>2135</xmax>
			<ymax>1553</ymax>
		</bndbox>
	</object>
	<object>
		<name>fire</name>
		<pose>Unspecified</pose>
		<truncated>Unspecified</truncated>
		<difficult>Unspecified</difficult>
		<bndbox>
			<xmin>1021</xmin>
			<ymin>1309</ymin>
			<xmax>1272</xmax>
			<ymax>1560</ymax>
		</bndbox>
	</object>
	<object>
		<name>fire</name>
		<pose>Unspecified</pose>
		<truncated>Unspecified</truncated>
		<difficult>Unspecified</difficult>
		<bndbox>
			<xmin>1648</xmin>
			<ymin>0</ymin>
			<xmax>2268</xmax>
			<ymax>1302</ymax>
		</bndbox>
	</object>
	<object>
		<name>fire</name>
		<pose>Unspecified</pose>
		<truncated>Unspecified</truncated>
		<difficult>Unspecified</difficult>
		<bndbox>
			<xmin>1139</xmin>
			<ymin>284</ymin>
			<xmax>1711</xmax>
			<ymax>1010</ymax>
		</bndbox>
	</object>
	<object>
		<name>fire</name>
		<pose>Unspecified</pose>
		<truncated>Unspecified</truncated>
		<difficult>Unspecified</difficult>
		<bndbox>
			<xmin>0</xmin>
			<ymin>314</ymin>
			<xmax>660</xmax>
			<ymax>1040</ymax>
		</bndbox>
	</object>
	<object>
		<name>fire</name>
		<pose>Unspecified</pose>
		<truncated>Unspecified</truncated>
		<difficult>Unspecified</difficult>
		<bndbox>
			<xmin>940</xmin>
			<ymin>841</ymin>
			<xmax>1007</xmax>
			<ymax>922</ymax>
		</bndbox>
	</object>
	<object>
		<name>fire</name>
		<pose>Unspecified</pose>
		<truncated>Unspecified</truncated>
		<difficult>Unspecified</difficult>
		<bndbox>
			<xmin>955</xmin>
			<ymin>693</ymin>
			<xmax>1044</xmax>
			<ymax>782</ymax>
		</bndbox>
	</object>
	<object>
		<name>fire</name>
		<pose>Unspecified</pose>
		<truncated>Unspecified</truncated>
		<difficult>Unspecified</difficult>
		<bndbox>
			<xmin>749</xmin>
			<ymin>605</ymin>
			<xmax>822</xmax>
			<ymax>704</ymax>
		</bndbox>
	</object>
	<object>
		<name>fire</name>
		<pose>Unspecified</pose>
		<truncated>Unspecified</truncated>
		<difficult>Unspecified</difficult>
		<bndbox>
			<xmin>900</xmin>
			<ymin>509</ymin>
			<xmax>959</xmax>
			<ymax>594</ymax>
		</bndbox>
	</object>
	<object>
		<name>fire</name>
		<pose>Unspecified</pose>
		<truncated>Unspecified</truncated>
		<difficult>Unspecified</difficult>
		<bndbox>
			<xmin>1563</xmin>
			<ymin>1398</ymin>
			<xmax>1589</xmax>
			<ymax>1435</ymax>
		</bndbox>
	</object>
	<object>
		<name>fire</name>
		<pose>Unspecified</pose>
		<truncated>Unspecified</truncated>
		<difficult>Unspecified</difficult>
		<bndbox>
			<xmin>2017</xmin>
			<ymin>1339</ymin>
			<xmax>2131</xmax>
			<ymax>1423</ymax>
		</bndbox>
	</object>
	<object>
		<name>fire</name>
		<pose>Unspecified</pose>
		<truncated>Unspecified</truncated>
		<difficult>Unspecified</difficult>
		<bndbox>
			<xmin>1844</xmin>
			<ymin>1619</ymin>
			<xmax>1892</xmax>
			<ymax>1667</ymax>
		</bndbox>
	</object>
	<object>
		<name>fire</name>
		<pose>Unspecified</pose>
		<truncated>Unspecified</truncated>
		<difficult>Unspecified</difficult>
		<bndbox>
			<xmin>704</xmin>
			<ymin>1409</ymin>
			<xmax>760</xmax>
			<ymax>1486</ymax>
		</bndbox>
	</object>
</annotation>