<annotation>
	<folder>my-project-name</folder>
	<filename>fire.646.png</filename>
	<path>/my-project-name/fire.646.png</path>
	<source>
		<database>Unspecified</database>
	</source>
	<size>
		<width>800</width>
		<height>513</height>
		<depth>3</depth>
	</size>
	<object>
		<name>fire</name>
		<pose>Unspecified</pose>
		<truncated>Unspecified</truncated>
		<difficult>Unspecified</difficult>
		<bndbox>
			<xmin>91</xmin>
			<ymin>10</ymin>
			<xmax>779</xmax>
			<ymax>304</ymax>
		</bndbox>
	</object>
</annotation>