<annotation>
	<folder>my-project-name</folder>
	<filename>fireBig1877.jpg</filename>
	<path>/my-project-name/fireBig1877.jpg</path>
	<source>
		<database>Unspecified</database>
	</source>
	<size>
		<width>1280</width>
		<height>720</height>
		<depth>3</depth>
	</size>
	<object>
		<name>fire</name>
		<pose>Unspecified</pose>
		<truncated>Unspecified</truncated>
		<difficult>Unspecified</difficult>
		<bndbox>
			<xmin>627</xmin>
			<ymin>226</ymin>
			<xmax>704</xmax>
			<ymax>247</ymax>
		</bndbox>
	</object>
	<object>
		<name>fire</name>
		<pose>Unspecified</pose>
		<truncated>Unspecified</truncated>
		<difficult>Unspecified</difficult>
		<bndbox>
			<xmin>789</xmin>
			<ymin>388</ymin>
			<xmax>814</xmax>
			<ymax>415</ymax>
		</bndbox>
	</object>
	<object>
		<name>fire</name>
		<pose>Unspecified</pose>
		<truncated>Unspecified</truncated>
		<difficult>Unspecified</difficult>
		<bndbox>
			<xmin>1150</xmin>
			<ymin>488</ymin>
			<xmax>1231</xmax>
			<ymax>543</ymax>
		</bndbox>
	</object>
	<object>
		<name>fire</name>
		<pose>Unspecified</pose>
		<truncated>Unspecified</truncated>
		<difficult>Unspecified</difficult>
		<bndbox>
			<xmin>910</xmin>
			<ymin>551</ymin>
			<xmax>938</xmax>
			<ymax>592</ymax>
		</bndbox>
	</object>
	<object>
		<name>fire</name>
		<pose>Unspecified</pose>
		<truncated>Unspecified</truncated>
		<difficult>Unspecified</difficult>
		<bndbox>
			<xmin>882</xmin>
			<ymin>443</ymin>
			<xmax>953</xmax>
			<ymax>490</ymax>
		</bndbox>
	</object>
	<object>
		<name>fire</name>
		<pose>Unspecified</pose>
		<truncated>Unspecified</truncated>
		<difficult>Unspecified</difficult>
		<bndbox>
			<xmin>455</xmin>
			<ymin>288</ymin>
			<xmax>734</xmax>
			<ymax>443</ymax>
		</bndbox>
	</object>
	<object>
		<name>fire</name>
		<pose>Unspecified</pose>
		<truncated>Unspecified</truncated>
		<difficult>Unspecified</difficult>
		<bndbox>
			<xmin>738</xmin>
			<ymin>218</ymin>
			<xmax>785</xmax>
			<ymax>264</ymax>
		</bndbox>
	</object>
	<object>
		<name>smoke</name>
		<pose>Unspecified</pose>
		<truncated>Unspecified</truncated>
		<difficult>Unspecified</difficult>
		<bndbox>
			<xmin>695</xmin>
			<ymin>11</ymin>
			<xmax>1023</xmax>
			<ymax>181</ymax>
		</bndbox>
	</object>
</annotation>