<annotation>
	<folder>my-project-name</folder>
	<filename>fire.653.png</filename>
	<path>/my-project-name/fire.653.png</path>
	<source>
		<database>Unspecified</database>
	</source>
	<size>
		<width>870</width>
		<height>290</height>
		<depth>3</depth>
	</size>
	<object>
		<name>fire</name>
		<pose>Unspecified</pose>
		<truncated>Unspecified</truncated>
		<difficult>Unspecified</difficult>
		<bndbox>
			<xmin>426</xmin>
			<ymin>15</ymin>
			<xmax>498</xmax>
			<ymax>109</ymax>
		</bndbox>
	</object>
	<object>
		<name>fire</name>
		<pose>Unspecified</pose>
		<truncated>Unspecified</truncated>
		<difficult>Unspecified</difficult>
		<bndbox>
			<xmin>362</xmin>
			<ymin>12</ymin>
			<xmax>416</xmax>
			<ymax>73</ymax>
		</bndbox>
	</object>
	<object>
		<name>fire</name>
		<pose>Unspecified</pose>
		<truncated>Unspecified</truncated>
		<difficult>Unspecified</difficult>
		<bndbox>
			<xmin>435</xmin>
			<ymin>110</ymin>
			<xmax>654</xmax>
			<ymax>271</ymax>
		</bndbox>
	</object>
	<object>
		<name>smoke</name>
		<pose>Unspecified</pose>
		<truncated>Unspecified</truncated>
		<difficult>Unspecified</difficult>
		<bndbox>
			<xmin>540</xmin>
			<ymin>5</ymin>
			<xmax>834</xmax>
			<ymax>85</ymax>
		</bndbox>
	</object>
</annotation>