<annotation>
	<folder>my-project-name</folder>
	<filename>fireBig1115.jpg</filename>
	<path>/my-project-name/fireBig1115.jpg</path>
	<source>
		<database>Unspecified</database>
	</source>
	<size>
		<width>1280</width>
		<height>720</height>
		<depth>3</depth>
	</size>
	<object>
		<name>fire</name>
		<pose>Unspecified</pose>
		<truncated>Unspecified</truncated>
		<difficult>Unspecified</difficult>
		<bndbox>
			<xmin>315</xmin>
			<ymin>284</ymin>
			<xmax>410</xmax>
			<ymax>368</ymax>
		</bndbox>
	</object>
	<object>
		<name>fire</name>
		<pose>Unspecified</pose>
		<truncated>Unspecified</truncated>
		<difficult>Unspecified</difficult>
		<bndbox>
			<xmin>471</xmin>
			<ymin>352</ymin>
			<xmax>487</xmax>
			<ymax>376</ymax>
		</bndbox>
	</object>
	<object>
		<name>fire</name>
		<pose>Unspecified</pose>
		<truncated>Unspecified</truncated>
		<difficult>Unspecified</difficult>
		<bndbox>
			<xmin>479</xmin>
			<ymin>342</ymin>
			<xmax>506</xmax>
			<ymax>370</ymax>
		</bndbox>
	</object>
	<object>
		<name>fire</name>
		<pose>Unspecified</pose>
		<truncated>Unspecified</truncated>
		<difficult>Unspecified</difficult>
		<bndbox>
			<xmin>568</xmin>
			<ymin>346</ymin>
			<xmax>607</xmax>
			<ymax>375</ymax>
		</bndbox>
	</object>
	<object>
		<name>fire</name>
		<pose>Unspecified</pose>
		<truncated>Unspecified</truncated>
		<difficult>Unspecified</difficult>
		<bndbox>
			<xmin>1001</xmin>
			<ymin>286</ymin>
			<xmax>1064</xmax>
			<ymax>367</ymax>
		</bndbox>
	</object>
	<object>
		<name>fire</name>
		<pose>Unspecified</pose>
		<truncated>Unspecified</truncated>
		<difficult>Unspecified</difficult>
		<bndbox>
			<xmin>896</xmin>
			<ymin>341</ymin>
			<xmax>982</xmax>
			<ymax>394</ymax>
		</bndbox>
	</object>
	<object>
		<name>fire</name>
		<pose>Unspecified</pose>
		<truncated>Unspecified</truncated>
		<difficult>Unspecified</difficult>
		<bndbox>
			<xmin>789</xmin>
			<ymin>339</ymin>
			<xmax>816</xmax>
			<ymax>359</ymax>
		</bndbox>
	</object>
	<object>
		<name>fire</name>
		<pose>Unspecified</pose>
		<truncated>Unspecified</truncated>
		<difficult>Unspecified</difficult>
		<bndbox>
			<xmin>706</xmin>
			<ymin>334</ymin>
			<xmax>734</xmax>
			<ymax>357</ymax>
		</bndbox>
	</object>
</annotation>