<annotation>
	<folder>my-project-name</folder>
	<filename>fireBig1866.jpg</filename>
	<path>/my-project-name/fireBig1866.jpg</path>
	<source>
		<database>Unspecified</database>
	</source>
	<size>
		<width>1280</width>
		<height>720</height>
		<depth>3</depth>
	</size>
	<object>
		<name>fire</name>
		<pose>Unspecified</pose>
		<truncated>Unspecified</truncated>
		<difficult>Unspecified</difficult>
		<bndbox>
			<xmin>268</xmin>
			<ymin>0</ymin>
			<xmax>1010</xmax>
			<ymax>373</ymax>
		</bndbox>
	</object>
	<object>
		<name>smoke</name>
		<pose>Unspecified</pose>
		<truncated>Unspecified</truncated>
		<difficult>Unspecified</difficult>
		<bndbox>
			<xmin>736</xmin>
			<ymin>451</ymin>
			<xmax>816</xmax>
			<ymax>488</ymax>
		</bndbox>
	</object>
</annotation>