<annotation>
	<folder>my-project-name</folder>
	<filename>fire.661.png</filename>
	<path>/my-project-name/fire.661.png</path>
	<source>
		<database>Unspecified</database>
	</source>
	<size>
		<width>1023</width>
		<height>575</height>
		<depth>3</depth>
	</size>
	<object>
		<name>fire</name>
		<pose>Unspecified</pose>
		<truncated>Unspecified</truncated>
		<difficult>Unspecified</difficult>
		<bndbox>
			<xmin>966</xmin>
			<ymin>265</ymin>
			<xmax>1014</xmax>
			<ymax>316</ymax>
		</bndbox>
	</object>
	<object>
		<name>fire</name>
		<pose>Unspecified</pose>
		<truncated>Unspecified</truncated>
		<difficult>Unspecified</difficult>
		<bndbox>
			<xmin>795</xmin>
			<ymin>146</ymin>
			<xmax>1000</xmax>
			<ymax>251</ymax>
		</bndbox>
	</object>
	<object>
		<name>fire</name>
		<pose>Unspecified</pose>
		<truncated>Unspecified</truncated>
		<difficult>Unspecified</difficult>
		<bndbox>
			<xmin>715</xmin>
			<ymin>94</ymin>
			<xmax>898</xmax>
			<ymax>233</ymax>
		</bndbox>
	</object>
</annotation>