<annotation>
	<folder>my-project-name</folder>
	<filename>fireBig1852.jpg</filename>
	<path>/my-project-name/fireBig1852.jpg</path>
	<source>
		<database>Unspecified</database>
	</source>
	<size>
		<width>1280</width>
		<height>720</height>
		<depth>3</depth>
	</size>
	<object>
		<name>fire</name>
		<pose>Unspecified</pose>
		<truncated>Unspecified</truncated>
		<difficult>Unspecified</difficult>
		<bndbox>
			<xmin>726</xmin>
			<ymin>255</ymin>
			<xmax>790</xmax>
			<ymax>283</ymax>
		</bndbox>
	</object>
	<object>
		<name>fire</name>
		<pose>Unspecified</pose>
		<truncated>Unspecified</truncated>
		<difficult>Unspecified</difficult>
		<bndbox>
			<xmin>537</xmin>
			<ymin>424</ymin>
			<xmax>588</xmax>
			<ymax>449</ymax>
		</bndbox>
	</object>
	<object>
		<name>fire</name>
		<pose>Unspecified</pose>
		<truncated>Unspecified</truncated>
		<difficult>Unspecified</difficult>
		<bndbox>
			<xmin>705</xmin>
			<ymin>317</ymin>
			<xmax>736</xmax>
			<ymax>339</ymax>
		</bndbox>
	</object>
	<object>
		<name>fire</name>
		<pose>Unspecified</pose>
		<truncated>Unspecified</truncated>
		<difficult>Unspecified</difficult>
		<bndbox>
			<xmin>678</xmin>
			<ymin>327</ymin>
			<xmax>695</xmax>
			<ymax>341</ymax>
		</bndbox>
	</object>
	<object>
		<name>smoke</name>
		<pose>Unspecified</pose>
		<truncated>Unspecified</truncated>
		<difficult>Unspecified</difficult>
		<bndbox>
			<xmin>299</xmin>
			<ymin>0</ymin>
			<xmax>672</xmax>
			<ymax>256</ymax>
		</bndbox>
	</object>
</annotation>