<annotation>
	<folder>my-project-name</folder>
	<filename>fire.643.png</filename>
	<path>/my-project-name/fire.643.png</path>
	<source>
		<database>Unspecified</database>
	</source>
	<size>
		<width>720</width>
		<height>405</height>
		<depth>3</depth>
	</size>
	<object>
		<name>smoke</name>
		<pose>Unspecified</pose>
		<truncated>Unspecified</truncated>
		<difficult>Unspecified</difficult>
		<bndbox>
			<xmin>253</xmin>
			<ymin>0</ymin>
			<xmax>483</xmax>
			<ymax>186</ymax>
		</bndbox>
	</object>
	<object>
		<name>fire</name>
		<pose>Unspecified</pose>
		<truncated>Unspecified</truncated>
		<difficult>Unspecified</difficult>
		<bndbox>
			<xmin>145</xmin>
			<ymin>114</ymin>
			<xmax>250</xmax>
			<ymax>251</ymax>
		</bndbox>
	</object>
</annotation>