<annotation>
	<folder>my-project-name</folder>
	<filename>fire.640.png</filename>
	<path>/my-project-name/fire.640.png</path>
	<source>
		<database>Unspecified</database>
	</source>
	<size>
		<width>3200</width>
		<height>1680</height>
		<depth>3</depth>
	</size>
	<object>
		<name>fire</name>
		<pose>Unspecified</pose>
		<truncated>Unspecified</truncated>
		<difficult>Unspecified</difficult>
		<bndbox>
			<xmin>2308</xmin>
			<ymin>576</ymin>
			<xmax>3200</xmax>
			<ymax>868</ymax>
		</bndbox>
	</object>
	<object>
		<name>fire</name>
		<pose>Unspecified</pose>
		<truncated>Unspecified</truncated>
		<difficult>Unspecified</difficult>
		<bndbox>
			<xmin>2827</xmin>
			<ymin>849</ymin>
			<xmax>2997</xmax>
			<ymax>1137</ymax>
		</bndbox>
	</object>
	<object>
		<name>fire</name>
		<pose>Unspecified</pose>
		<truncated>Unspecified</truncated>
		<difficult>Unspecified</difficult>
		<bndbox>
			<xmin>1784</xmin>
			<ymin>920</ymin>
			<xmax>2808</xmax>
			<ymax>1203</ymax>
		</bndbox>
	</object>
	<object>
		<name>fire</name>
		<pose>Unspecified</pose>
		<truncated>Unspecified</truncated>
		<difficult>Unspecified</difficult>
		<bndbox>
			<xmin>1968</xmin>
			<ymin>746</ymin>
			<xmax>2147</xmax>
			<ymax>911</ymax>
		</bndbox>
	</object>
	<object>
		<name>fire</name>
		<pose>Unspecified</pose>
		<truncated>Unspecified</truncated>
		<difficult>Unspecified</difficult>
		<bndbox>
			<xmin>901</xmin>
			<ymin>736</ymin>
			<xmax>1737</xmax>
			<ymax>1152</ymax>
		</bndbox>
	</object>
	<object>
		<name>fire</name>
		<pose>Unspecified</pose>
		<truncated>Unspecified</truncated>
		<difficult>Unspecified</difficult>
		<bndbox>
			<xmin>571</xmin>
			<ymin>680</ymin>
			<xmax>850</xmax>
			<ymax>925</ymax>
		</bndbox>
	</object>
</annotation>