<annotation>
	<folder>my-project-name</folder>
	<filename>fireBig1875.jpg</filename>
	<path>/my-project-name/fireBig1875.jpg</path>
	<source>
		<database>Unspecified</database>
	</source>
	<size>
		<width>1280</width>
		<height>720</height>
		<depth>3</depth>
	</size>
	<object>
		<name>fire</name>
		<pose>Unspecified</pose>
		<truncated>Unspecified</truncated>
		<difficult>Unspecified</difficult>
		<bndbox>
			<xmin>542</xmin>
			<ymin>200</ymin>
			<xmax>757</xmax>
			<ymax>262</ymax>
		</bndbox>
	</object>
	<object>
		<name>fire</name>
		<pose>Unspecified</pose>
		<truncated>Unspecified</truncated>
		<difficult>Unspecified</difficult>
		<bndbox>
			<xmin>559</xmin>
			<ymin>281</ymin>
			<xmax>776</xmax>
			<ymax>386</ymax>
		</bndbox>
	</object>
	<object>
		<name>fire</name>
		<pose>Unspecified</pose>
		<truncated>Unspecified</truncated>
		<difficult>Unspecified</difficult>
		<bndbox>
			<xmin>814</xmin>
			<ymin>366</ymin>
			<xmax>855</xmax>
			<ymax>405</ymax>
		</bndbox>
	</object>
	<object>
		<name>smoke</name>
		<pose>Unspecified</pose>
		<truncated>Unspecified</truncated>
		<difficult>Unspecified</difficult>
		<bndbox>
			<xmin>749</xmin>
			<ymin>0</ymin>
			<xmax>953</xmax>
			<ymax>249</ymax>
		</bndbox>
	</object>
	<object>
		<name>fire</name>
		<pose>Unspecified</pose>
		<truncated>Unspecified</truncated>
		<difficult>Unspecified</difficult>
		<bndbox>
			<xmin>1125</xmin>
			<ymin>458</ymin>
			<xmax>1242</xmax>
			<ymax>530</ymax>
		</bndbox>
	</object>
	<object>
		<name>fire</name>
		<pose>Unspecified</pose>
		<truncated>Unspecified</truncated>
		<difficult>Unspecified</difficult>
		<bndbox>
			<xmin>901</xmin>
			<ymin>426</ymin>
			<xmax>948</xmax>
			<ymax>466</ymax>
		</bndbox>
	</object>
	<object>
		<name>fire</name>
		<pose>Unspecified</pose>
		<truncated>Unspecified</truncated>
		<difficult>Unspecified</difficult>
		<bndbox>
			<xmin>868</xmin>
			<ymin>522</ymin>
			<xmax>914</xmax>
			<ymax>551</ymax>
		</bndbox>
	</object>
</annotation>