<annotation>
	<folder>my-project-name</folder>
	<filename>fireBig1106.jpg</filename>
	<path>/my-project-name/fireBig1106.jpg</path>
	<source>
		<database>Unspecified</database>
	</source>
	<size>
		<width>1280</width>
		<height>720</height>
		<depth>3</depth>
	</size>
	<object>
		<name>fire</name>
		<pose>Unspecified</pose>
		<truncated>Unspecified</truncated>
		<difficult>Unspecified</difficult>
		<bndbox>
			<xmin>1035</xmin>
			<ymin>345</ymin>
			<xmax>1123</xmax>
			<ymax>466</ymax>
		</bndbox>
	</object>
	<object>
		<name>fire</name>
		<pose>Unspecified</pose>
		<truncated>Unspecified</truncated>
		<difficult>Unspecified</difficult>
		<bndbox>
			<xmin>935</xmin>
			<ymin>434</ymin>
			<xmax>959</xmax>
			<ymax>466</ymax>
		</bndbox>
	</object>
	<object>
		<name>fire</name>
		<pose>Unspecified</pose>
		<truncated>Unspecified</truncated>
		<difficult>Unspecified</difficult>
		<bndbox>
			<xmin>895</xmin>
			<ymin>432</ymin>
			<xmax>938</xmax>
			<ymax>475</ymax>
		</bndbox>
	</object>
	<object>
		<name>fire</name>
		<pose>Unspecified</pose>
		<truncated>Unspecified</truncated>
		<difficult>Unspecified</difficult>
		<bndbox>
			<xmin>838</xmin>
			<ymin>409</ymin>
			<xmax>876</xmax>
			<ymax>430</ymax>
		</bndbox>
	</object>
	<object>
		<name>fire</name>
		<pose>Unspecified</pose>
		<truncated>Unspecified</truncated>
		<difficult>Unspecified</difficult>
		<bndbox>
			<xmin>555</xmin>
			<ymin>403</ymin>
			<xmax>600</xmax>
			<ymax>443</ymax>
		</bndbox>
	</object>
	<object>
		<name>fire</name>
		<pose>Unspecified</pose>
		<truncated>Unspecified</truncated>
		<difficult>Unspecified</difficult>
		<bndbox>
			<xmin>389</xmin>
			<ymin>351</ymin>
			<xmax>531</xmax>
			<ymax>447</ymax>
		</bndbox>
	</object>
</annotation>