<annotation>
	<folder>my-project-name</folder>
	<filename>fire.662.png</filename>
	<path>/my-project-name/fire.662.png</path>
	<source>
		<database>Unspecified</database>
	</source>
	<size>
		<width>848</width>
		<height>480</height>
		<depth>3</depth>
	</size>
	<object>
		<name>fire</name>
		<pose>Unspecified</pose>
		<truncated>Unspecified</truncated>
		<difficult>Unspecified</difficult>
		<bndbox>
			<xmin>524</xmin>
			<ymin>290</ymin>
			<xmax>568</xmax>
			<ymax>335</ymax>
		</bndbox>
	</object>
	<object>
		<name>fire</name>
		<pose>Unspecified</pose>
		<truncated>Unspecified</truncated>
		<difficult>Unspecified</difficult>
		<bndbox>
			<xmin>722</xmin>
			<ymin>295</ymin>
			<xmax>749</xmax>
			<ymax>346</ymax>
		</bndbox>
	</object>
	<object>
		<name>smoke</name>
		<pose>Unspecified</pose>
		<truncated>Unspecified</truncated>
		<difficult>Unspecified</difficult>
		<bndbox>
			<xmin>75</xmin>
			<ymin>32</ymin>
			<xmax>848</xmax>
			<ymax>283</ymax>
		</bndbox>
	</object>
</annotation>