<annotation>
	<folder>my-project-name</folder>
	<filename>fireBig1068.jpg</filename>
	<path>/my-project-name/fireBig1068.jpg</path>
	<source>
		<database>Unspecified</database>
	</source>
	<size>
		<width>1280</width>
		<height>720</height>
		<depth>3</depth>
	</size>
	<object>
		<name>fire</name>
		<pose>Unspecified</pose>
		<truncated>Unspecified</truncated>
		<difficult>Unspecified</difficult>
		<bndbox>
			<xmin>959</xmin>
			<ymin>173</ymin>
			<xmax>1280</xmax>
			<ymax>271</ymax>
		</bndbox>
	</object>
	<object>
		<name>fire</name>
		<pose>Unspecified</pose>
		<truncated>Unspecified</truncated>
		<difficult>Unspecified</difficult>
		<bndbox>
			<xmin>729</xmin>
			<ymin>48</ymin>
			<xmax>970</xmax>
			<ymax>564</ymax>
		</bndbox>
	</object>
	<object>
		<name>fire</name>
		<pose>Unspecified</pose>
		<truncated>Unspecified</truncated>
		<difficult>Unspecified</difficult>
		<bndbox>
			<xmin>549</xmin>
			<ymin>235</ymin>
			<xmax>729</xmax>
			<ymax>479</ymax>
		</bndbox>
	</object>
	<object>
		<name>fire</name>
		<pose>Unspecified</pose>
		<truncated>Unspecified</truncated>
		<difficult>Unspecified</difficult>
		<bndbox>
			<xmin>1070</xmin>
			<ymin>443</ymin>
			<xmax>1133</xmax>
			<ymax>513</ymax>
		</bndbox>
	</object>
	<object>
		<name>fire</name>
		<pose>Unspecified</pose>
		<truncated>Unspecified</truncated>
		<difficult>Unspecified</difficult>
		<bndbox>
			<xmin>1108</xmin>
			<ymin>307</ymin>
			<xmax>1142</xmax>
			<ymax>337</ymax>
		</bndbox>
	</object>
</annotation>