<annotation>
	<folder>my-project-name</folder>
	<filename>fire.719.png</filename>
	<path>/my-project-name/fire.719.png</path>
	<source>
		<database>Unspecified</database>
	</source>
	<size>
		<width>2048</width>
		<height>1242</height>
		<depth>3</depth>
	</size>
	<object>
		<name>smoke</name>
		<pose>Unspecified</pose>
		<truncated>Unspecified</truncated>
		<difficult>Unspecified</difficult>
		<bndbox>
			<xmin>773</xmin>
			<ymin>0</ymin>
			<xmax>1997</xmax>
			<ymax>609</ymax>
		</bndbox>
	</object>
	<object>
		<name>smoke</name>
		<pose>Unspecified</pose>
		<truncated>Unspecified</truncated>
		<difficult>Unspecified</difficult>
		<bndbox>
			<xmin>311</xmin>
			<ymin>0</ymin>
			<xmax>559</xmax>
			<ymax>153</ymax>
		</bndbox>
	</object>
	<object>
		<name>fire</name>
		<pose>Unspecified</pose>
		<truncated>Unspecified</truncated>
		<difficult>Unspecified</difficult>
		<bndbox>
			<xmin>1386</xmin>
			<ymin>561</ymin>
			<xmax>1779</xmax>
			<ymax>811</ymax>
		</bndbox>
	</object>
	<object>
		<name>fire</name>
		<pose>Unspecified</pose>
		<truncated>Unspecified</truncated>
		<difficult>Unspecified</difficult>
		<bndbox>
			<xmin>985</xmin>
			<ymin>591</ymin>
			<xmax>1208</xmax>
			<ymax>790</ymax>
		</bndbox>
	</object>
	<object>
		<name>fire</name>
		<pose>Unspecified</pose>
		<truncated>Unspecified</truncated>
		<difficult>Unspecified</difficult>
		<bndbox>
			<xmin>674</xmin>
			<ymin>597</ymin>
			<xmax>803</xmax>
			<ymax>772</ymax>
		</bndbox>
	</object>
	<object>
		<name>fire</name>
		<pose>Unspecified</pose>
		<truncated>Unspecified</truncated>
		<difficult>Unspecified</difficult>
		<bndbox>
			<xmin>369</xmin>
			<ymin>458</ymin>
			<xmax>695</xmax>
			<ymax>657</ymax>
		</bndbox>
	</object>
	<object>
		<name>fire</name>
		<pose>Unspecified</pose>
		<truncated>Unspecified</truncated>
		<difficult>Unspecified</difficult>
		<bndbox>
			<xmin>0</xmin>
			<ymin>283</ymin>
			<xmax>254</xmax>
			<ymax>624</ymax>
		</bndbox>
	</object>
</annotation>