<annotation>
	<folder>my-project-name</folder>
	<filename>fireBig1082.jpg</filename>
	<path>/my-project-name/fireBig1082.jpg</path>
	<source>
		<database>Unspecified</database>
	</source>
	<size>
		<width>1280</width>
		<height>720</height>
		<depth>3</depth>
	</size>
	<object>
		<name>fire</name>
		<pose>Unspecified</pose>
		<truncated>Unspecified</truncated>
		<difficult>Unspecified</difficult>
		<bndbox>
			<xmin>631</xmin>
			<ymin>3</ymin>
			<xmax>1040</xmax>
			<ymax>492</ymax>
		</bndbox>
	</object>
	<object>
		<name>fire</name>
		<pose>Unspecified</pose>
		<truncated>Unspecified</truncated>
		<difficult>Unspecified</difficult>
		<bndbox>
			<xmin>1084</xmin>
			<ymin>266</ymin>
			<xmax>1165</xmax>
			<ymax>322</ymax>
		</bndbox>
	</object>
	<object>
		<name>fire</name>
		<pose>Unspecified</pose>
		<truncated>Unspecified</truncated>
		<difficult>Unspecified</difficult>
		<bndbox>
			<xmin>1146</xmin>
			<ymin>422</ymin>
			<xmax>1180</xmax>
			<ymax>475</ymax>
		</bndbox>
	</object>
	<object>
		<name>fire</name>
		<pose>Unspecified</pose>
		<truncated>Unspecified</truncated>
		<difficult>Unspecified</difficult>
		<bndbox>
			<xmin>1044</xmin>
			<ymin>150</ymin>
			<xmax>1199</xmax>
			<ymax>215</ymax>
		</bndbox>
	</object>
</annotation>