<annotation>
	<folder>my-project-name</folder>
	<filename>fireBig1853.jpg</filename>
	<path>/my-project-name/fireBig1853.jpg</path>
	<source>
		<database>Unspecified</database>
	</source>
	<size>
		<width>1280</width>
		<height>720</height>
		<depth>3</depth>
	</size>
	<object>
		<name>smoke</name>
		<pose>Unspecified</pose>
		<truncated>Unspecified</truncated>
		<difficult>Unspecified</difficult>
		<bndbox>
			<xmin>293</xmin>
			<ymin>0</ymin>
			<xmax>672</xmax>
			<ymax>215</ymax>
		</bndbox>
	</object>
	<object>
		<name>fire</name>
		<pose>Unspecified</pose>
		<truncated>Unspecified</truncated>
		<difficult>Unspecified</difficult>
		<bndbox>
			<xmin>687</xmin>
			<ymin>256</ymin>
			<xmax>731</xmax>
			<ymax>273</ymax>
		</bndbox>
	</object>
</annotation>