<annotation>
	<folder>my-project-name</folder>
	<filename>fire.717.png</filename>
	<path>/my-project-name/fire.717.png</path>
	<source>
		<database>Unspecified</database>
	</source>
	<size>
		<width>1484</width>
		<height>990</height>
		<depth>3</depth>
	</size>
	<object>
		<name>fire</name>
		<pose>Unspecified</pose>
		<truncated>Unspecified</truncated>
		<difficult>Unspecified</difficult>
		<bndbox>
			<xmin>245</xmin>
			<ymin>0</ymin>
			<xmax>1265</xmax>
			<ymax>990</ymax>
		</bndbox>
	</object>
	<object>
		<name>fire</name>
		<pose>Unspecified</pose>
		<truncated>Unspecified</truncated>
		<difficult>Unspecified</difficult>
		<bndbox>
			<xmin>1410</xmin>
			<ymin>957</ymin>
			<xmax>1471</xmax>
			<ymax>990</ymax>
		</bndbox>
	</object>
</annotation>