<annotation>
	<folder>my-project-name</folder>
	<filename>fireBig1057.jpg</filename>
	<path>/my-project-name/fireBig1057.jpg</path>
	<source>
		<database>Unspecified</database>
	</source>
	<size>
		<width>1280</width>
		<height>720</height>
		<depth>3</depth>
	</size>
	<object>
		<name>fire</name>
		<pose>Unspecified</pose>
		<truncated>Unspecified</truncated>
		<difficult>Unspecified</difficult>
		<bndbox>
			<xmin>921</xmin>
			<ymin>447</ymin>
			<xmax>1006</xmax>
			<ymax>522</ymax>
		</bndbox>
	</object>
	<object>
		<name>fire</name>
		<pose>Unspecified</pose>
		<truncated>Unspecified</truncated>
		<difficult>Unspecified</difficult>
		<bndbox>
			<xmin>1078</xmin>
			<ymin>430</ymin>
			<xmax>1191</xmax>
			<ymax>494</ymax>
		</bndbox>
	</object>
	<object>
		<name>fire</name>
		<pose>Unspecified</pose>
		<truncated>Unspecified</truncated>
		<difficult>Unspecified</difficult>
		<bndbox>
			<xmin>1006</xmin>
			<ymin>422</ymin>
			<xmax>1057</xmax>
			<ymax>520</ymax>
		</bndbox>
	</object>
	<object>
		<name>fire</name>
		<pose>Unspecified</pose>
		<truncated>Unspecified</truncated>
		<difficult>Unspecified</difficult>
		<bndbox>
			<xmin>1118</xmin>
			<ymin>505</ymin>
			<xmax>1144</xmax>
			<ymax>537</ymax>
		</bndbox>
	</object>
	<object>
		<name>fire</name>
		<pose>Unspecified</pose>
		<truncated>Unspecified</truncated>
		<difficult>Unspecified</difficult>
		<bndbox>
			<xmin>1002</xmin>
			<ymin>549</ymin>
			<xmax>1069</xmax>
			<ymax>605</ymax>
		</bndbox>
	</object>
	<object>
		<name>fire</name>
		<pose>Unspecified</pose>
		<truncated>Unspecified</truncated>
		<difficult>Unspecified</difficult>
		<bndbox>
			<xmin>829</xmin>
			<ymin>519</ymin>
			<xmax>901</xmax>
			<ymax>588</ymax>
		</bndbox>
	</object>
	<object>
		<name>fire</name>
		<pose>Unspecified</pose>
		<truncated>Unspecified</truncated>
		<difficult>Unspecified</difficult>
		<bndbox>
			<xmin>547</xmin>
			<ymin>226</ymin>
			<xmax>716</xmax>
			<ymax>352</ymax>
		</bndbox>
	</object>
	<object>
		<name>fire</name>
		<pose>Unspecified</pose>
		<truncated>Unspecified</truncated>
		<difficult>Unspecified</difficult>
		<bndbox>
			<xmin>472</xmin>
			<ymin>420</ymin>
			<xmax>774</xmax>
			<ymax>720</ymax>
		</bndbox>
	</object>
	<object>
		<name>fire</name>
		<pose>Unspecified</pose>
		<truncated>Unspecified</truncated>
		<difficult>Unspecified</difficult>
		<bndbox>
			<xmin>931</xmin>
			<ymin>662</ymin>
			<xmax>978</xmax>
			<ymax>720</ymax>
		</bndbox>
	</object>
	<object>
		<name>fire</name>
		<pose>Unspecified</pose>
		<truncated>Unspecified</truncated>
		<difficult>Unspecified</difficult>
		<bndbox>
			<xmin>1161</xmin>
			<ymin>692</ymin>
			<xmax>1280</xmax>
			<ymax>720</ymax>
		</bndbox>
	</object>
	<object>
		<name>smoke</name>
		<pose>Unspecified</pose>
		<truncated>Unspecified</truncated>
		<difficult>Unspecified</difficult>
		<bndbox>
			<xmin>306</xmin>
			<ymin>35</ymin>
			<xmax>617</xmax>
			<ymax>209</ymax>
		</bndbox>
	</object>
	<object>
		<name>smoke</name>
		<pose>Unspecified</pose>
		<truncated>Unspecified</truncated>
		<difficult>Unspecified</difficult>
		<bndbox>
			<xmin>870</xmin>
			<ymin>0</ymin>
			<xmax>1280</xmax>
			<ymax>330</ymax>
		</bndbox>
	</object>
</annotation>