<annotation>
	<folder>my-project-name</folder>
	<filename>fire.710.png</filename>
	<path>/my-project-name/fire.710.png</path>
	<source>
		<database>Unspecified</database>
	</source>
	<size>
		<width>990</width>
		<height>662</height>
		<depth>3</depth>
	</size>
	<object>
		<name>fire</name>
		<pose>Unspecified</pose>
		<truncated>Unspecified</truncated>
		<difficult>Unspecified</difficult>
		<bndbox>
			<xmin>416</xmin>
			<ymin>470</ymin>
			<xmax>498</xmax>
			<ymax>569</ymax>
		</bndbox>
	</object>
	<object>
		<name>fire</name>
		<pose>Unspecified</pose>
		<truncated>Unspecified</truncated>
		<difficult>Unspecified</difficult>
		<bndbox>
			<xmin>778</xmin>
			<ymin>530</ymin>
			<xmax>802</xmax>
			<ymax>566</ymax>
		</bndbox>
	</object>
	<object>
		<name>fire</name>
		<pose>Unspecified</pose>
		<truncated>Unspecified</truncated>
		<difficult>Unspecified</difficult>
		<bndbox>
			<xmin>844</xmin>
			<ymin>514</ymin>
			<xmax>869</xmax>
			<ymax>540</ymax>
		</bndbox>
	</object>
	<object>
		<name>fire</name>
		<pose>Unspecified</pose>
		<truncated>Unspecified</truncated>
		<difficult>Unspecified</difficult>
		<bndbox>
			<xmin>949</xmin>
			<ymin>442</ymin>
			<xmax>990</xmax>
			<ymax>522</ymax>
		</bndbox>
	</object>
	<object>
		<name>fire</name>
		<pose>Unspecified</pose>
		<truncated>Unspecified</truncated>
		<difficult>Unspecified</difficult>
		<bndbox>
			<xmin>669</xmin>
			<ymin>514</ymin>
			<xmax>688</xmax>
			<ymax>535</ymax>
		</bndbox>
	</object>
	<object>
		<name>fire</name>
		<pose>Unspecified</pose>
		<truncated>Unspecified</truncated>
		<difficult>Unspecified</difficult>
		<bndbox>
			<xmin>523</xmin>
			<ymin>486</ymin>
			<xmax>558</xmax>
			<ymax>518</ymax>
		</bndbox>
	</object>
	<object>
		<name>fire</name>
		<pose>Unspecified</pose>
		<truncated>Unspecified</truncated>
		<difficult>Unspecified</difficult>
		<bndbox>
			<xmin>25</xmin>
			<ymin>438</ymin>
			<xmax>86</xmax>
			<ymax>480</ymax>
		</bndbox>
	</object>
</annotation>