<annotation>
	<folder>my-project-name</folder>
	<filename>fire.681.png</filename>
	<path>/my-project-name/fire.681.png</path>
	<source>
		<database>Unspecified</database>
	</source>
	<size>
		<width>2048</width>
		<height>1536</height>
		<depth>3</depth>
	</size>
	<object>
		<name>fire</name>
		<pose>Unspecified</pose>
		<truncated>Unspecified</truncated>
		<difficult>Unspecified</difficult>
		<bndbox>
			<xmin>1070</xmin>
			<ymin>670</ymin>
			<xmax>1148</xmax>
			<ymax>732</ymax>
		</bndbox>
	</object>
	<object>
		<name>fire</name>
		<pose>Unspecified</pose>
		<truncated>Unspecified</truncated>
		<difficult>Unspecified</difficult>
		<bndbox>
			<xmin>1236</xmin>
			<ymin>667</ymin>
			<xmax>1292</xmax>
			<ymax>693</ymax>
		</bndbox>
	</object>
	<object>
		<name>fire</name>
		<pose>Unspecified</pose>
		<truncated>Unspecified</truncated>
		<difficult>Unspecified</difficult>
		<bndbox>
			<xmin>648</xmin>
			<ymin>693</ymin>
			<xmax>789</xmax>
			<ymax>791</ymax>
		</bndbox>
	</object>
</annotation>