<annotation>
	<folder>my-project-name</folder>
	<filename>fireBig1873.jpg</filename>
	<path>/my-project-name/fireBig1873.jpg</path>
	<source>
		<database>Unspecified</database>
	</source>
	<size>
		<width>1280</width>
		<height>720</height>
		<depth>3</depth>
	</size>
	<object>
		<name>fire</name>
		<pose>Unspecified</pose>
		<truncated>Unspecified</truncated>
		<difficult>Unspecified</difficult>
		<bndbox>
			<xmin>481</xmin>
			<ymin>181</ymin>
			<xmax>631</xmax>
			<ymax>260</ymax>
		</bndbox>
	</object>
	<object>
		<name>fire</name>
		<pose>Unspecified</pose>
		<truncated>Unspecified</truncated>
		<difficult>Unspecified</difficult>
		<bndbox>
			<xmin>468</xmin>
			<ymin>277</ymin>
			<xmax>610</xmax>
			<ymax>368</ymax>
		</bndbox>
	</object>
	<object>
		<name>smoke</name>
		<pose>Unspecified</pose>
		<truncated>Unspecified</truncated>
		<difficult>Unspecified</difficult>
		<bndbox>
			<xmin>617</xmin>
			<ymin>0</ymin>
			<xmax>863</xmax>
			<ymax>283</ymax>
		</bndbox>
	</object>
	<object>
		<name>fire</name>
		<pose>Unspecified</pose>
		<truncated>Unspecified</truncated>
		<difficult>Unspecified</difficult>
		<bndbox>
			<xmin>1004</xmin>
			<ymin>507</ymin>
			<xmax>1069</xmax>
			<ymax>541</ymax>
		</bndbox>
	</object>
	<object>
		<name>fire</name>
		<pose>Unspecified</pose>
		<truncated>Unspecified</truncated>
		<difficult>Unspecified</difficult>
		<bndbox>
			<xmin>1082</xmin>
			<ymin>481</ymin>
			<xmax>1125</xmax>
			<ymax>515</ymax>
		</bndbox>
	</object>
	<object>
		<name>fire</name>
		<pose>Unspecified</pose>
		<truncated>Unspecified</truncated>
		<difficult>Unspecified</difficult>
		<bndbox>
			<xmin>753</xmin>
			<ymin>530</ymin>
			<xmax>791</xmax>
			<ymax>560</ymax>
		</bndbox>
	</object>
	<object>
		<name>fire</name>
		<pose>Unspecified</pose>
		<truncated>Unspecified</truncated>
		<difficult>Unspecified</difficult>
		<bndbox>
			<xmin>725</xmin>
			<ymin>383</ymin>
			<xmax>761</xmax>
			<ymax>403</ymax>
		</bndbox>
	</object>
	<object>
		<name>fire</name>
		<pose>Unspecified</pose>
		<truncated>Unspecified</truncated>
		<difficult>Unspecified</difficult>
		<bndbox>
			<xmin>914</xmin>
			<ymin>505</ymin>
			<xmax>938</xmax>
			<ymax>526</ymax>
		</bndbox>
	</object>
	<object>
		<name>fire</name>
		<pose>Unspecified</pose>
		<truncated>Unspecified</truncated>
		<difficult>Unspecified</difficult>
		<bndbox>
			<xmin>766</xmin>
			<ymin>434</ymin>
			<xmax>819</xmax>
			<ymax>475</ymax>
		</bndbox>
	</object>
</annotation>