<annotation>
	<folder>my-project-name</folder>
	<filename>fireBig1118.jpg</filename>
	<path>/my-project-name/fireBig1118.jpg</path>
	<source>
		<database>Unspecified</database>
	</source>
	<size>
		<width>1280</width>
		<height>720</height>
		<depth>3</depth>
	</size>
	<object>
		<name>fire</name>
		<pose>Unspecified</pose>
		<truncated>Unspecified</truncated>
		<difficult>Unspecified</difficult>
		<bndbox>
			<xmin>927</xmin>
			<ymin>294</ymin>
			<xmax>1016</xmax>
			<ymax>405</ymax>
		</bndbox>
	</object>
	<object>
		<name>fire</name>
		<pose>Unspecified</pose>
		<truncated>Unspecified</truncated>
		<difficult>Unspecified</difficult>
		<bndbox>
			<xmin>795</xmin>
			<ymin>377</ymin>
			<xmax>817</xmax>
			<ymax>400</ymax>
		</bndbox>
	</object>
	<object>
		<name>fire</name>
		<pose>Unspecified</pose>
		<truncated>Unspecified</truncated>
		<difficult>Unspecified</difficult>
		<bndbox>
			<xmin>723</xmin>
			<ymin>322</ymin>
			<xmax>763</xmax>
			<ymax>386</ymax>
		</bndbox>
	</object>
	<object>
		<name>fire</name>
		<pose>Unspecified</pose>
		<truncated>Unspecified</truncated>
		<difficult>Unspecified</difficult>
		<bndbox>
			<xmin>504</xmin>
			<ymin>354</ymin>
			<xmax>536</xmax>
			<ymax>375</ymax>
		</bndbox>
	</object>
	<object>
		<name>fire</name>
		<pose>Unspecified</pose>
		<truncated>Unspecified</truncated>
		<difficult>Unspecified</difficult>
		<bndbox>
			<xmin>285</xmin>
			<ymin>284</ymin>
			<xmax>391</xmax>
			<ymax>390</ymax>
		</bndbox>
	</object>
</annotation>