<annotation>
	<folder>my-project-name</folder>
	<filename>fireBig1112.jpg</filename>
	<path>/my-project-name/fireBig1112.jpg</path>
	<source>
		<database>Unspecified</database>
	</source>
	<size>
		<width>1280</width>
		<height>720</height>
		<depth>3</depth>
	</size>
	<object>
		<name>fire</name>
		<pose>Unspecified</pose>
		<truncated>Unspecified</truncated>
		<difficult>Unspecified</difficult>
		<bndbox>
			<xmin>884</xmin>
			<ymin>295</ymin>
			<xmax>997</xmax>
			<ymax>424</ymax>
		</bndbox>
	</object>
	<object>
		<name>fire</name>
		<pose>Unspecified</pose>
		<truncated>Unspecified</truncated>
		<difficult>Unspecified</difficult>
		<bndbox>
			<xmin>809</xmin>
			<ymin>384</ymin>
			<xmax>831</xmax>
			<ymax>396</ymax>
		</bndbox>
	</object>
	<object>
		<name>fire</name>
		<pose>Unspecified</pose>
		<truncated>Unspecified</truncated>
		<difficult>Unspecified</difficult>
		<bndbox>
			<xmin>788</xmin>
			<ymin>315</ymin>
			<xmax>821</xmax>
			<ymax>343</ymax>
		</bndbox>
	</object>
	<object>
		<name>fire</name>
		<pose>Unspecified</pose>
		<truncated>Unspecified</truncated>
		<difficult>Unspecified</difficult>
		<bndbox>
			<xmin>697</xmin>
			<ymin>355</ymin>
			<xmax>728</xmax>
			<ymax>390</ymax>
		</bndbox>
	</object>
	<object>
		<name>fire</name>
		<pose>Unspecified</pose>
		<truncated>Unspecified</truncated>
		<difficult>Unspecified</difficult>
		<bndbox>
			<xmin>671</xmin>
			<ymin>358</ymin>
			<xmax>687</xmax>
			<ymax>376</ymax>
		</bndbox>
	</object>
	<object>
		<name>fire</name>
		<pose>Unspecified</pose>
		<truncated>Unspecified</truncated>
		<difficult>Unspecified</difficult>
		<bndbox>
			<xmin>606</xmin>
			<ymin>369</ymin>
			<xmax>630</xmax>
			<ymax>388</ymax>
		</bndbox>
	</object>
	<object>
		<name>fire</name>
		<pose>Unspecified</pose>
		<truncated>Unspecified</truncated>
		<difficult>Unspecified</difficult>
		<bndbox>
			<xmin>488</xmin>
			<ymin>371</ymin>
			<xmax>511</xmax>
			<ymax>392</ymax>
		</bndbox>
	</object>
	<object>
		<name>fire</name>
		<pose>Unspecified</pose>
		<truncated>Unspecified</truncated>
		<difficult>Unspecified</difficult>
		<bndbox>
			<xmin>454</xmin>
			<ymin>378</ymin>
			<xmax>475</xmax>
			<ymax>400</ymax>
		</bndbox>
	</object>
	<object>
		<name>fire</name>
		<pose>Unspecified</pose>
		<truncated>Unspecified</truncated>
		<difficult>Unspecified</difficult>
		<bndbox>
			<xmin>433</xmin>
			<ymin>389</ymin>
			<xmax>446</xmax>
			<ymax>403</ymax>
		</bndbox>
	</object>
	<object>
		<name>fire</name>
		<pose>Unspecified</pose>
		<truncated>Unspecified</truncated>
		<difficult>Unspecified</difficult>
		<bndbox>
			<xmin>404</xmin>
			<ymin>390</ymin>
			<xmax>424</xmax>
			<ymax>406</ymax>
		</bndbox>
	</object>
	<object>
		<name>fire</name>
		<pose>Unspecified</pose>
		<truncated>Unspecified</truncated>
		<difficult>Unspecified</difficult>
		<bndbox>
			<xmin>225</xmin>
			<ymin>339</ymin>
			<xmax>318</xmax>
			<ymax>411</ymax>
		</bndbox>
	</object>
</annotation>