<annotation>
	<folder>my-project-name</folder>
	<filename>fire.648.png</filename>
	<path>/my-project-name/fire.648.png</path>
	<source>
		<database>Unspecified</database>
	</source>
	<size>
		<width>2400</width>
		<height>1598</height>
		<depth>3</depth>
	</size>
	<object>
		<name>fire</name>
		<pose>Unspecified</pose>
		<truncated>Unspecified</truncated>
		<difficult>Unspecified</difficult>
		<bndbox>
			<xmin>584</xmin>
			<ymin>112</ymin>
			<xmax>892</xmax>
			<ymax>332</ymax>
		</bndbox>
	</object>
	<object>
		<name>fire</name>
		<pose>Unspecified</pose>
		<truncated>Unspecified</truncated>
		<difficult>Unspecified</difficult>
		<bndbox>
			<xmin>474</xmin>
			<ymin>314</ymin>
			<xmax>2400</xmax>
			<ymax>1486</ymax>
		</bndbox>
	</object>
	<object>
		<name>fire</name>
		<pose>Unspecified</pose>
		<truncated>Unspecified</truncated>
		<difficult>Unspecified</difficult>
		<bndbox>
			<xmin>0</xmin>
			<ymin>661</ymin>
			<xmax>375</xmax>
			<ymax>1125</ymax>
		</bndbox>
	</object>
	<object>
		<name>fire</name>
		<pose>Unspecified</pose>
		<truncated>Unspecified</truncated>
		<difficult>Unspecified</difficult>
		<bndbox>
			<xmin>2354</xmin>
			<ymin>1539</ymin>
			<xmax>2400</xmax>
			<ymax>1592</ymax>
		</bndbox>
	</object>
</annotation>