<annotation>
	<folder>my-project-name</folder>
	<filename>fireBig1874.jpg</filename>
	<path>/my-project-name/fireBig1874.jpg</path>
	<source>
		<database>Unspecified</database>
	</source>
	<size>
		<width>1280</width>
		<height>720</height>
		<depth>3</depth>
	</size>
	<object>
		<name>fire</name>
		<pose>Unspecified</pose>
		<truncated>Unspecified</truncated>
		<difficult>Unspecified</difficult>
		<bndbox>
			<xmin>534</xmin>
			<ymin>256</ymin>
			<xmax>782</xmax>
			<ymax>364</ymax>
		</bndbox>
	</object>
	<object>
		<name>fire</name>
		<pose>Unspecified</pose>
		<truncated>Unspecified</truncated>
		<difficult>Unspecified</difficult>
		<bndbox>
			<xmin>557</xmin>
			<ymin>194</ymin>
			<xmax>697</xmax>
			<ymax>247</ymax>
		</bndbox>
	</object>
	<object>
		<name>fire</name>
		<pose>Unspecified</pose>
		<truncated>Unspecified</truncated>
		<difficult>Unspecified</difficult>
		<bndbox>
			<xmin>865</xmin>
			<ymin>509</ymin>
			<xmax>902</xmax>
			<ymax>554</ymax>
		</bndbox>
	</object>
	<object>
		<name>fire</name>
		<pose>Unspecified</pose>
		<truncated>Unspecified</truncated>
		<difficult>Unspecified</difficult>
		<bndbox>
			<xmin>1121</xmin>
			<ymin>500</ymin>
			<xmax>1189</xmax>
			<ymax>530</ymax>
		</bndbox>
	</object>
	<object>
		<name>fire</name>
		<pose>Unspecified</pose>
		<truncated>Unspecified</truncated>
		<difficult>Unspecified</difficult>
		<bndbox>
			<xmin>1201</xmin>
			<ymin>473</ymin>
			<xmax>1238</xmax>
			<ymax>500</ymax>
		</bndbox>
	</object>
	<object>
		<name>fire</name>
		<pose>Unspecified</pose>
		<truncated>Unspecified</truncated>
		<difficult>Unspecified</difficult>
		<bndbox>
			<xmin>872</xmin>
			<ymin>419</ymin>
			<xmax>936</xmax>
			<ymax>462</ymax>
		</bndbox>
	</object>
	<object>
		<name>fire</name>
		<pose>Unspecified</pose>
		<truncated>Unspecified</truncated>
		<difficult>Unspecified</difficult>
		<bndbox>
			<xmin>812</xmin>
			<ymin>362</ymin>
			<xmax>844</xmax>
			<ymax>388</ymax>
		</bndbox>
	</object>
	<object>
		<name>smoke</name>
		<pose>Unspecified</pose>
		<truncated>Unspecified</truncated>
		<difficult>Unspecified</difficult>
		<bndbox>
			<xmin>638</xmin>
			<ymin>0</ymin>
			<xmax>925</xmax>
			<ymax>234</ymax>
		</bndbox>
	</object>
</annotation>