<annotation>
	<folder>my-project-name</folder>
	<filename>fireBig1046.jpg</filename>
	<path>/my-project-name/fireBig1046.jpg</path>
	<source>
		<database>Unspecified</database>
	</source>
	<size>
		<width>1280</width>
		<height>720</height>
		<depth>3</depth>
	</size>
	<object>
		<name>fire</name>
		<pose>Unspecified</pose>
		<truncated>Unspecified</truncated>
		<difficult>Unspecified</difficult>
		<bndbox>
			<xmin>1048</xmin>
			<ymin>292</ymin>
			<xmax>1146</xmax>
			<ymax>351</ymax>
		</bndbox>
	</object>
	<object>
		<name>fire</name>
		<pose>Unspecified</pose>
		<truncated>Unspecified</truncated>
		<difficult>Unspecified</difficult>
		<bndbox>
			<xmin>1195</xmin>
			<ymin>396</ymin>
			<xmax>1280</xmax>
			<ymax>509</ymax>
		</bndbox>
	</object>
	<object>
		<name>fire</name>
		<pose>Unspecified</pose>
		<truncated>Unspecified</truncated>
		<difficult>Unspecified</difficult>
		<bndbox>
			<xmin>1067</xmin>
			<ymin>392</ymin>
			<xmax>1178</xmax>
			<ymax>464</ymax>
		</bndbox>
	</object>
	<object>
		<name>fire</name>
		<pose>Unspecified</pose>
		<truncated>Unspecified</truncated>
		<difficult>Unspecified</difficult>
		<bndbox>
			<xmin>967</xmin>
			<ymin>422</ymin>
			<xmax>1052</xmax>
			<ymax>483</ymax>
		</bndbox>
	</object>
	<object>
		<name>fire</name>
		<pose>Unspecified</pose>
		<truncated>Unspecified</truncated>
		<difficult>Unspecified</difficult>
		<bndbox>
			<xmin>874</xmin>
			<ymin>420</ymin>
			<xmax>931</xmax>
			<ymax>475</ymax>
		</bndbox>
	</object>
	<object>
		<name>fire</name>
		<pose>Unspecified</pose>
		<truncated>Unspecified</truncated>
		<difficult>Unspecified</difficult>
		<bndbox>
			<xmin>782</xmin>
			<ymin>92</ymin>
			<xmax>878</xmax>
			<ymax>169</ymax>
		</bndbox>
	</object>
	<object>
		<name>fire</name>
		<pose>Unspecified</pose>
		<truncated>Unspecified</truncated>
		<difficult>Unspecified</difficult>
		<bndbox>
			<xmin>810</xmin>
			<ymin>264</ymin>
			<xmax>857</xmax>
			<ymax>326</ymax>
		</bndbox>
	</object>
	<object>
		<name>fire</name>
		<pose>Unspecified</pose>
		<truncated>Unspecified</truncated>
		<difficult>Unspecified</difficult>
		<bndbox>
			<xmin>714</xmin>
			<ymin>354</ymin>
			<xmax>863</xmax>
			<ymax>434</ymax>
		</bndbox>
	</object>
	<object>
		<name>fire</name>
		<pose>Unspecified</pose>
		<truncated>Unspecified</truncated>
		<difficult>Unspecified</difficult>
		<bndbox>
			<xmin>595</xmin>
			<ymin>368</ymin>
			<xmax>672</xmax>
			<ymax>460</ymax>
		</bndbox>
	</object>
	<object>
		<name>fire</name>
		<pose>Unspecified</pose>
		<truncated>Unspecified</truncated>
		<difficult>Unspecified</difficult>
		<bndbox>
			<xmin>421</xmin>
			<ymin>201</ymin>
			<xmax>512</xmax>
			<ymax>260</ymax>
		</bndbox>
	</object>
	<object>
		<name>fire</name>
		<pose>Unspecified</pose>
		<truncated>Unspecified</truncated>
		<difficult>Unspecified</difficult>
		<bndbox>
			<xmin>614</xmin>
			<ymin>201</ymin>
			<xmax>670</xmax>
			<ymax>230</ymax>
		</bndbox>
	</object>
	<object>
		<name>fire</name>
		<pose>Unspecified</pose>
		<truncated>Unspecified</truncated>
		<difficult>Unspecified</difficult>
		<bndbox>
			<xmin>238</xmin>
			<ymin>201</ymin>
			<xmax>332</xmax>
			<ymax>267</ymax>
		</bndbox>
	</object>
	<object>
		<name>fire</name>
		<pose>Unspecified</pose>
		<truncated>Unspecified</truncated>
		<difficult>Unspecified</difficult>
		<bndbox>
			<xmin>0</xmin>
			<ymin>160</ymin>
			<xmax>91</xmax>
			<ymax>213</ymax>
		</bndbox>
	</object>
	<object>
		<name>smoke</name>
		<pose>Unspecified</pose>
		<truncated>Unspecified</truncated>
		<difficult>Unspecified</difficult>
		<bndbox>
			<xmin>965</xmin>
			<ymin>69</ymin>
			<xmax>1186</xmax>
			<ymax>277</ymax>
		</bndbox>
	</object>
</annotation>