<annotation>
	<folder>my-project-name</folder>
	<filename>fireBig1870.jpg</filename>
	<path>/my-project-name/fireBig1870.jpg</path>
	<source>
		<database>Unspecified</database>
	</source>
	<size>
		<width>1280</width>
		<height>720</height>
		<depth>3</depth>
	</size>
	<object>
		<name>fire</name>
		<pose>Unspecified</pose>
		<truncated>Unspecified</truncated>
		<difficult>Unspecified</difficult>
		<bndbox>
			<xmin>429</xmin>
			<ymin>245</ymin>
			<xmax>619</xmax>
			<ymax>351</ymax>
		</bndbox>
	</object>
	<object>
		<name>smoke</name>
		<pose>Unspecified</pose>
		<truncated>Unspecified</truncated>
		<difficult>Unspecified</difficult>
		<bndbox>
			<xmin>434</xmin>
			<ymin>1</ymin>
			<xmax>897</xmax>
			<ymax>237</ymax>
		</bndbox>
	</object>
	<object>
		<name>fire</name>
		<pose>Unspecified</pose>
		<truncated>Unspecified</truncated>
		<difficult>Unspecified</difficult>
		<bndbox>
			<xmin>910</xmin>
			<ymin>526</ymin>
			<xmax>974</xmax>
			<ymax>554</ymax>
		</bndbox>
	</object>
	<object>
		<name>fire</name>
		<pose>Unspecified</pose>
		<truncated>Unspecified</truncated>
		<difficult>Unspecified</difficult>
		<bndbox>
			<xmin>816</xmin>
			<ymin>507</ymin>
			<xmax>844</xmax>
			<ymax>528</ymax>
		</bndbox>
	</object>
	<object>
		<name>fire</name>
		<pose>Unspecified</pose>
		<truncated>Unspecified</truncated>
		<difficult>Unspecified</difficult>
		<bndbox>
			<xmin>863</xmin>
			<ymin>317</ymin>
			<xmax>887</xmax>
			<ymax>339</ymax>
		</bndbox>
	</object>
	<object>
		<name>fire</name>
		<pose>Unspecified</pose>
		<truncated>Unspecified</truncated>
		<difficult>Unspecified</difficult>
		<bndbox>
			<xmin>687</xmin>
			<ymin>430</ymin>
			<xmax>753</xmax>
			<ymax>471</ymax>
		</bndbox>
	</object>
</annotation>