<annotation>
	<folder>my-project-name</folder>
	<filename>fire.644.png</filename>
	<path>/my-project-name/fire.644.png</path>
	<source>
		<database>Unspecified</database>
	</source>
	<size>
		<width>1400</width>
		<height>788</height>
		<depth>3</depth>
	</size>
	<object>
		<name>fire</name>
		<pose>Unspecified</pose>
		<truncated>Unspecified</truncated>
		<difficult>Unspecified</difficult>
		<bndbox>
			<xmin>268</xmin>
			<ymin>332</ymin>
			<xmax>432</xmax>
			<ymax>456</ymax>
		</bndbox>
	</object>
</annotation>