<annotation>
	<folder>my-project-name</folder>
	<filename>fireBig1127.jpg</filename>
	<path>/my-project-name/fireBig1127.jpg</path>
	<source>
		<database>Unspecified</database>
	</source>
	<size>
		<width>1280</width>
		<height>720</height>
		<depth>3</depth>
	</size>
	<object>
		<name>fire</name>
		<pose>Unspecified</pose>
		<truncated>Unspecified</truncated>
		<difficult>Unspecified</difficult>
		<bndbox>
			<xmin>929</xmin>
			<ymin>366</ymin>
			<xmax>1016</xmax>
			<ymax>473</ymax>
		</bndbox>
	</object>
	<object>
		<name>fire</name>
		<pose>Unspecified</pose>
		<truncated>Unspecified</truncated>
		<difficult>Unspecified</difficult>
		<bndbox>
			<xmin>457</xmin>
			<ymin>420</ymin>
			<xmax>536</xmax>
			<ymax>456</ymax>
		</bndbox>
	</object>
	<object>
		<name>fire</name>
		<pose>Unspecified</pose>
		<truncated>Unspecified</truncated>
		<difficult>Unspecified</difficult>
		<bndbox>
			<xmin>268</xmin>
			<ymin>373</ymin>
			<xmax>368</xmax>
			<ymax>445</ymax>
		</bndbox>
	</object>
	<object>
		<name>fire</name>
		<pose>Unspecified</pose>
		<truncated>Unspecified</truncated>
		<difficult>Unspecified</difficult>
		<bndbox>
			<xmin>646</xmin>
			<ymin>407</ymin>
			<xmax>682</xmax>
			<ymax>437</ymax>
		</bndbox>
	</object>
	<object>
		<name>fire</name>
		<pose>Unspecified</pose>
		<truncated>Unspecified</truncated>
		<difficult>Unspecified</difficult>
		<bndbox>
			<xmin>697</xmin>
			<ymin>405</ymin>
			<xmax>749</xmax>
			<ymax>456</ymax>
		</bndbox>
	</object>
	<object>
		<name>fire</name>
		<pose>Unspecified</pose>
		<truncated>Unspecified</truncated>
		<difficult>Unspecified</difficult>
		<bndbox>
			<xmin>686</xmin>
			<ymin>456</ymin>
			<xmax>771</xmax>
			<ymax>495</ymax>
		</bndbox>
	</object>
</annotation>