<annotation>
	<folder>my-project-name</folder>
	<filename>fireBig1119.jpg</filename>
	<path>/my-project-name/fireBig1119.jpg</path>
	<source>
		<database>Unspecified</database>
	</source>
	<size>
		<width>1280</width>
		<height>720</height>
		<depth>3</depth>
	</size>
	<object>
		<name>fire</name>
		<pose>Unspecified</pose>
		<truncated>Unspecified</truncated>
		<difficult>Unspecified</difficult>
		<bndbox>
			<xmin>887</xmin>
			<ymin>288</ymin>
			<xmax>1055</xmax>
			<ymax>413</ymax>
		</bndbox>
	</object>
	<object>
		<name>fire</name>
		<pose>Unspecified</pose>
		<truncated>Unspecified</truncated>
		<difficult>Unspecified</difficult>
		<bndbox>
			<xmin>287</xmin>
			<ymin>269</ymin>
			<xmax>385</xmax>
			<ymax>417</ymax>
		</bndbox>
	</object>
	<object>
		<name>fire</name>
		<pose>Unspecified</pose>
		<truncated>Unspecified</truncated>
		<difficult>Unspecified</difficult>
		<bndbox>
			<xmin>527</xmin>
			<ymin>360</ymin>
			<xmax>568</xmax>
			<ymax>388</ymax>
		</bndbox>
	</object>
	<object>
		<name>fire</name>
		<pose>Unspecified</pose>
		<truncated>Unspecified</truncated>
		<difficult>Unspecified</difficult>
		<bndbox>
			<xmin>829</xmin>
			<ymin>389</ymin>
			<xmax>845</xmax>
			<ymax>403</ymax>
		</bndbox>
	</object>
	<object>
		<name>fire</name>
		<pose>Unspecified</pose>
		<truncated>Unspecified</truncated>
		<difficult>Unspecified</difficult>
		<bndbox>
			<xmin>790</xmin>
			<ymin>387</ymin>
			<xmax>815</xmax>
			<ymax>409</ymax>
		</bndbox>
	</object>
	<object>
		<name>fire</name>
		<pose>Unspecified</pose>
		<truncated>Unspecified</truncated>
		<difficult>Unspecified</difficult>
		<bndbox>
			<xmin>752</xmin>
			<ymin>400</ymin>
			<xmax>769</xmax>
			<ymax>418</ymax>
		</bndbox>
	</object>
	<object>
		<name>fire</name>
		<pose>Unspecified</pose>
		<truncated>Unspecified</truncated>
		<difficult>Unspecified</difficult>
		<bndbox>
			<xmin>698</xmin>
			<ymin>389</ymin>
			<xmax>724</xmax>
			<ymax>408</ymax>
		</bndbox>
	</object>
	<object>
		<name>fire</name>
		<pose>Unspecified</pose>
		<truncated>Unspecified</truncated>
		<difficult>Unspecified</difficult>
		<bndbox>
			<xmin>740</xmin>
			<ymin>354</ymin>
			<xmax>761</xmax>
			<ymax>372</ymax>
		</bndbox>
	</object>
	<object>
		<name>fire</name>
		<pose>Unspecified</pose>
		<truncated>Unspecified</truncated>
		<difficult>Unspecified</difficult>
		<bndbox>
			<xmin>457</xmin>
			<ymin>377</ymin>
			<xmax>482</xmax>
			<ymax>395</ymax>
		</bndbox>
	</object>
</annotation>