<annotation>
	<folder>my-project-name</folder>
	<filename>fire.655.png</filename>
	<path>/my-project-name/fire.655.png</path>
	<source>
		<database>Unspecified</database>
	</source>
	<size>
		<width>968</width>
		<height>681</height>
		<depth>3</depth>
	</size>
	<object>
		<name>fire</name>
		<pose>Unspecified</pose>
		<truncated>Unspecified</truncated>
		<difficult>Unspecified</difficult>
		<bndbox>
			<xmin>39</xmin>
			<ymin>449</ymin>
			<xmax>578</xmax>
			<ymax>571</ymax>
		</bndbox>
	</object>
	<object>
		<name>fire</name>
		<pose>Unspecified</pose>
		<truncated>Unspecified</truncated>
		<difficult>Unspecified</difficult>
		<bndbox>
			<xmin>584</xmin>
			<ymin>494</ymin>
			<xmax>968</xmax>
			<ymax>575</ymax>
		</bndbox>
	</object>
	<object>
		<name>fire</name>
		<pose>Unspecified</pose>
		<truncated>Unspecified</truncated>
		<difficult>Unspecified</difficult>
		<bndbox>
			<xmin>509</xmin>
			<ymin>381</ymin>
			<xmax>527</xmax>
			<ymax>433</ymax>
		</bndbox>
	</object>
</annotation>