<annotation>
	<folder>my-project-name</folder>
	<filename>fire.716.png</filename>
	<path>/my-project-name/fire.716.png</path>
	<source>
		<database>Unspecified</database>
	</source>
	<size>
		<width>534</width>
		<height>401</height>
		<depth>3</depth>
	</size>
	<object>
		<name>fire</name>
		<pose>Unspecified</pose>
		<truncated>Unspecified</truncated>
		<difficult>Unspecified</difficult>
		<bndbox>
			<xmin>0</xmin>
			<ymin>0</ymin>
			<xmax>328</xmax>
			<ymax>318</ymax>
		</bndbox>
	</object>
	<object>
		<name>fire</name>
		<pose>Unspecified</pose>
		<truncated>Unspecified</truncated>
		<difficult>Unspecified</difficult>
		<bndbox>
			<xmin>419</xmin>
			<ymin>236</ymin>
			<xmax>467</xmax>
			<ymax>295</ymax>
		</bndbox>
	</object>
	<object>
		<name>fire</name>
		<pose>Unspecified</pose>
		<truncated>Unspecified</truncated>
		<difficult>Unspecified</difficult>
		<bndbox>
			<xmin>331</xmin>
			<ymin>124</ymin>
			<xmax>365</xmax>
			<ymax>214</ymax>
		</bndbox>
	</object>
</annotation>