<annotation>
	<folder>my-project-name</folder>
	<filename>fireBig1105.jpg</filename>
	<path>/my-project-name/fireBig1105.jpg</path>
	<source>
		<database>Unspecified</database>
	</source>
	<size>
		<width>1280</width>
		<height>720</height>
		<depth>3</depth>
	</size>
	<object>
		<name>fire</name>
		<pose>Unspecified</pose>
		<truncated>Unspecified</truncated>
		<difficult>Unspecified</difficult>
		<bndbox>
			<xmin>1172</xmin>
			<ymin>394</ymin>
			<xmax>1233</xmax>
			<ymax>475</ymax>
		</bndbox>
	</object>
	<object>
		<name>fire</name>
		<pose>Unspecified</pose>
		<truncated>Unspecified</truncated>
		<difficult>Unspecified</difficult>
		<bndbox>
			<xmin>1044</xmin>
			<ymin>428</ymin>
			<xmax>1091</xmax>
			<ymax>475</ymax>
		</bndbox>
	</object>
	<object>
		<name>fire</name>
		<pose>Unspecified</pose>
		<truncated>Unspecified</truncated>
		<difficult>Unspecified</difficult>
		<bndbox>
			<xmin>625</xmin>
			<ymin>390</ymin>
			<xmax>738</xmax>
			<ymax>462</ymax>
		</bndbox>
	</object>
</annotation>