<annotation>
	<folder>my-project-name</folder>
	<filename>fireBig1864.jpg</filename>
	<path>/my-project-name/fireBig1864.jpg</path>
	<source>
		<database>Unspecified</database>
	</source>
	<size>
		<width>1280</width>
		<height>720</height>
		<depth>3</depth>
	</size>
	<object>
		<name>smoke</name>
		<pose>Unspecified</pose>
		<truncated>Unspecified</truncated>
		<difficult>Unspecified</difficult>
		<bndbox>
			<xmin>134</xmin>
			<ymin>0</ymin>
			<xmax>950</xmax>
			<ymax>354</ymax>
		</bndbox>
	</object>
	<object>
		<name>fire</name>
		<pose>Unspecified</pose>
		<truncated>Unspecified</truncated>
		<difficult>Unspecified</difficult>
		<bndbox>
			<xmin>669</xmin>
			<ymin>283</ymin>
			<xmax>730</xmax>
			<ymax>318</ymax>
		</bndbox>
	</object>
	<object>
		<name>fire</name>
		<pose>Unspecified</pose>
		<truncated>Unspecified</truncated>
		<difficult>Unspecified</difficult>
		<bndbox>
			<xmin>823</xmin>
			<ymin>223</ymin>
			<xmax>918</xmax>
			<ymax>261</ymax>
		</bndbox>
	</object>
	<object>
		<name>fire</name>
		<pose>Unspecified</pose>
		<truncated>Unspecified</truncated>
		<difficult>Unspecified</difficult>
		<bndbox>
			<xmin>623</xmin>
			<ymin>477</ymin>
			<xmax>711</xmax>
			<ymax>509</ymax>
		</bndbox>
	</object>
	<object>
		<name>fire</name>
		<pose>Unspecified</pose>
		<truncated>Unspecified</truncated>
		<difficult>Unspecified</difficult>
		<bndbox>
			<xmin>735</xmin>
			<ymin>364</ymin>
			<xmax>754</xmax>
			<ymax>377</ymax>
		</bndbox>
	</object>
</annotation>