<annotation>
	<folder>my-project-name</folder>
	<filename>fire.692.png</filename>
	<path>/my-project-name/fire.692.png</path>
	<source>
		<database>Unspecified</database>
	</source>
	<size>
		<width>480</width>
		<height>240</height>
		<depth>3</depth>
	</size>
	<object>
		<name>fire</name>
		<pose>Unspecified</pose>
		<truncated>Unspecified</truncated>
		<difficult>Unspecified</difficult>
		<bndbox>
			<xmin>4</xmin>
			<ymin>0</ymin>
			<xmax>480</xmax>
			<ymax>240</ymax>
		</bndbox>
	</object>
</annotation>