<annotation>
	<folder>my-project-name</folder>
	<filename>fireBig1871.jpg</filename>
	<path>/my-project-name/fireBig1871.jpg</path>
	<source>
		<database>Unspecified</database>
	</source>
	<size>
		<width>1280</width>
		<height>720</height>
		<depth>3</depth>
	</size>
	<object>
		<name>fire</name>
		<pose>Unspecified</pose>
		<truncated>Unspecified</truncated>
		<difficult>Unspecified</difficult>
		<bndbox>
			<xmin>497</xmin>
			<ymin>258</ymin>
			<xmax>653</xmax>
			<ymax>358</ymax>
		</bndbox>
	</object>
	<object>
		<name>fire</name>
		<pose>Unspecified</pose>
		<truncated>Unspecified</truncated>
		<difficult>Unspecified</difficult>
		<bndbox>
			<xmin>974</xmin>
			<ymin>534</ymin>
			<xmax>1040</xmax>
			<ymax>560</ymax>
		</bndbox>
	</object>
	<object>
		<name>smoke</name>
		<pose>Unspecified</pose>
		<truncated>Unspecified</truncated>
		<difficult>Unspecified</difficult>
		<bndbox>
			<xmin>332</xmin>
			<ymin>0</ymin>
			<xmax>851</xmax>
			<ymax>190</ymax>
		</bndbox>
	</object>
</annotation>