<annotation>
	<folder>my-project-name</folder>
	<filename>fireBig1856.jpg</filename>
	<path>/my-project-name/fireBig1856.jpg</path>
	<source>
		<database>Unspecified</database>
	</source>
	<size>
		<width>1280</width>
		<height>720</height>
		<depth>3</depth>
	</size>
	<object>
		<name>fire</name>
		<pose>Unspecified</pose>
		<truncated>Unspecified</truncated>
		<difficult>Unspecified</difficult>
		<bndbox>
			<xmin>509</xmin>
			<ymin>430</ymin>
			<xmax>565</xmax>
			<ymax>441</ymax>
		</bndbox>
	</object>
	<object>
		<name>fire</name>
		<pose>Unspecified</pose>
		<truncated>Unspecified</truncated>
		<difficult>Unspecified</difficult>
		<bndbox>
			<xmin>667</xmin>
			<ymin>330</ymin>
			<xmax>682</xmax>
			<ymax>341</ymax>
		</bndbox>
	</object>
	<object>
		<name>fire</name>
		<pose>Unspecified</pose>
		<truncated>Unspecified</truncated>
		<difficult>Unspecified</difficult>
		<bndbox>
			<xmin>569</xmin>
			<ymin>278</ymin>
			<xmax>588</xmax>
			<ymax>295</ymax>
		</bndbox>
	</object>
	<object>
		<name>fire</name>
		<pose>Unspecified</pose>
		<truncated>Unspecified</truncated>
		<difficult>Unspecified</difficult>
		<bndbox>
			<xmin>720</xmin>
			<ymin>322</ymin>
			<xmax>738</xmax>
			<ymax>339</ymax>
		</bndbox>
	</object>
	<object>
		<name>smoke</name>
		<pose>Unspecified</pose>
		<truncated>Unspecified</truncated>
		<difficult>Unspecified</difficult>
		<bndbox>
			<xmin>355</xmin>
			<ymin>0</ymin>
			<xmax>702</xmax>
			<ymax>249</ymax>
		</bndbox>
	</object>
</annotation>