<annotation>
	<folder>my-project-name</folder>
	<filename>fire.680.png</filename>
	<path>/my-project-name/fire.680.png</path>
	<source>
		<database>Unspecified</database>
	</source>
	<size>
		<width>1200</width>
		<height>800</height>
		<depth>3</depth>
	</size>
	<object>
		<name>fire</name>
		<pose>Unspecified</pose>
		<truncated>Unspecified</truncated>
		<difficult>Unspecified</difficult>
		<bndbox>
			<xmin>634</xmin>
			<ymin>200</ymin>
			<xmax>867</xmax>
			<ymax>556</ymax>
		</bndbox>
	</object>
	<object>
		<name>fire</name>
		<pose>Unspecified</pose>
		<truncated>Unspecified</truncated>
		<difficult>Unspecified</difficult>
		<bndbox>
			<xmin>304</xmin>
			<ymin>258</ymin>
			<xmax>607</xmax>
			<ymax>522</ymax>
		</bndbox>
	</object>
	<object>
		<name>smoke</name>
		<pose>Unspecified</pose>
		<truncated>Unspecified</truncated>
		<difficult>Unspecified</difficult>
		<bndbox>
			<xmin>96</xmin>
			<ymin>0</ymin>
			<xmax>1002</xmax>
			<ymax>299</ymax>
		</bndbox>
	</object>
	<object>
		<name>smoke</name>
		<pose>Unspecified</pose>
		<truncated>Unspecified</truncated>
		<difficult>Unspecified</difficult>
		<bndbox>
			<xmin>869</xmin>
			<ymin>232</ymin>
			<xmax>871</xmax>
			<ymax>232</ymax>
		</bndbox>
	</object>
	<object>
		<name>smoke</name>
		<pose>Unspecified</pose>
		<truncated>Unspecified</truncated>
		<difficult>Unspecified</difficult>
		<bndbox>
			<xmin>842</xmin>
			<ymin>202</ymin>
			<xmax>1025</xmax>
			<ymax>453</ymax>
		</bndbox>
	</object>
</annotation>