<annotation>
	<folder>my-project-name</folder>
	<filename>fireBig1117.jpg</filename>
	<path>/my-project-name/fireBig1117.jpg</path>
	<source>
		<database>Unspecified</database>
	</source>
	<size>
		<width>1280</width>
		<height>720</height>
		<depth>3</depth>
	</size>
	<object>
		<name>fire</name>
		<pose>Unspecified</pose>
		<truncated>Unspecified</truncated>
		<difficult>Unspecified</difficult>
		<bndbox>
			<xmin>328</xmin>
			<ymin>298</ymin>
			<xmax>413</xmax>
			<ymax>394</ymax>
		</bndbox>
	</object>
	<object>
		<name>fire</name>
		<pose>Unspecified</pose>
		<truncated>Unspecified</truncated>
		<difficult>Unspecified</difficult>
		<bndbox>
			<xmin>472</xmin>
			<ymin>337</ymin>
			<xmax>491</xmax>
			<ymax>368</ymax>
		</bndbox>
	</object>
	<object>
		<name>fire</name>
		<pose>Unspecified</pose>
		<truncated>Unspecified</truncated>
		<difficult>Unspecified</difficult>
		<bndbox>
			<xmin>561</xmin>
			<ymin>351</ymin>
			<xmax>585</xmax>
			<ymax>369</ymax>
		</bndbox>
	</object>
	<object>
		<name>fire</name>
		<pose>Unspecified</pose>
		<truncated>Unspecified</truncated>
		<difficult>Unspecified</difficult>
		<bndbox>
			<xmin>751</xmin>
			<ymin>343</ymin>
			<xmax>797</xmax>
			<ymax>366</ymax>
		</bndbox>
	</object>
	<object>
		<name>fire</name>
		<pose>Unspecified</pose>
		<truncated>Unspecified</truncated>
		<difficult>Unspecified</difficult>
		<bndbox>
			<xmin>961</xmin>
			<ymin>264</ymin>
			<xmax>1029</xmax>
			<ymax>354</ymax>
		</bndbox>
	</object>
	<object>
		<name>fire</name>
		<pose>Unspecified</pose>
		<truncated>Unspecified</truncated>
		<difficult>Unspecified</difficult>
		<bndbox>
			<xmin>889</xmin>
			<ymin>354</ymin>
			<xmax>914</xmax>
			<ymax>366</ymax>
		</bndbox>
	</object>
</annotation>