<annotation>
	<folder>my-project-name</folder>
	<filename>fire.677.png</filename>
	<path>/my-project-name/fire.677.png</path>
	<source>
		<database>Unspecified</database>
	</source>
	<size>
		<width>990</width>
		<height>659</height>
		<depth>3</depth>
	</size>
	<object>
		<name>smoke</name>
		<pose>Unspecified</pose>
		<truncated>Unspecified</truncated>
		<difficult>Unspecified</difficult>
		<bndbox>
			<xmin>349</xmin>
			<ymin>0</ymin>
			<xmax>663</xmax>
			<ymax>137</ymax>
		</bndbox>
	</object>
	<object>
		<name>fire</name>
		<pose>Unspecified</pose>
		<truncated>Unspecified</truncated>
		<difficult>Unspecified</difficult>
		<bndbox>
			<xmin>200</xmin>
			<ymin>138</ymin>
			<xmax>486</xmax>
			<ymax>601</ymax>
		</bndbox>
	</object>
</annotation>