<annotation>
	<folder>my-project-name</folder>
	<filename>fireBig1036.jpg</filename>
	<path>/my-project-name/fireBig1036.jpg</path>
	<source>
		<database>Unspecified</database>
	</source>
	<size>
		<width>1280</width>
		<height>720</height>
		<depth>3</depth>
	</size>
	<object>
		<name>smoke</name>
		<pose>Unspecified</pose>
		<truncated>Unspecified</truncated>
		<difficult>Unspecified</difficult>
		<bndbox>
			<xmin>453</xmin>
			<ymin>0</ymin>
			<xmax>831</xmax>
			<ymax>598</ymax>
		</bndbox>
	</object>
	<object>
		<name>fire</name>
		<pose>Unspecified</pose>
		<truncated>Unspecified</truncated>
		<difficult>Unspecified</difficult>
		<bndbox>
			<xmin>572</xmin>
			<ymin>605</ymin>
			<xmax>800</xmax>
			<ymax>651</ymax>
		</bndbox>
	</object>
</annotation>