<annotation>
	<folder>my-project-name</folder>
	<filename>fire.647.png</filename>
	<path>/my-project-name/fire.647.png</path>
	<source>
		<database>Unspecified</database>
	</source>
	<size>
		<width>1900</width>
		<height>1266</height>
		<depth>3</depth>
	</size>
	<object>
		<name>fire</name>
		<pose>Unspecified</pose>
		<truncated>Unspecified</truncated>
		<difficult>Unspecified</difficult>
		<bndbox>
			<xmin>1345</xmin>
			<ymin>221</ymin>
			<xmax>1648</xmax>
			<ymax>482</ymax>
		</bndbox>
	</object>
	<object>
		<name>fire</name>
		<pose>Unspecified</pose>
		<truncated>Unspecified</truncated>
		<difficult>Unspecified</difficult>
		<bndbox>
			<xmin>499</xmin>
			<ymin>400</ymin>
			<xmax>905</xmax>
			<ymax>569</ymax>
		</bndbox>
	</object>
	<object>
		<name>fire</name>
		<pose>Unspecified</pose>
		<truncated>Unspecified</truncated>
		<difficult>Unspecified</difficult>
		<bndbox>
			<xmin>521</xmin>
			<ymin>728</ymin>
			<xmax>877</xmax>
			<ymax>1020</ymax>
		</bndbox>
	</object>
	<object>
		<name>fire</name>
		<pose>Unspecified</pose>
		<truncated>Unspecified</truncated>
		<difficult>Unspecified</difficult>
		<bndbox>
			<xmin>174</xmin>
			<ymin>190</ymin>
			<xmax>350</xmax>
			<ymax>521</ymax>
		</bndbox>
	</object>
</annotation>