<annotation>
	<folder>my-project-name</folder>
	<filename>fire.637.png</filename>
	<path>/my-project-name/fire.637.png</path>
	<source>
		<database>Unspecified</database>
	</source>
	<size>
		<width>1910</width>
		<height>1000</height>
		<depth>3</depth>
	</size>
	<object>
		<name>fire</name>
		<pose>Unspecified</pose>
		<truncated>Unspecified</truncated>
		<difficult>Unspecified</difficult>
		<bndbox>
			<xmin>1445</xmin>
			<ymin>646</ymin>
			<xmax>1493</xmax>
			<ymax>700</ymax>
		</bndbox>
	</object>
	<object>
		<name>fire</name>
		<pose>Unspecified</pose>
		<truncated>Unspecified</truncated>
		<difficult>Unspecified</difficult>
		<bndbox>
			<xmin>1375</xmin>
			<ymin>441</ymin>
			<xmax>1434</xmax>
			<ymax>497</ymax>
		</bndbox>
	</object>
	<object>
		<name>fire</name>
		<pose>Unspecified</pose>
		<truncated>Unspecified</truncated>
		<difficult>Unspecified</difficult>
		<bndbox>
			<xmin>1042</xmin>
			<ymin>883</ymin>
			<xmax>1085</xmax>
			<ymax>948</ymax>
		</bndbox>
	</object>
	<object>
		<name>smoke</name>
		<pose>Unspecified</pose>
		<truncated>Unspecified</truncated>
		<difficult>Unspecified</difficult>
		<bndbox>
			<xmin>668</xmin>
			<ymin>83</ymin>
			<xmax>1299</xmax>
			<ymax>618</ymax>
		</bndbox>
	</object>
</annotation>