<annotation>
	<folder>my-project-name</folder>
	<filename>fireBig1845.jpg</filename>
	<path>/my-project-name/fireBig1845.jpg</path>
	<source>
		<database>Unspecified</database>
	</source>
	<size>
		<width>1280</width>
		<height>720</height>
		<depth>3</depth>
	</size>
	<object>
		<name>fire</name>
		<pose>Unspecified</pose>
		<truncated>Unspecified</truncated>
		<difficult>Unspecified</difficult>
		<bndbox>
			<xmin>732</xmin>
			<ymin>211</ymin>
			<xmax>785</xmax>
			<ymax>240</ymax>
		</bndbox>
	</object>
	<object>
		<name>fire</name>
		<pose>Unspecified</pose>
		<truncated>Unspecified</truncated>
		<difficult>Unspecified</difficult>
		<bndbox>
			<xmin>500</xmin>
			<ymin>524</ymin>
			<xmax>584</xmax>
			<ymax>544</ymax>
		</bndbox>
	</object>
	<object>
		<name>fire</name>
		<pose>Unspecified</pose>
		<truncated>Unspecified</truncated>
		<difficult>Unspecified</difficult>
		<bndbox>
			<xmin>678</xmin>
			<ymin>377</ymin>
			<xmax>697</xmax>
			<ymax>393</ymax>
		</bndbox>
	</object>
	<object>
		<name>fire</name>
		<pose>Unspecified</pose>
		<truncated>Unspecified</truncated>
		<difficult>Unspecified</difficult>
		<bndbox>
			<xmin>624</xmin>
			<ymin>377</ymin>
			<xmax>647</xmax>
			<ymax>397</ymax>
		</bndbox>
	</object>
	<object>
		<name>fire</name>
		<pose>Unspecified</pose>
		<truncated>Unspecified</truncated>
		<difficult>Unspecified</difficult>
		<bndbox>
			<xmin>770</xmin>
			<ymin>360</ymin>
			<xmax>797</xmax>
			<ymax>373</ymax>
		</bndbox>
	</object>
	<object>
		<name>fire</name>
		<pose>Unspecified</pose>
		<truncated>Unspecified</truncated>
		<difficult>Unspecified</difficult>
		<bndbox>
			<xmin>686</xmin>
			<ymin>321</ymin>
			<xmax>716</xmax>
			<ymax>354</ymax>
		</bndbox>
	</object>
	<object>
		<name>smoke</name>
		<pose>Unspecified</pose>
		<truncated>Unspecified</truncated>
		<difficult>Unspecified</difficult>
		<bndbox>
			<xmin>220</xmin>
			<ymin>0</ymin>
			<xmax>677</xmax>
			<ymax>362</ymax>
		</bndbox>
	</object>
	<object>
		<name>smoke</name>
		<pose>Unspecified</pose>
		<truncated>Unspecified</truncated>
		<difficult>Unspecified</difficult>
		<bndbox>
			<xmin>578</xmin>
			<ymin>290</ymin>
			<xmax>610</xmax>
			<ymax>317</ymax>
		</bndbox>
	</object>
</annotation>