<annotation>
	<folder>my-project-name</folder>
	<filename>fire.48.png</filename>
	<path>/my-project-name/fire.48.png</path>
	<source>
		<database>Unspecified</database>
	</source>
	<size>
		<width>1600</width>
		<height>1200</height>
		<depth>3</depth>
	</size>
	<object>
		<name>fire</name>
		<pose>Unspecified</pose>
		<truncated>Unspecified</truncated>
		<difficult>Unspecified</difficult>
		<bndbox>
			<xmin>887</xmin>
			<ymin>406</ymin>
			<xmax>1267</xmax>
			<ymax>894</ymax>
		</bndbox>
	</object>
	<object>
		<name>fire</name>
		<pose>Unspecified</pose>
		<truncated>Unspecified</truncated>
		<difficult>Unspecified</difficult>
		<bndbox>
			<xmin>1214</xmin>
			<ymin>472</ymin>
			<xmax>1600</xmax>
			<ymax>1151</ymax>
		</bndbox>
	</object>
	<object>
		<name>fire</name>
		<pose>Unspecified</pose>
		<truncated>Unspecified</truncated>
		<difficult>Unspecified</difficult>
		<bndbox>
			<xmin>688</xmin>
			<ymin>692</ymin>
			<xmax>731</xmax>
			<ymax>723</ymax>
		</bndbox>
	</object>
	<object>
		<name>fire</name>
		<pose>Unspecified</pose>
		<truncated>Unspecified</truncated>
		<difficult>Unspecified</difficult>
		<bndbox>
			<xmin>522</xmin>
			<ymin>684</ymin>
			<xmax>550</xmax>
			<ymax>717</ymax>
		</bndbox>
	</object>
</annotation>