<annotation>
	<folder>my-project-name</folder>
	<filename>fire.51.png</filename>
	<path>/my-project-name/fire.51.png</path>
	<source>
		<database>Unspecified</database>
	</source>
	<size>
		<width>1300</width>
		<height>922</height>
		<depth>3</depth>
	</size>
	<object>
		<name>fire</name>
		<pose>Unspecified</pose>
		<truncated>Unspecified</truncated>
		<difficult>Unspecified</difficult>
		<bndbox>
			<xmin>768</xmin>
			<ymin>347</ymin>
			<xmax>850</xmax>
			<ymax>432</ymax>
		</bndbox>
	</object>
</annotation>