<annotation>
	<folder>my-project-name</folder>
	<filename>fire.50.png</filename>
	<path>/my-project-name/fire.50.png</path>
	<source>
		<database>Unspecified</database>
	</source>
	<size>
		<width>1920</width>
		<height>1080</height>
		<depth>3</depth>
	</size>
	<object>
		<name>fire</name>
		<pose>Unspecified</pose>
		<truncated>Unspecified</truncated>
		<difficult>Unspecified</difficult>
		<bndbox>
			<xmin>442</xmin>
			<ymin>472</ymin>
			<xmax>1167</xmax>
			<ymax>894</ymax>
		</bndbox>
	</object>
	<object>
		<name>fire</name>
		<pose>Unspecified</pose>
		<truncated>Unspecified</truncated>
		<difficult>Unspecified</difficult>
		<bndbox>
			<xmin>620</xmin>
			<ymin>0</ymin>
			<xmax>1920</xmax>
			<ymax>381</ymax>
		</bndbox>
	</object>
	<object>
		<name>fire</name>
		<pose>Unspecified</pose>
		<truncated>Unspecified</truncated>
		<difficult>Unspecified</difficult>
		<bndbox>
			<xmin>0</xmin>
			<ymin>464</ymin>
			<xmax>195</xmax>
			<ymax>611</ymax>
		</bndbox>
	</object>
</annotation>