<annotation>
	<folder>my-project-name</folder>
	<filename>fireBig1188.jpg</filename>
	<path>/my-project-name/fireBig1188.jpg</path>
	<source>
		<database>Unspecified</database>
	</source>
	<size>
		<width>1280</width>
		<height>720</height>
		<depth>3</depth>
	</size>
	<object>
		<name>fire</name>
		<pose>Unspecified</pose>
		<truncated>Unspecified</truncated>
		<difficult>Unspecified</difficult>
		<bndbox>
			<xmin>859</xmin>
			<ymin>342</ymin>
			<xmax>907</xmax>
			<ymax>394</ymax>
		</bndbox>
	</object>
	<object>
		<name>fire</name>
		<pose>Unspecified</pose>
		<truncated>Unspecified</truncated>
		<difficult>Unspecified</difficult>
		<bndbox>
			<xmin>818</xmin>
			<ymin>389</ymin>
			<xmax>882</xmax>
			<ymax>451</ymax>
		</bndbox>
	</object>
	<object>
		<name>fire</name>
		<pose>Unspecified</pose>
		<truncated>Unspecified</truncated>
		<difficult>Unspecified</difficult>
		<bndbox>
			<xmin>778</xmin>
			<ymin>425</ymin>
			<xmax>808</xmax>
			<ymax>462</ymax>
		</bndbox>
	</object>
	<object>
		<name>fire</name>
		<pose>Unspecified</pose>
		<truncated>Unspecified</truncated>
		<difficult>Unspecified</difficult>
		<bndbox>
			<xmin>645</xmin>
			<ymin>454</ymin>
			<xmax>668</xmax>
			<ymax>475</ymax>
		</bndbox>
	</object>
	<object>
		<name>fire</name>
		<pose>Unspecified</pose>
		<truncated>Unspecified</truncated>
		<difficult>Unspecified</difficult>
		<bndbox>
			<xmin>579</xmin>
			<ymin>406</ymin>
			<xmax>609</xmax>
			<ymax>435</ymax>
		</bndbox>
	</object>
	<object>
		<name>fire</name>
		<pose>Unspecified</pose>
		<truncated>Unspecified</truncated>
		<difficult>Unspecified</difficult>
		<bndbox>
			<xmin>445</xmin>
			<ymin>422</ymin>
			<xmax>474</xmax>
			<ymax>456</ymax>
		</bndbox>
	</object>
	<object>
		<name>fire</name>
		<pose>Unspecified</pose>
		<truncated>Unspecified</truncated>
		<difficult>Unspecified</difficult>
		<bndbox>
			<xmin>365</xmin>
			<ymin>425</ymin>
			<xmax>394</xmax>
			<ymax>450</ymax>
		</bndbox>
	</object>
	<object>
		<name>fire</name>
		<pose>Unspecified</pose>
		<truncated>Unspecified</truncated>
		<difficult>Unspecified</difficult>
		<bndbox>
			<xmin>228</xmin>
			<ymin>373</ymin>
			<xmax>316</xmax>
			<ymax>457</ymax>
		</bndbox>
	</object>
</annotation>