<annotation>
	<folder>my-project-name</folder>
	<filename>firehome12.jpg</filename>
	<path>/my-project-name/firehome12.jpg</path>
	<source>
		<database>Unspecified</database>
	</source>
	<size>
		<width>640</width>
		<height>424</height>
		<depth>3</depth>
	</size>
	<object>
		<name>smoke</name>
		<pose>Unspecified</pose>
		<truncated>Unspecified</truncated>
		<difficult>Unspecified</difficult>
		<bndbox>
			<xmin>500</xmin>
			<ymin>0</ymin>
			<xmax>640</xmax>
			<ymax>253</ymax>
		</bndbox>
	</object>
</annotation>