<annotation>
	<folder>my-project-name</folder>
	<filename>fire.57.png</filename>
	<path>/my-project-name/fire.57.png</path>
	<source>
		<database>Unspecified</database>
	</source>
	<size>
		<width>1065</width>
		<height>758</height>
		<depth>3</depth>
	</size>
	<object>
		<name>fire</name>
		<pose>Unspecified</pose>
		<truncated>Unspecified</truncated>
		<difficult>Unspecified</difficult>
		<bndbox>
			<xmin>400</xmin>
			<ymin>639</ymin>
			<xmax>445</xmax>
			<ymax>687</ymax>
		</bndbox>
	</object>
	<object>
		<name>fire</name>
		<pose>Unspecified</pose>
		<truncated>Unspecified</truncated>
		<difficult>Unspecified</difficult>
		<bndbox>
			<xmin>150</xmin>
			<ymin>589</ymin>
			<xmax>205</xmax>
			<ymax>640</ymax>
		</bndbox>
	</object>
	<object>
		<name>fire</name>
		<pose>Unspecified</pose>
		<truncated>Unspecified</truncated>
		<difficult>Unspecified</difficult>
		<bndbox>
			<xmin>92</xmin>
			<ymin>552</ymin>
			<xmax>131</xmax>
			<ymax>585</ymax>
		</bndbox>
	</object>
	<object>
		<name>fire</name>
		<pose>Unspecified</pose>
		<truncated>Unspecified</truncated>
		<difficult>Unspecified</difficult>
		<bndbox>
			<xmin>83</xmin>
			<ymin>645</ymin>
			<xmax>128</xmax>
			<ymax>685</ymax>
		</bndbox>
	</object>
	<object>
		<name>fire</name>
		<pose>Unspecified</pose>
		<truncated>Unspecified</truncated>
		<difficult>Unspecified</difficult>
		<bndbox>
			<xmin>358</xmin>
			<ymin>645</ymin>
			<xmax>379</xmax>
			<ymax>673</ymax>
		</bndbox>
	</object>
	<object>
		<name>fire</name>
		<pose>Unspecified</pose>
		<truncated>Unspecified</truncated>
		<difficult>Unspecified</difficult>
		<bndbox>
			<xmin>466</xmin>
			<ymin>655</ymin>
			<xmax>500</xmax>
			<ymax>679</ymax>
		</bndbox>
	</object>
</annotation>