<annotation>
	<folder>my-project-name</folder>
	<filename>fireBig1183.jpg</filename>
	<path>/my-project-name/fireBig1183.jpg</path>
	<source>
		<database>Unspecified</database>
	</source>
	<size>
		<width>1280</width>
		<height>720</height>
		<depth>3</depth>
	</size>
	<object>
		<name>fire</name>
		<pose>Unspecified</pose>
		<truncated>Unspecified</truncated>
		<difficult>Unspecified</difficult>
		<bndbox>
			<xmin>1046</xmin>
			<ymin>305</ymin>
			<xmax>1159</xmax>
			<ymax>511</ymax>
		</bndbox>
	</object>
	<object>
		<name>fire</name>
		<pose>Unspecified</pose>
		<truncated>Unspecified</truncated>
		<difficult>Unspecified</difficult>
		<bndbox>
			<xmin>893</xmin>
			<ymin>358</ymin>
			<xmax>999</xmax>
			<ymax>439</ymax>
		</bndbox>
	</object>
	<object>
		<name>fire</name>
		<pose>Unspecified</pose>
		<truncated>Unspecified</truncated>
		<difficult>Unspecified</difficult>
		<bndbox>
			<xmin>740</xmin>
			<ymin>483</ymin>
			<xmax>846</xmax>
			<ymax>539</ymax>
		</bndbox>
	</object>
	<object>
		<name>fire</name>
		<pose>Unspecified</pose>
		<truncated>Unspecified</truncated>
		<difficult>Unspecified</difficult>
		<bndbox>
			<xmin>193</xmin>
			<ymin>347</ymin>
			<xmax>283</xmax>
			<ymax>479</ymax>
		</bndbox>
	</object>
	<object>
		<name>smoke</name>
		<pose>Unspecified</pose>
		<truncated>Unspecified</truncated>
		<difficult>Unspecified</difficult>
		<bndbox>
			<xmin>219</xmin>
			<ymin>0</ymin>
			<xmax>976</xmax>
			<ymax>284</ymax>
		</bndbox>
	</object>
</annotation>