<annotation>
	<folder>my-project-name</folder>
	<filename>fire.56.png</filename>
	<path>/my-project-name/fire.56.png</path>
	<source>
		<database>Unspecified</database>
	</source>
	<size>
		<width>410</width>
		<height>275</height>
		<depth>3</depth>
	</size>
	<object>
		<name>fire</name>
		<pose>Unspecified</pose>
		<truncated>Unspecified</truncated>
		<difficult>Unspecified</difficult>
		<bndbox>
			<xmin>172</xmin>
			<ymin>139</ymin>
			<xmax>309</xmax>
			<ymax>228</ymax>
		</bndbox>
	</object>
	<object>
		<name>fire</name>
		<pose>Unspecified</pose>
		<truncated>Unspecified</truncated>
		<difficult>Unspecified</difficult>
		<bndbox>
			<xmin>352</xmin>
			<ymin>140</ymin>
			<xmax>409</xmax>
			<ymax>182</ymax>
		</bndbox>
	</object>
	<object>
		<name>fire</name>
		<pose>Unspecified</pose>
		<truncated>Unspecified</truncated>
		<difficult>Unspecified</difficult>
		<bndbox>
			<xmin>287</xmin>
			<ymin>219</ymin>
			<xmax>321</xmax>
			<ymax>268</ymax>
		</bndbox>
	</object>
</annotation>