<annotation>
	<folder>my-project-name</folder>
	<filename>fire.58.png</filename>
	<path>/my-project-name/fire.58.png</path>
	<source>
		<database>Unspecified</database>
	</source>
	<size>
		<width>3888</width>
		<height>2592</height>
		<depth>3</depth>
	</size>
	<object>
		<name>fire</name>
		<pose>Unspecified</pose>
		<truncated>Unspecified</truncated>
		<difficult>Unspecified</difficult>
		<bndbox>
			<xmin>3143</xmin>
			<ymin>2133</ymin>
			<xmax>3360</xmax>
			<ymax>2592</ymax>
		</bndbox>
	</object>
	<object>
		<name>fire</name>
		<pose>Unspecified</pose>
		<truncated>Unspecified</truncated>
		<difficult>Unspecified</difficult>
		<bndbox>
			<xmin>3710</xmin>
			<ymin>1629</ymin>
			<xmax>3888</xmax>
			<ymax>2236</ymax>
		</bndbox>
	</object>
	<object>
		<name>fire</name>
		<pose>Unspecified</pose>
		<truncated>Unspecified</truncated>
		<difficult>Unspecified</difficult>
		<bndbox>
			<xmin>1955</xmin>
			<ymin>1554</ymin>
			<xmax>2661</xmax>
			<ymax>2592</ymax>
		</bndbox>
	</object>
	<object>
		<name>fire</name>
		<pose>Unspecified</pose>
		<truncated>Unspecified</truncated>
		<difficult>Unspecified</difficult>
		<bndbox>
			<xmin>918</xmin>
			<ymin>1663</ymin>
			<xmax>1244</xmax>
			<ymax>2196</ymax>
		</bndbox>
	</object>
	<object>
		<name>fire</name>
		<pose>Unspecified</pose>
		<truncated>Unspecified</truncated>
		<difficult>Unspecified</difficult>
		<bndbox>
			<xmin>17</xmin>
			<ymin>0</ymin>
			<xmax>2770</xmax>
			<ymax>1525</ymax>
		</bndbox>
	</object>
	<object>
		<name>fire</name>
		<pose>Unspecified</pose>
		<truncated>Unspecified</truncated>
		<difficult>Unspecified</difficult>
		<bndbox>
			<xmin>3131</xmin>
			<ymin>1984</ymin>
			<xmax>3229</xmax>
			<ymax>2059</ymax>
		</bndbox>
	</object>
</annotation>