<annotation>
	<folder>my-project-name</folder>
	<filename>fireBig1206.jpg</filename>
	<path>/my-project-name/fireBig1206.jpg</path>
	<source>
		<database>Unspecified</database>
	</source>
	<size>
		<width>1280</width>
		<height>720</height>
		<depth>3</depth>
	</size>
	<object>
		<name>fire</name>
		<pose>Unspecified</pose>
		<truncated>Unspecified</truncated>
		<difficult>Unspecified</difficult>
		<bndbox>
			<xmin>771</xmin>
			<ymin>332</ymin>
			<xmax>840</xmax>
			<ymax>378</ymax>
		</bndbox>
	</object>
	<object>
		<name>fire</name>
		<pose>Unspecified</pose>
		<truncated>Unspecified</truncated>
		<difficult>Unspecified</difficult>
		<bndbox>
			<xmin>784</xmin>
			<ymin>387</ymin>
			<xmax>842</xmax>
			<ymax>421</ymax>
		</bndbox>
	</object>
	<object>
		<name>fire</name>
		<pose>Unspecified</pose>
		<truncated>Unspecified</truncated>
		<difficult>Unspecified</difficult>
		<bndbox>
			<xmin>632</xmin>
			<ymin>445</ymin>
			<xmax>654</xmax>
			<ymax>465</ymax>
		</bndbox>
	</object>
	<object>
		<name>fire</name>
		<pose>Unspecified</pose>
		<truncated>Unspecified</truncated>
		<difficult>Unspecified</difficult>
		<bndbox>
			<xmin>432</xmin>
			<ymin>429</ymin>
			<xmax>456</xmax>
			<ymax>443</ymax>
		</bndbox>
	</object>
	<object>
		<name>fire</name>
		<pose>Unspecified</pose>
		<truncated>Unspecified</truncated>
		<difficult>Unspecified</difficult>
		<bndbox>
			<xmin>254</xmin>
			<ymin>383</ymin>
			<xmax>297</xmax>
			<ymax>439</ymax>
		</bndbox>
	</object>
	<object>
		<name>smoke</name>
		<pose>Unspecified</pose>
		<truncated>Unspecified</truncated>
		<difficult>Unspecified</difficult>
		<bndbox>
			<xmin>343</xmin>
			<ymin>0</ymin>
			<xmax>771</xmax>
			<ymax>309</ymax>
		</bndbox>
	</object>
</annotation>