<annotation>
	<folder>my-project-name</folder>
	<filename>fireBig1208.jpg</filename>
	<path>/my-project-name/fireBig1208.jpg</path>
	<source>
		<database>Unspecified</database>
	</source>
	<size>
		<width>1280</width>
		<height>720</height>
		<depth>3</depth>
	</size>
	<object>
		<name>fire</name>
		<pose>Unspecified</pose>
		<truncated>Unspecified</truncated>
		<difficult>Unspecified</difficult>
		<bndbox>
			<xmin>287</xmin>
			<ymin>381</ymin>
			<xmax>350</xmax>
			<ymax>437</ymax>
		</bndbox>
	</object>
	<object>
		<name>fire</name>
		<pose>Unspecified</pose>
		<truncated>Unspecified</truncated>
		<difficult>Unspecified</difficult>
		<bndbox>
			<xmin>411</xmin>
			<ymin>421</ymin>
			<xmax>435</xmax>
			<ymax>441</ymax>
		</bndbox>
	</object>
	<object>
		<name>fire</name>
		<pose>Unspecified</pose>
		<truncated>Unspecified</truncated>
		<difficult>Unspecified</difficult>
		<bndbox>
			<xmin>464</xmin>
			<ymin>427</ymin>
			<xmax>486</xmax>
			<ymax>446</ymax>
		</bndbox>
	</object>
	<object>
		<name>fire</name>
		<pose>Unspecified</pose>
		<truncated>Unspecified</truncated>
		<difficult>Unspecified</difficult>
		<bndbox>
			<xmin>583</xmin>
			<ymin>396</ymin>
			<xmax>616</xmax>
			<ymax>424</ymax>
		</bndbox>
	</object>
	<object>
		<name>fire</name>
		<pose>Unspecified</pose>
		<truncated>Unspecified</truncated>
		<difficult>Unspecified</difficult>
		<bndbox>
			<xmin>805</xmin>
			<ymin>368</ymin>
			<xmax>861</xmax>
			<ymax>440</ymax>
		</bndbox>
	</object>
	<object>
		<name>fire</name>
		<pose>Unspecified</pose>
		<truncated>Unspecified</truncated>
		<difficult>Unspecified</difficult>
		<bndbox>
			<xmin>760</xmin>
			<ymin>424</ymin>
			<xmax>787</xmax>
			<ymax>450</ymax>
		</bndbox>
	</object>
	<object>
		<name>fire</name>
		<pose>Unspecified</pose>
		<truncated>Unspecified</truncated>
		<difficult>Unspecified</difficult>
		<bndbox>
			<xmin>661</xmin>
			<ymin>452</ymin>
			<xmax>673</xmax>
			<ymax>470</ymax>
		</bndbox>
	</object>
</annotation>