<annotation>
	<folder>my-project-name</folder>
	<filename>fire.69.png</filename>
	<path>/my-project-name/fire.69.png</path>
	<source>
		<database>Unspecified</database>
	</source>
	<size>
		<width>4608</width>
		<height>3440</height>
		<depth>3</depth>
	</size>
	<object>
		<name>fire</name>
		<pose>Unspecified</pose>
		<truncated>Unspecified</truncated>
		<difficult>Unspecified</difficult>
		<bndbox>
			<xmin>3739</xmin>
			<ymin>2013</ymin>
			<xmax>3980</xmax>
			<ymax>2620</ymax>
		</bndbox>
	</object>
	<object>
		<name>fire</name>
		<pose>Unspecified</pose>
		<truncated>Unspecified</truncated>
		<difficult>Unspecified</difficult>
		<bndbox>
			<xmin>2238</xmin>
			<ymin>2284</ymin>
			<xmax>2670</xmax>
			<ymax>2562</ymax>
		</bndbox>
	</object>
	<object>
		<name>fire</name>
		<pose>Unspecified</pose>
		<truncated>Unspecified</truncated>
		<difficult>Unspecified</difficult>
		<bndbox>
			<xmin>1163</xmin>
			<ymin>2153</ymin>
			<xmax>1332</xmax>
			<ymax>2265</ymax>
		</bndbox>
	</object>
	<object>
		<name>fire</name>
		<pose>Unspecified</pose>
		<truncated>Unspecified</truncated>
		<difficult>Unspecified</difficult>
		<bndbox>
			<xmin>542</xmin>
			<ymin>1984</ymin>
			<xmax>681</xmax>
			<ymax>2250</ymax>
		</bndbox>
	</object>
	<object>
		<name>fire</name>
		<pose>Unspecified</pose>
		<truncated>Unspecified</truncated>
		<difficult>Unspecified</difficult>
		<bndbox>
			<xmin>1725</xmin>
			<ymin>2616</ymin>
			<xmax>1894</xmax>
			<ymax>2758</ymax>
		</bndbox>
	</object>
	<object>
		<name>fire</name>
		<pose>Unspecified</pose>
		<truncated>Unspecified</truncated>
		<difficult>Unspecified</difficult>
		<bndbox>
			<xmin>1413</xmin>
			<ymin>2123</ymin>
			<xmax>1513</xmax>
			<ymax>2196</ymax>
		</bndbox>
	</object>
</annotation>