<annotation>
	<folder>my-project-name</folder>
	<filename>firehome7.jpg</filename>
	<path>/my-project-name/firehome7.jpg</path>
	<source>
		<database>Unspecified</database>
	</source>
	<size>
		<width>640</width>
		<height>424</height>
		<depth>3</depth>
	</size>
	<object>
		<name>smoke</name>
		<pose>Unspecified</pose>
		<truncated>Unspecified</truncated>
		<difficult>Unspecified</difficult>
		<bndbox>
			<xmin>484</xmin>
			<ymin>0</ymin>
			<xmax>640</xmax>
			<ymax>261</ymax>
		</bndbox>
	</object>
	<object>
		<name>fire</name>
		<pose>Unspecified</pose>
		<truncated>Unspecified</truncated>
		<difficult>Unspecified</difficult>
		<bndbox>
			<xmin>591</xmin>
			<ymin>159</ymin>
			<xmax>629</xmax>
			<ymax>249</ymax>
		</bndbox>
	</object>
	<object>
		<name>fire</name>
		<pose>Unspecified</pose>
		<truncated>Unspecified</truncated>
		<difficult>Unspecified</difficult>
		<bndbox>
			<xmin>124</xmin>
			<ymin>237</ymin>
			<xmax>257</xmax>
			<ymax>294</ymax>
		</bndbox>
	</object>
</annotation>