<annotation>
	<folder>my-project-name</folder>
	<filename>fireBig1189.jpg</filename>
	<path>/my-project-name/fireBig1189.jpg</path>
	<source>
		<database>Unspecified</database>
	</source>
	<size>
		<width>1280</width>
		<height>720</height>
		<depth>3</depth>
	</size>
	<object>
		<name>fire</name>
		<pose>Unspecified</pose>
		<truncated>Unspecified</truncated>
		<difficult>Unspecified</difficult>
		<bndbox>
			<xmin>236</xmin>
			<ymin>380</ymin>
			<xmax>270</xmax>
			<ymax>441</ymax>
		</bndbox>
	</object>
	<object>
		<name>fire</name>
		<pose>Unspecified</pose>
		<truncated>Unspecified</truncated>
		<difficult>Unspecified</difficult>
		<bndbox>
			<xmin>371</xmin>
			<ymin>420</ymin>
			<xmax>393</xmax>
			<ymax>438</ymax>
		</bndbox>
	</object>
	<object>
		<name>fire</name>
		<pose>Unspecified</pose>
		<truncated>Unspecified</truncated>
		<difficult>Unspecified</difficult>
		<bndbox>
			<xmin>428</xmin>
			<ymin>422</ymin>
			<xmax>456</xmax>
			<ymax>453</ymax>
		</bndbox>
	</object>
	<object>
		<name>fire</name>
		<pose>Unspecified</pose>
		<truncated>Unspecified</truncated>
		<difficult>Unspecified</difficult>
		<bndbox>
			<xmin>580</xmin>
			<ymin>391</ymin>
			<xmax>596</xmax>
			<ymax>427</ymax>
		</bndbox>
	</object>
	<object>
		<name>fire</name>
		<pose>Unspecified</pose>
		<truncated>Unspecified</truncated>
		<difficult>Unspecified</difficult>
		<bndbox>
			<xmin>600</xmin>
			<ymin>443</ymin>
			<xmax>610</xmax>
			<ymax>457</ymax>
		</bndbox>
	</object>
	<object>
		<name>fire</name>
		<pose>Unspecified</pose>
		<truncated>Unspecified</truncated>
		<difficult>Unspecified</difficult>
		<bndbox>
			<xmin>627</xmin>
			<ymin>455</ymin>
			<xmax>637</xmax>
			<ymax>467</ymax>
		</bndbox>
	</object>
	<object>
		<name>fire</name>
		<pose>Unspecified</pose>
		<truncated>Unspecified</truncated>
		<difficult>Unspecified</difficult>
		<bndbox>
			<xmin>654</xmin>
			<ymin>459</ymin>
			<xmax>665</xmax>
			<ymax>469</ymax>
		</bndbox>
	</object>
	<object>
		<name>fire</name>
		<pose>Unspecified</pose>
		<truncated>Unspecified</truncated>
		<difficult>Unspecified</difficult>
		<bndbox>
			<xmin>684</xmin>
			<ymin>442</ymin>
			<xmax>710</xmax>
			<ymax>470</ymax>
		</bndbox>
	</object>
	<object>
		<name>fire</name>
		<pose>Unspecified</pose>
		<truncated>Unspecified</truncated>
		<difficult>Unspecified</difficult>
		<bndbox>
			<xmin>807</xmin>
			<ymin>360</ymin>
			<xmax>901</xmax>
			<ymax>438</ymax>
		</bndbox>
	</object>
	<object>
		<name>fire</name>
		<pose>Unspecified</pose>
		<truncated>Unspecified</truncated>
		<difficult>Unspecified</difficult>
		<bndbox>
			<xmin>863</xmin>
			<ymin>321</ymin>
			<xmax>894</xmax>
			<ymax>368</ymax>
		</bndbox>
	</object>
	<object>
		<name>fire</name>
		<pose>Unspecified</pose>
		<truncated>Unspecified</truncated>
		<difficult>Unspecified</difficult>
		<bndbox>
			<xmin>821</xmin>
			<ymin>338</ymin>
			<xmax>845</xmax>
			<ymax>360</ymax>
		</bndbox>
	</object>
	<object>
		<name>smoke</name>
		<pose>Unspecified</pose>
		<truncated>Unspecified</truncated>
		<difficult>Unspecified</difficult>
		<bndbox>
			<xmin>328</xmin>
			<ymin>0</ymin>
			<xmax>846</xmax>
			<ymax>303</ymax>
		</bndbox>
	</object>
</annotation>