<annotation>
	<folder>my-project-name</folder>
	<filename>fireBig1197.jpg</filename>
	<path>/my-project-name/fireBig1197.jpg</path>
	<source>
		<database>Unspecified</database>
	</source>
	<size>
		<width>1280</width>
		<height>720</height>
		<depth>3</depth>
	</size>
	<object>
		<name>smoke</name>
		<pose>Unspecified</pose>
		<truncated>Unspecified</truncated>
		<difficult>Unspecified</difficult>
		<bndbox>
			<xmin>661</xmin>
			<ymin>0</ymin>
			<xmax>1144</xmax>
			<ymax>356</ymax>
		</bndbox>
	</object>
	<object>
		<name>fire</name>
		<pose>Unspecified</pose>
		<truncated>Unspecified</truncated>
		<difficult>Unspecified</difficult>
		<bndbox>
			<xmin>1031</xmin>
			<ymin>471</ymin>
			<xmax>1257</xmax>
			<ymax>537</ymax>
		</bndbox>
	</object>
	<object>
		<name>fire</name>
		<pose>Unspecified</pose>
		<truncated>Unspecified</truncated>
		<difficult>Unspecified</difficult>
		<bndbox>
			<xmin>961</xmin>
			<ymin>558</ymin>
			<xmax>1055</xmax>
			<ymax>709</ymax>
		</bndbox>
	</object>
	<object>
		<name>fire</name>
		<pose>Unspecified</pose>
		<truncated>Unspecified</truncated>
		<difficult>Unspecified</difficult>
		<bndbox>
			<xmin>753</xmin>
			<ymin>458</ymin>
			<xmax>918</xmax>
			<ymax>630</ymax>
		</bndbox>
	</object>
	<object>
		<name>fire</name>
		<pose>Unspecified</pose>
		<truncated>Unspecified</truncated>
		<difficult>Unspecified</difficult>
		<bndbox>
			<xmin>602</xmin>
			<ymin>343</ymin>
			<xmax>770</xmax>
			<ymax>456</ymax>
		</bndbox>
	</object>
	<object>
		<name>fire</name>
		<pose>Unspecified</pose>
		<truncated>Unspecified</truncated>
		<difficult>Unspecified</difficult>
		<bndbox>
			<xmin>457</xmin>
			<ymin>390</ymin>
			<xmax>600</xmax>
			<ymax>539</ymax>
		</bndbox>
	</object>
	<object>
		<name>fire</name>
		<pose>Unspecified</pose>
		<truncated>Unspecified</truncated>
		<difficult>Unspecified</difficult>
		<bndbox>
			<xmin>102</xmin>
			<ymin>303</ymin>
			<xmax>164</xmax>
			<ymax>443</ymax>
		</bndbox>
	</object>
	<object>
		<name>fire</name>
		<pose>Unspecified</pose>
		<truncated>Unspecified</truncated>
		<difficult>Unspecified</difficult>
		<bndbox>
			<xmin>21</xmin>
			<ymin>94</ymin>
			<xmax>185</xmax>
			<ymax>224</ymax>
		</bndbox>
	</object>
</annotation>