<annotation>
	<folder>my-project-name</folder>
	<filename>fire.60.png</filename>
	<path>/my-project-name/fire.60.png</path>
	<source>
		<database>Unspecified</database>
	</source>
	<size>
		<width>1580</width>
		<height>948</height>
		<depth>3</depth>
	</size>
	<object>
		<name>fire</name>
		<pose>Unspecified</pose>
		<truncated>Unspecified</truncated>
		<difficult>Unspecified</difficult>
		<bndbox>
			<xmin>217</xmin>
			<ymin>0</ymin>
			<xmax>972</xmax>
			<ymax>714</ymax>
		</bndbox>
	</object>
	<object>
		<name>fire</name>
		<pose>Unspecified</pose>
		<truncated>Unspecified</truncated>
		<difficult>Unspecified</difficult>
		<bndbox>
			<xmin>28</xmin>
			<ymin>250</ymin>
			<xmax>210</xmax>
			<ymax>441</ymax>
		</bndbox>
	</object>
	<object>
		<name>fire</name>
		<pose>Unspecified</pose>
		<truncated>Unspecified</truncated>
		<difficult>Unspecified</difficult>
		<bndbox>
			<xmin>967</xmin>
			<ymin>145</ymin>
			<xmax>1156</xmax>
			<ymax>264</ymax>
		</bndbox>
	</object>
</annotation>