<annotation>
	<folder>my-project-name</folder>
	<filename>fire.61.png</filename>
	<path>/my-project-name/fire.61.png</path>
	<source>
		<database>Unspecified</database>
	</source>
	<size>
		<width>660</width>
		<height>438</height>
		<depth>3</depth>
	</size>
	<object>
		<name>fire</name>
		<pose>Unspecified</pose>
		<truncated>Unspecified</truncated>
		<difficult>Unspecified</difficult>
		<bndbox>
			<xmin>102</xmin>
			<ymin>214</ymin>
			<xmax>162</xmax>
			<ymax>262</ymax>
		</bndbox>
	</object>
	<object>
		<name>fire</name>
		<pose>Unspecified</pose>
		<truncated>Unspecified</truncated>
		<difficult>Unspecified</difficult>
		<bndbox>
			<xmin>208</xmin>
			<ymin>235</ymin>
			<xmax>256</xmax>
			<ymax>262</ymax>
		</bndbox>
	</object>
	<object>
		<name>fire</name>
		<pose>Unspecified</pose>
		<truncated>Unspecified</truncated>
		<difficult>Unspecified</difficult>
		<bndbox>
			<xmin>334</xmin>
			<ymin>233</ymin>
			<xmax>376</xmax>
			<ymax>253</ymax>
		</bndbox>
	</object>
	<object>
		<name>fire</name>
		<pose>Unspecified</pose>
		<truncated>Unspecified</truncated>
		<difficult>Unspecified</difficult>
		<bndbox>
			<xmin>412</xmin>
			<ymin>246</ymin>
			<xmax>432</xmax>
			<ymax>256</ymax>
		</bndbox>
	</object>
</annotation>