<annotation>
	<folder>my-project-name</folder>
	<filename>image_683.jpg</filename>
	<path>/my-project-name/image_683.jpg</path>
	<source>
		<database>Unspecified</database>
	</source>
	<size>
		<width>194</width>
		<height>259</height>
		<depth>3</depth>
	</size>
	<object>
		<name>fire</name>
		<pose>Unspecified</pose>
		<truncated>Unspecified</truncated>
		<difficult>Unspecified</difficult>
		<bndbox>
			<xmin>27</xmin>
			<ymin>97</ymin>
			<xmax>130</xmax>
			<ymax>158</ymax>
		</bndbox>
	</object>
	<object>
		<name>smoke</name>
		<pose>Unspecified</pose>
		<truncated>Unspecified</truncated>
		<difficult>Unspecified</difficult>
		<bndbox>
			<xmin>0</xmin>
			<ymin>0</ymin>
			<xmax>172</xmax>
			<ymax>152</ymax>
		</bndbox>
	</object>
</annotation>