<annotation>
	<folder>my-project-name</folder>
	<filename>image_80.jpg</filename>
	<path>/my-project-name/image_80.jpg</path>
	<source>
		<database>Unspecified</database>
	</source>
	<size>
		<width>168</width>
		<height>299</height>
		<depth>3</depth>
	</size>
	<object>
		<name>smoke</name>
		<pose>Unspecified</pose>
		<truncated>Unspecified</truncated>
		<difficult>Unspecified</difficult>
		<bndbox>
			<xmin>0</xmin>
			<ymin>0</ymin>
			<xmax>165</xmax>
			<ymax>212</ymax>
		</bndbox>
	</object>
</annotation>