<annotation>
	<folder>my-project-name</folder>
	<filename>462_rgb.png</filename>
	<path>/my-project-name/462_rgb.png</path>
	<source>
		<database>Unspecified</database>
	</source>
	<size>
		<width>256</width>
		<height>256</height>
		<depth>3</depth>
	</size>
	<object>
		<name>fire</name>
		<pose>Unspecified</pose>
		<truncated>Unspecified</truncated>
		<difficult>Unspecified</difficult>
		<bndbox>
			<xmin>0</xmin>
			<ymin>86</ymin>
			<xmax>215</xmax>
			<ymax>141</ymax>
		</bndbox>
	</object>
	<object>
		<name>smoke</name>
		<pose>Unspecified</pose>
		<truncated>Unspecified</truncated>
		<difficult>Unspecified</difficult>
		<bndbox>
			<xmin>129</xmin>
			<ymin>13</ymin>
			<xmax>256</xmax>
			<ymax>75</ymax>
		</bndbox>
	</object>
</annotation>