<annotation>
	<folder>my-project-name</folder>
	<filename>fire.374.png</filename>
	<path>/my-project-name/fire.374.png</path>
	<source>
		<database>Unspecified</database>
	</source>
	<size>
		<width>660</width>
		<height>371</height>
		<depth>3</depth>
	</size>
	<object>
		<name>fire</name>
		<pose>Unspecified</pose>
		<truncated>Unspecified</truncated>
		<difficult>Unspecified</difficult>
		<bndbox>
			<xmin>433</xmin>
			<ymin>5</ymin>
			<xmax>642</xmax>
			<ymax>210</ymax>
		</bndbox>
	</object>
	<object>
		<name>fire</name>
		<pose>Unspecified</pose>
		<truncated>Unspecified</truncated>
		<difficult>Unspecified</difficult>
		<bndbox>
			<xmin>286</xmin>
			<ymin>225</ymin>
			<xmax>382</xmax>
			<ymax>284</ymax>
		</bndbox>
	</object>
	<object>
		<name>smoke</name>
		<pose>Unspecified</pose>
		<truncated>Unspecified</truncated>
		<difficult>Unspecified</difficult>
		<bndbox>
			<xmin>229</xmin>
			<ymin>4</ymin>
			<xmax>412</xmax>
			<ymax>137</ymax>
		</bndbox>
	</object>
</annotation>