<annotation>
	<folder>my-project-name</folder>
	<filename>fire.755.png</filename>
	<path>/my-project-name/fire.755.png</path>
	<source>
		<database>Unspecified</database>
	</source>
	<size>
		<width>1170</width>
		<height>660</height>
		<depth>3</depth>
	</size>
	<object>
		<name>fire</name>
		<pose>Unspecified</pose>
		<truncated>Unspecified</truncated>
		<difficult>Unspecified</difficult>
		<bndbox>
			<xmin>732</xmin>
			<ymin>275</ymin>
			<xmax>861</xmax>
			<ymax>592</ymax>
		</bndbox>
	</object>
	<object>
		<name>fire</name>
		<pose>Unspecified</pose>
		<truncated>Unspecified</truncated>
		<difficult>Unspecified</difficult>
		<bndbox>
			<xmin>355</xmin>
			<ymin>240</ymin>
			<xmax>694</xmax>
			<ymax>563</ymax>
		</bndbox>
	</object>
	<object>
		<name>fire</name>
		<pose>Unspecified</pose>
		<truncated>Unspecified</truncated>
		<difficult>Unspecified</difficult>
		<bndbox>
			<xmin>599</xmin>
			<ymin>0</ymin>
			<xmax>778</xmax>
			<ymax>114</ymax>
		</bndbox>
	</object>
	<object>
		<name>fire</name>
		<pose>Unspecified</pose>
		<truncated>Unspecified</truncated>
		<difficult>Unspecified</difficult>
		<bndbox>
			<xmin>799</xmin>
			<ymin>18</ymin>
			<xmax>901</xmax>
			<ymax>152</ymax>
		</bndbox>
	</object>
</annotation>