<annotation>
	<folder>my-project-name</folder>
	<filename>fire.259.png</filename>
	<path>/my-project-name/fire.259.png</path>
	<source>
		<database>Unspecified</database>
	</source>
	<size>
		<width>293</width>
		<height>165</height>
		<depth>3</depth>
	</size>
	<object>
		<name>fire</name>
		<pose>Unspecified</pose>
		<truncated>Unspecified</truncated>
		<difficult>Unspecified</difficult>
		<bndbox>
			<xmin>229</xmin>
			<ymin>19</ymin>
			<xmax>276</xmax>
			<ymax>60</ymax>
		</bndbox>
	</object>
</annotation>