<annotation>
	<folder>my-project-name</folder>
	<filename>fire.9.png</filename>
	<path>/my-project-name/fire.9.png</path>
	<source>
		<database>Unspecified</database>
	</source>
	<size>
		<width>1500</width>
		<height>996</height>
		<depth>3</depth>
	</size>
	<object>
		<name>fire</name>
		<pose>Unspecified</pose>
		<truncated>Unspecified</truncated>
		<difficult>Unspecified</difficult>
		<bndbox>
			<xmin>982</xmin>
			<ymin>624</ymin>
			<xmax>1139</xmax>
			<ymax>761</ymax>
		</bndbox>
	</object>
	<object>
		<name>fire</name>
		<pose>Unspecified</pose>
		<truncated>Unspecified</truncated>
		<difficult>Unspecified</difficult>
		<bndbox>
			<xmin>500</xmin>
			<ymin>702</ymin>
			<xmax>586</xmax>
			<ymax>797</ymax>
		</bndbox>
	</object>
	<object>
		<name>fire</name>
		<pose>Unspecified</pose>
		<truncated>Unspecified</truncated>
		<difficult>Unspecified</difficult>
		<bndbox>
			<xmin>701</xmin>
			<ymin>686</ymin>
			<xmax>792</xmax>
			<ymax>797</ymax>
		</bndbox>
	</object>
</annotation>