<annotation>
	<folder>my-project-name</folder>
	<filename>firehome8.jpg</filename>
	<path>/my-project-name/firehome8.jpg</path>
	<source>
		<database>Unspecified</database>
	</source>
	<size>
		<width>640</width>
		<height>424</height>
		<depth>3</depth>
	</size>
	<object>
		<name>smoke</name>
		<pose>Unspecified</pose>
		<truncated>Unspecified</truncated>
		<difficult>Unspecified</difficult>
		<bndbox>
			<xmin>527</xmin>
			<ymin>24</ymin>
			<xmax>634</xmax>
			<ymax>248</ymax>
		</bndbox>
	</object>
</annotation>