<annotation>
	<folder>my-project-name</folder>
	<filename>fire.15.png</filename>
	<path>/my-project-name/fire.15.png</path>
	<source>
		<database>Unspecified</database>
	</source>
	<size>
		<width>720</width>
		<height>405</height>
		<depth>3</depth>
	</size>
	<object>
		<name>fire</name>
		<pose>Unspecified</pose>
		<truncated>Unspecified</truncated>
		<difficult>Unspecified</difficult>
		<bndbox>
			<xmin>385</xmin>
			<ymin>177</ymin>
			<xmax>520</xmax>
			<ymax>258</ymax>
		</bndbox>
	</object>
	<object>
		<name>smoke</name>
		<pose>Unspecified</pose>
		<truncated>Unspecified</truncated>
		<difficult>Unspecified</difficult>
		<bndbox>
			<xmin>102</xmin>
			<ymin>103</ymin>
			<xmax>361</xmax>
			<ymax>217</ymax>
		</bndbox>
	</object>
</annotation>