<annotation>
	<folder>my-project-name</folder>
	<filename>fire.8.png</filename>
	<path>/my-project-name/fire.8.png</path>
	<source>
		<database>Unspecified</database>
	</source>
	<size>
		<width>1920</width>
		<height>1080</height>
		<depth>3</depth>
	</size>
	<object>
		<name>fire</name>
		<pose>Unspecified</pose>
		<truncated>Unspecified</truncated>
		<difficult>Unspecified</difficult>
		<bndbox>
			<xmin>1184</xmin>
			<ymin>279</ymin>
			<xmax>1399</xmax>
			<ymax>483</ymax>
		</bndbox>
	</object>
	<object>
		<name>fire</name>
		<pose>Unspecified</pose>
		<truncated>Unspecified</truncated>
		<difficult>Unspecified</difficult>
		<bndbox>
			<xmin>988</xmin>
			<ymin>138</ymin>
			<xmax>1204</xmax>
			<ymax>328</ymax>
		</bndbox>
	</object>
	<object>
		<name>fire</name>
		<pose>Unspecified</pose>
		<truncated>Unspecified</truncated>
		<difficult>Unspecified</difficult>
		<bndbox>
			<xmin>892</xmin>
			<ymin>662</ymin>
			<xmax>1099</xmax>
			<ymax>883</ymax>
		</bndbox>
	</object>
	<object>
		<name>fire</name>
		<pose>Unspecified</pose>
		<truncated>Unspecified</truncated>
		<difficult>Unspecified</difficult>
		<bndbox>
			<xmin>682</xmin>
			<ymin>642</ymin>
			<xmax>878</xmax>
			<ymax>832</ymax>
		</bndbox>
	</object>
</annotation>