<annotation>
	<folder>my-project-name</folder>
	<filename>fire.745.png</filename>
	<path>/my-project-name/fire.745.png</path>
	<source>
		<database>Unspecified</database>
	</source>
	<size>
		<width>1000</width>
		<height>667</height>
		<depth>3</depth>
	</size>
	<object>
		<name>fire</name>
		<pose>Unspecified</pose>
		<truncated>Unspecified</truncated>
		<difficult>Unspecified</difficult>
		<bndbox>
			<xmin>568</xmin>
			<ymin>266</ymin>
			<xmax>664</xmax>
			<ymax>406</ymax>
		</bndbox>
	</object>
	<object>
		<name>smoke</name>
		<pose>Unspecified</pose>
		<truncated>Unspecified</truncated>
		<difficult>Unspecified</difficult>
		<bndbox>
			<xmin>473</xmin>
			<ymin>269</ymin>
			<xmax>568</xmax>
			<ymax>415</ymax>
		</bndbox>
	</object>
	<object>
		<name>smoke</name>
		<pose>Unspecified</pose>
		<truncated>Unspecified</truncated>
		<difficult>Unspecified</difficult>
		<bndbox>
			<xmin>319</xmin>
			<ymin>64</ymin>
			<xmax>553</xmax>
			<ymax>229</ymax>
		</bndbox>
	</object>
</annotation>