<annotation>
	<folder>my-project-name</folder>
	<filename>fire.265.png</filename>
	<path>/my-project-name/fire.265.png</path>
	<source>
		<database>Unspecified</database>
	</source>
	<size>
		<width>590</width>
		<height>421</height>
		<depth>3</depth>
	</size>
	<object>
		<name>fire</name>
		<pose>Unspecified</pose>
		<truncated>Unspecified</truncated>
		<difficult>Unspecified</difficult>
		<bndbox>
			<xmin>405</xmin>
			<ymin>197</ymin>
			<xmax>461</xmax>
			<ymax>258</ymax>
		</bndbox>
	</object>
	<object>
		<name>smoke</name>
		<pose>Unspecified</pose>
		<truncated>Unspecified</truncated>
		<difficult>Unspecified</difficult>
		<bndbox>
			<xmin>0</xmin>
			<ymin>0</ymin>
			<xmax>173</xmax>
			<ymax>317</ymax>
		</bndbox>
	</object>
	<object>
		<name>smoke</name>
		<pose>Unspecified</pose>
		<truncated>Unspecified</truncated>
		<difficult>Unspecified</difficult>
		<bndbox>
			<xmin>181</xmin>
			<ymin>4</ymin>
			<xmax>283</xmax>
			<ymax>313</ymax>
		</bndbox>
	</object>
	<object>
		<name>smoke</name>
		<pose>Unspecified</pose>
		<truncated>Unspecified</truncated>
		<difficult>Unspecified</difficult>
		<bndbox>
			<xmin>296</xmin>
			<ymin>3</ymin>
			<xmax>563</xmax>
			<ymax>181</ymax>
		</bndbox>
	</object>
	<object>
		<name>smoke</name>
		<pose>Unspecified</pose>
		<truncated>Unspecified</truncated>
		<difficult>Unspecified</difficult>
		<bndbox>
			<xmin>293</xmin>
			<ymin>198</ymin>
			<xmax>382</xmax>
			<ymax>259</ymax>
		</bndbox>
	</object>
</annotation>