<annotation>
	<folder>my-project-name</folder>
	<filename>fire.526.png</filename>
	<path>/my-project-name/fire.526.png</path>
	<source>
		<database>Unspecified</database>
	</source>
	<size>
		<width>3264</width>
		<height>2448</height>
		<depth>3</depth>
	</size>
	<object>
		<name>fire</name>
		<pose>Unspecified</pose>
		<truncated>Unspecified</truncated>
		<difficult>Unspecified</difficult>
		<bndbox>
			<xmin>971</xmin>
			<ymin>276</ymin>
			<xmax>2262</xmax>
			<ymax>1505</ymax>
		</bndbox>
	</object>
	<object>
		<name>fire</name>
		<pose>Unspecified</pose>
		<truncated>Unspecified</truncated>
		<difficult>Unspecified</difficult>
		<bndbox>
			<xmin>1148</xmin>
			<ymin>1495</ymin>
			<xmax>2101</xmax>
			<ymax>2005</ymax>
		</bndbox>
	</object>
</annotation>