<annotation>
	<folder>my-project-name</folder>
	<filename>fire.237.png</filename>
	<path>/my-project-name/fire.237.png</path>
	<source>
		<database>Unspecified</database>
	</source>
	<size>
		<width>799</width>
		<height>599</height>
		<depth>3</depth>
	</size>
	<object>
		<name>fire</name>
		<pose>Unspecified</pose>
		<truncated>Unspecified</truncated>
		<difficult>Unspecified</difficult>
		<bndbox>
			<xmin>282</xmin>
			<ymin>260</ymin>
			<xmax>370</xmax>
			<ymax>320</ymax>
		</bndbox>
	</object>
	<object>
		<name>smoke</name>
		<pose>Unspecified</pose>
		<truncated>Unspecified</truncated>
		<difficult>Unspecified</difficult>
		<bndbox>
			<xmin>8</xmin>
			<ymin>6</ymin>
			<xmax>793</xmax>
			<ymax>215</ymax>
		</bndbox>
	</object>
	<object>
		<name>smoke</name>
		<pose>Unspecified</pose>
		<truncated>Unspecified</truncated>
		<difficult>Unspecified</difficult>
		<bndbox>
			<xmin>639</xmin>
			<ymin>227</ymin>
			<xmax>777</xmax>
			<ymax>349</ymax>
		</bndbox>
	</object>
	<object>
		<name>smoke</name>
		<pose>Unspecified</pose>
		<truncated>Unspecified</truncated>
		<difficult>Unspecified</difficult>
		<bndbox>
			<xmin>503</xmin>
			<ymin>265</ymin>
			<xmax>621</xmax>
			<ymax>349</ymax>
		</bndbox>
	</object>
	<object>
		<name>smoke</name>
		<pose>Unspecified</pose>
		<truncated>Unspecified</truncated>
		<difficult>Unspecified</difficult>
		<bndbox>
			<xmin>178</xmin>
			<ymin>321</ymin>
			<xmax>281</xmax>
			<ymax>404</ymax>
		</bndbox>
	</object>
</annotation>