<annotation>
	<folder>my-project-name</folder>
	<filename>fire.483.png</filename>
	<path>/my-project-name/fire.483.png</path>
	<source>
		<database>Unspecified</database>
	</source>
	<size>
		<width>992</width>
		<height>415</height>
		<depth>3</depth>
	</size>
	<object>
		<name>fire</name>
		<pose>Unspecified</pose>
		<truncated>Unspecified</truncated>
		<difficult>Unspecified</difficult>
		<bndbox>
			<xmin>796</xmin>
			<ymin>0</ymin>
			<xmax>952</xmax>
			<ymax>101</ymax>
		</bndbox>
	</object>
	<object>
		<name>fire</name>
		<pose>Unspecified</pose>
		<truncated>Unspecified</truncated>
		<difficult>Unspecified</difficult>
		<bndbox>
			<xmin>641</xmin>
			<ymin>61</ymin>
			<xmax>746</xmax>
			<ymax>172</ymax>
		</bndbox>
	</object>
	<object>
		<name>fire</name>
		<pose>Unspecified</pose>
		<truncated>Unspecified</truncated>
		<difficult>Unspecified</difficult>
		<bndbox>
			<xmin>499</xmin>
			<ymin>48</ymin>
			<xmax>636</xmax>
			<ymax>409</ymax>
		</bndbox>
	</object>
	<object>
		<name>fire</name>
		<pose>Unspecified</pose>
		<truncated>Unspecified</truncated>
		<difficult>Unspecified</difficult>
		<bndbox>
			<xmin>307</xmin>
			<ymin>307</ymin>
			<xmax>497</xmax>
			<ymax>415</ymax>
		</bndbox>
	</object>
	<object>
		<name>smoke</name>
		<pose>Unspecified</pose>
		<truncated>Unspecified</truncated>
		<difficult>Unspecified</difficult>
		<bndbox>
			<xmin>9</xmin>
			<ymin>13</ymin>
			<xmax>193</xmax>
			<ymax>415</ymax>
		</bndbox>
	</object>
</annotation>