<annotation>
	<folder>my-project-name</folder>
	<filename>fire.376.png</filename>
	<path>/my-project-name/fire.376.png</path>
	<source>
		<database>Unspecified</database>
	</source>
	<size>
		<width>720</width>
		<height>405</height>
		<depth>3</depth>
	</size>
	<object>
		<name>fire</name>
		<pose>Unspecified</pose>
		<truncated>Unspecified</truncated>
		<difficult>Unspecified</difficult>
		<bndbox>
			<xmin>278</xmin>
			<ymin>253</ymin>
			<xmax>314</xmax>
			<ymax>289</ymax>
		</bndbox>
	</object>
	<object>
		<name>fire</name>
		<pose>Unspecified</pose>
		<truncated>Unspecified</truncated>
		<difficult>Unspecified</difficult>
		<bndbox>
			<xmin>414</xmin>
			<ymin>262</ymin>
			<xmax>459</xmax>
			<ymax>298</ymax>
		</bndbox>
	</object>
</annotation>