<annotation>
	<folder>my-project-name</folder>
	<filename>fire.531.png</filename>
	<path>/my-project-name/fire.531.png</path>
	<source>
		<database>Unspecified</database>
	</source>
	<size>
		<width>2048</width>
		<height>1365</height>
		<depth>3</depth>
	</size>
	<object>
		<name>fire</name>
		<pose>Unspecified</pose>
		<truncated>Unspecified</truncated>
		<difficult>Unspecified</difficult>
		<bndbox>
			<xmin>767</xmin>
			<ymin>586</ymin>
			<xmax>1193</xmax>
			<ymax>979</ymax>
		</bndbox>
	</object>
	<object>
		<name>fire</name>
		<pose>Unspecified</pose>
		<truncated>Unspecified</truncated>
		<difficult>Unspecified</difficult>
		<bndbox>
			<xmin>495</xmin>
			<ymin>728</ymin>
			<xmax>788</xmax>
			<ymax>988</ymax>
		</bndbox>
	</object>
	<object>
		<name>fire</name>
		<pose>Unspecified</pose>
		<truncated>Unspecified</truncated>
		<difficult>Unspecified</difficult>
		<bndbox>
			<xmin>151</xmin>
			<ymin>737</ymin>
			<xmax>435</xmax>
			<ymax>991</ymax>
		</bndbox>
	</object>
	<object>
		<name>smoke</name>
		<pose>Unspecified</pose>
		<truncated>Unspecified</truncated>
		<difficult>Unspecified</difficult>
		<bndbox>
			<xmin>121</xmin>
			<ymin>12</ymin>
			<xmax>852</xmax>
			<ymax>692</ymax>
		</bndbox>
	</object>
	<object>
		<name>fire</name>
		<pose>Unspecified</pose>
		<truncated>Unspecified</truncated>
		<difficult>Unspecified</difficult>
		<bndbox>
			<xmin>997</xmin>
			<ymin>151</ymin>
			<xmax>1302</xmax>
			<ymax>380</ymax>
		</bndbox>
	</object>
	<object>
		<name>fire</name>
		<pose>Unspecified</pose>
		<truncated>Unspecified</truncated>
		<difficult>Unspecified</difficult>
		<bndbox>
			<xmin>882</xmin>
			<ymin>396</ymin>
			<xmax>1100</xmax>
			<ymax>574</ymax>
		</bndbox>
	</object>
	<object>
		<name>fire</name>
		<pose>Unspecified</pose>
		<truncated>Unspecified</truncated>
		<difficult>Unspecified</difficult>
		<bndbox>
			<xmin>1296</xmin>
			<ymin>39</ymin>
			<xmax>1435</xmax>
			<ymax>335</ymax>
		</bndbox>
	</object>
</annotation>