<annotation>
	<folder>my-project-name</folder>
	<filename>fire.733.png</filename>
	<path>/my-project-name/fire.733.png</path>
	<source>
		<database>Unspecified</database>
	</source>
	<size>
		<width>822</width>
		<height>625</height>
		<depth>3</depth>
	</size>
	<object>
		<name>fire</name>
		<pose>Unspecified</pose>
		<truncated>Unspecified</truncated>
		<difficult>Unspecified</difficult>
		<bndbox>
			<xmin>61</xmin>
			<ymin>379</ymin>
			<xmax>160</xmax>
			<ymax>465</ymax>
		</bndbox>
	</object>
	<object>
		<name>fire</name>
		<pose>Unspecified</pose>
		<truncated>Unspecified</truncated>
		<difficult>Unspecified</difficult>
		<bndbox>
			<xmin>117</xmin>
			<ymin>307</ymin>
			<xmax>250</xmax>
			<ymax>380</ymax>
		</bndbox>
	</object>
	<object>
		<name>fire</name>
		<pose>Unspecified</pose>
		<truncated>Unspecified</truncated>
		<difficult>Unspecified</difficult>
		<bndbox>
			<xmin>181</xmin>
			<ymin>384</ymin>
			<xmax>277</xmax>
			<ymax>452</ymax>
		</bndbox>
	</object>
	<object>
		<name>smoke</name>
		<pose>Unspecified</pose>
		<truncated>Unspecified</truncated>
		<difficult>Unspecified</difficult>
		<bndbox>
			<xmin>173</xmin>
			<ymin>66</ymin>
			<xmax>565</xmax>
			<ymax>404</ymax>
		</bndbox>
	</object>
	<object>
		<name>smoke</name>
		<pose>Unspecified</pose>
		<truncated>Unspecified</truncated>
		<difficult>Unspecified</difficult>
		<bndbox>
			<xmin>572</xmin>
			<ymin>0</ymin>
			<xmax>822</xmax>
			<ymax>359</ymax>
		</bndbox>
	</object>
</annotation>