<annotation>
	<folder>my-project-name</folder>
	<filename>fire.753.png</filename>
	<path>/my-project-name/fire.753.png</path>
	<source>
		<database>Unspecified</database>
	</source>
	<size>
		<width>1480</width>
		<height>832</height>
		<depth>3</depth>
	</size>
	<object>
		<name>fire</name>
		<pose>Unspecified</pose>
		<truncated>Unspecified</truncated>
		<difficult>Unspecified</difficult>
		<bndbox>
			<xmin>1024</xmin>
			<ymin>604</ymin>
			<xmax>1144</xmax>
			<ymax>743</ymax>
		</bndbox>
	</object>
	<object>
		<name>fire</name>
		<pose>Unspecified</pose>
		<truncated>Unspecified</truncated>
		<difficult>Unspecified</difficult>
		<bndbox>
			<xmin>1360</xmin>
			<ymin>724</ymin>
			<xmax>1480</xmax>
			<ymax>832</ymax>
		</bndbox>
	</object>
</annotation>