<annotation>
	<folder>my-project-name</folder>
	<filename>fire.13.png</filename>
	<path>/my-project-name/fire.13.png</path>
	<source>
		<database>Unspecified</database>
	</source>
	<size>
		<width>620</width>
		<height>413</height>
		<depth>3</depth>
	</size>
	<object>
		<name>fire</name>
		<pose>Unspecified</pose>
		<truncated>Unspecified</truncated>
		<difficult>Unspecified</difficult>
		<bndbox>
			<xmin>386</xmin>
			<ymin>0</ymin>
			<xmax>616</xmax>
			<ymax>413</ymax>
		</bndbox>
	</object>
	<object>
		<name>fire</name>
		<pose>Unspecified</pose>
		<truncated>Unspecified</truncated>
		<difficult>Unspecified</difficult>
		<bndbox>
			<xmin>37</xmin>
			<ymin>89</ymin>
			<xmax>207</xmax>
			<ymax>360</ymax>
		</bndbox>
	</object>
	<object>
		<name>smoke</name>
		<pose>Unspecified</pose>
		<truncated>Unspecified</truncated>
		<difficult>Unspecified</difficult>
		<bndbox>
			<xmin>227</xmin>
			<ymin>16</ymin>
			<xmax>368</xmax>
			<ymax>239</ymax>
		</bndbox>
	</object>
</annotation>