<annotation>
	<folder>my-project-name</folder>
	<filename>fire.361.png</filename>
	<path>/my-project-name/fire.361.png</path>
	<source>
		<database>Unspecified</database>
	</source>
	<size>
		<width>1920</width>
		<height>1280</height>
		<depth>3</depth>
	</size>
	<object>
		<name>fire</name>
		<pose>Unspecified</pose>
		<truncated>Unspecified</truncated>
		<difficult>Unspecified</difficult>
		<bndbox>
			<xmin>547</xmin>
			<ymin>773</ymin>
			<xmax>790</xmax>
			<ymax>923</ymax>
		</bndbox>
	</object>
	<object>
		<name>fire</name>
		<pose>Unspecified</pose>
		<truncated>Unspecified</truncated>
		<difficult>Unspecified</difficult>
		<bndbox>
			<xmin>1311</xmin>
			<ymin>940</ymin>
			<xmax>1507</xmax>
			<ymax>1102</ymax>
		</bndbox>
	</object>
	<object>
		<name>fire</name>
		<pose>Unspecified</pose>
		<truncated>Unspecified</truncated>
		<difficult>Unspecified</difficult>
		<bndbox>
			<xmin>1266</xmin>
			<ymin>660</ymin>
			<xmax>1441</xmax>
			<ymax>833</ymax>
		</bndbox>
	</object>
	<object>
		<name>fire</name>
		<pose>Unspecified</pose>
		<truncated>Unspecified</truncated>
		<difficult>Unspecified</difficult>
		<bndbox>
			<xmin>1116</xmin>
			<ymin>394</ymin>
			<xmax>1255</xmax>
			<ymax>835</ymax>
		</bndbox>
	</object>
	<object>
		<name>fire</name>
		<pose>Unspecified</pose>
		<truncated>Unspecified</truncated>
		<difficult>Unspecified</difficult>
		<bndbox>
			<xmin>756</xmin>
			<ymin>909</ymin>
			<xmax>940</xmax>
			<ymax>1099</ymax>
		</bndbox>
	</object>
	<object>
		<name>fire</name>
		<pose>Unspecified</pose>
		<truncated>Unspecified</truncated>
		<difficult>Unspecified</difficult>
		<bndbox>
			<xmin>3</xmin>
			<ymin>830</ymin>
			<xmax>227</xmax>
			<ymax>1000</ymax>
		</bndbox>
	</object>
	<object>
		<name>fire</name>
		<pose>Unspecified</pose>
		<truncated>Unspecified</truncated>
		<difficult>Unspecified</difficult>
		<bndbox>
			<xmin>1750</xmin>
			<ymin>612</ymin>
			<xmax>1920</xmax>
			<ymax>977</ymax>
		</bndbox>
	</object>
</annotation>