<annotation>
	<folder>my-project-name</folder>
	<filename>fire.254.png</filename>
	<path>/my-project-name/fire.254.png</path>
	<source>
		<database>Unspecified</database>
	</source>
	<size>
		<width>400</width>
		<height>225</height>
		<depth>3</depth>
	</size>
	<object>
		<name>fire</name>
		<pose>Unspecified</pose>
		<truncated>Unspecified</truncated>
		<difficult>Unspecified</difficult>
		<bndbox>
			<xmin>160</xmin>
			<ymin>92</ymin>
			<xmax>192</xmax>
			<ymax>133</ymax>
		</bndbox>
	</object>
	<object>
		<name>smoke</name>
		<pose>Unspecified</pose>
		<truncated>Unspecified</truncated>
		<difficult>Unspecified</difficult>
		<bndbox>
			<xmin>141</xmin>
			<ymin>3</ymin>
			<xmax>204</xmax>
			<ymax>91</ymax>
		</bndbox>
	</object>
</annotation>