<annotation>
	<folder>my-project-name</folder>
	<filename>fire.734.png</filename>
	<path>/my-project-name/fire.734.png</path>
	<source>
		<database>Unspecified</database>
	</source>
	<size>
		<width>640</width>
		<height>360</height>
		<depth>3</depth>
	</size>
	<object>
		<name>fire</name>
		<pose>Unspecified</pose>
		<truncated>Unspecified</truncated>
		<difficult>Unspecified</difficult>
		<bndbox>
			<xmin>92</xmin>
			<ymin>246</ymin>
			<xmax>235</xmax>
			<ymax>338</ymax>
		</bndbox>
	</object>
	<object>
		<name>fire</name>
		<pose>Unspecified</pose>
		<truncated>Unspecified</truncated>
		<difficult>Unspecified</difficult>
		<bndbox>
			<xmin>307</xmin>
			<ymin>272</ymin>
			<xmax>378</xmax>
			<ymax>346</ymax>
		</bndbox>
	</object>
	<object>
		<name>fire</name>
		<pose>Unspecified</pose>
		<truncated>Unspecified</truncated>
		<difficult>Unspecified</difficult>
		<bndbox>
			<xmin>468</xmin>
			<ymin>288</ymin>
			<xmax>596</xmax>
			<ymax>349</ymax>
		</bndbox>
	</object>
</annotation>