<annotation>
	<folder>my-project-name</folder>
	<filename>fire.535.png</filename>
	<path>/my-project-name/fire.535.png</path>
	<source>
		<database>Unspecified</database>
	</source>
	<size>
		<width>990</width>
		<height>564</height>
		<depth>3</depth>
	</size>
	<object>
		<name>fire</name>
		<pose>Unspecified</pose>
		<truncated>Unspecified</truncated>
		<difficult>Unspecified</difficult>
		<bndbox>
			<xmin>661</xmin>
			<ymin>245</ymin>
			<xmax>810</xmax>
			<ymax>412</ymax>
		</bndbox>
	</object>
	<object>
		<name>fire</name>
		<pose>Unspecified</pose>
		<truncated>Unspecified</truncated>
		<difficult>Unspecified</difficult>
		<bndbox>
			<xmin>520</xmin>
			<ymin>278</ymin>
			<xmax>660</xmax>
			<ymax>419</ymax>
		</bndbox>
	</object>
	<object>
		<name>fire</name>
		<pose>Unspecified</pose>
		<truncated>Unspecified</truncated>
		<difficult>Unspecified</difficult>
		<bndbox>
			<xmin>327</xmin>
			<ymin>234</ymin>
			<xmax>407</xmax>
			<ymax>375</ymax>
		</bndbox>
	</object>
	<object>
		<name>fire</name>
		<pose>Unspecified</pose>
		<truncated>Unspecified</truncated>
		<difficult>Unspecified</difficult>
		<bndbox>
			<xmin>333</xmin>
			<ymin>0</ymin>
			<xmax>425</xmax>
			<ymax>184</ymax>
		</bndbox>
	</object>
</annotation>