<annotation>
	<folder>my-project-name</folder>
	<filename>fire.3.png</filename>
	<path>/my-project-name/fire.3.png</path>
	<source>
		<database>Unspecified</database>
	</source>
	<size>
		<width>1280</width>
		<height>720</height>
		<depth>3</depth>
	</size>
	<object>
		<name>fire</name>
		<pose>Unspecified</pose>
		<truncated>Unspecified</truncated>
		<difficult>Unspecified</difficult>
		<bndbox>
			<xmin>0</xmin>
			<ymin>464</ymin>
			<xmax>234</xmax>
			<ymax>571</ymax>
		</bndbox>
	</object>
	<object>
		<name>fire</name>
		<pose>Unspecified</pose>
		<truncated>Unspecified</truncated>
		<difficult>Unspecified</difficult>
		<bndbox>
			<xmin>262</xmin>
			<ymin>453</ymin>
			<xmax>538</xmax>
			<ymax>549</ymax>
		</bndbox>
	</object>
	<object>
		<name>fire</name>
		<pose>Unspecified</pose>
		<truncated>Unspecified</truncated>
		<difficult>Unspecified</difficult>
		<bndbox>
			<xmin>683</xmin>
			<ymin>413</ymin>
			<xmax>836</xmax>
			<ymax>526</ymax>
		</bndbox>
	</object>
</annotation>