<annotation>
	<folder>my-project-name</folder>
	<filename>fire.264.png</filename>
	<path>/my-project-name/fire.264.png</path>
	<source>
		<database>Unspecified</database>
	</source>
	<size>
		<width>400</width>
		<height>267</height>
		<depth>3</depth>
	</size>
	<object>
		<name>fire</name>
		<pose>Unspecified</pose>
		<truncated>Unspecified</truncated>
		<difficult>Unspecified</difficult>
		<bndbox>
			<xmin>14</xmin>
			<ymin>128</ymin>
			<xmax>107</xmax>
			<ymax>217</ymax>
		</bndbox>
	</object>
</annotation>