<annotation>
	<folder>my-project-name</folder>
	<filename>fire.469.png</filename>
	<path>/my-project-name/fire.469.png</path>
	<source>
		<database>Unspecified</database>
	</source>
	<size>
		<width>5568</width>
		<height>3712</height>
		<depth>3</depth>
	</size>
	<object>
		<name>fire</name>
		<pose>Unspecified</pose>
		<truncated>Unspecified</truncated>
		<difficult>Unspecified</difficult>
		<bndbox>
			<xmin>501</xmin>
			<ymin>493</ymin>
			<xmax>1462</xmax>
			<ymax>1569</ymax>
		</bndbox>
	</object>
	<object>
		<name>fire</name>
		<pose>Unspecified</pose>
		<truncated>Unspecified</truncated>
		<difficult>Unspecified</difficult>
		<bndbox>
			<xmin>846</xmin>
			<ymin>1519</ymin>
			<xmax>2406</xmax>
			<ymax>2513</ymax>
		</bndbox>
	</object>
	<object>
		<name>fire</name>
		<pose>Unspecified</pose>
		<truncated>Unspecified</truncated>
		<difficult>Unspecified</difficult>
		<bndbox>
			<xmin>0</xmin>
			<ymin>2160</ymin>
			<xmax>246</xmax>
			<ymax>2390</ymax>
		</bndbox>
	</object>
</annotation>