<annotation>
	<folder>my-project-name</folder>
	<filename>fire.17.png</filename>
	<path>/my-project-name/fire.17.png</path>
	<source>
		<database>Unspecified</database>
	</source>
	<size>
		<width>630</width>
		<height>386</height>
		<depth>3</depth>
	</size>
	<object>
		<name>fire</name>
		<pose>Unspecified</pose>
		<truncated>Unspecified</truncated>
		<difficult>Unspecified</difficult>
		<bndbox>
			<xmin>176</xmin>
			<ymin>94</ymin>
			<xmax>244</xmax>
			<ymax>178</ymax>
		</bndbox>
	</object>
	<object>
		<name>fire</name>
		<pose>Unspecified</pose>
		<truncated>Unspecified</truncated>
		<difficult>Unspecified</difficult>
		<bndbox>
			<xmin>371</xmin>
			<ymin>76</ymin>
			<xmax>446</xmax>
			<ymax>143</ymax>
		</bndbox>
	</object>
	<object>
		<name>fire</name>
		<pose>Unspecified</pose>
		<truncated>Unspecified</truncated>
		<difficult>Unspecified</difficult>
		<bndbox>
			<xmin>179</xmin>
			<ymin>271</ymin>
			<xmax>248</xmax>
			<ymax>358</ymax>
		</bndbox>
	</object>
	<object>
		<name>fire</name>
		<pose>Unspecified</pose>
		<truncated>Unspecified</truncated>
		<difficult>Unspecified</difficult>
		<bndbox>
			<xmin>380</xmin>
			<ymin>235</ymin>
			<xmax>432</xmax>
			<ymax>322</ymax>
		</bndbox>
	</object>
	<object>
		<name>fire</name>
		<pose>Unspecified</pose>
		<truncated>Unspecified</truncated>
		<difficult>Unspecified</difficult>
		<bndbox>
			<xmin>14</xmin>
			<ymin>181</ymin>
			<xmax>83</xmax>
			<ymax>259</ymax>
		</bndbox>
	</object>
</annotation>