<annotation>
	<folder>my-project-name</folder>
	<filename>fire.735.png</filename>
	<path>/my-project-name/fire.735.png</path>
	<source>
		<database>Unspecified</database>
	</source>
	<size>
		<width>647</width>
		<height>404</height>
		<depth>3</depth>
	</size>
	<object>
		<name>smoke</name>
		<pose>Unspecified</pose>
		<truncated>Unspecified</truncated>
		<difficult>Unspecified</difficult>
		<bndbox>
			<xmin>519</xmin>
			<ymin>14</ymin>
			<xmax>639</xmax>
			<ymax>129</ymax>
		</bndbox>
	</object>
	<object>
		<name>fire</name>
		<pose>Unspecified</pose>
		<truncated>Unspecified</truncated>
		<difficult>Unspecified</difficult>
		<bndbox>
			<xmin>285</xmin>
			<ymin>286</ymin>
			<xmax>391</xmax>
			<ymax>351</ymax>
		</bndbox>
	</object>
</annotation>