<annotation>
	<folder>my-project-name</folder>
	<filename>fire.723.png</filename>
	<path>/my-project-name/fire.723.png</path>
	<source>
		<database>Unspecified</database>
	</source>
	<size>
		<width>900</width>
		<height>621</height>
		<depth>3</depth>
	</size>
	<object>
		<name>fire</name>
		<pose>Unspecified</pose>
		<truncated>Unspecified</truncated>
		<difficult>Unspecified</difficult>
		<bndbox>
			<xmin>419</xmin>
			<ymin>198</ymin>
			<xmax>531</xmax>
			<ymax>305</ymax>
		</bndbox>
	</object>
	<object>
		<name>fire</name>
		<pose>Unspecified</pose>
		<truncated>Unspecified</truncated>
		<difficult>Unspecified</difficult>
		<bndbox>
			<xmin>280</xmin>
			<ymin>113</ymin>
			<xmax>401</xmax>
			<ymax>218</ymax>
		</bndbox>
	</object>
	<object>
		<name>fire</name>
		<pose>Unspecified</pose>
		<truncated>Unspecified</truncated>
		<difficult>Unspecified</difficult>
		<bndbox>
			<xmin>179</xmin>
			<ymin>82</ymin>
			<xmax>252</xmax>
			<ymax>163</ymax>
		</bndbox>
	</object>
	<object>
		<name>smoke</name>
		<pose>Unspecified</pose>
		<truncated>Unspecified</truncated>
		<difficult>Unspecified</difficult>
		<bndbox>
			<xmin>546</xmin>
			<ymin>32</ymin>
			<xmax>717</xmax>
			<ymax>171</ymax>
		</bndbox>
	</object>
</annotation>