<annotation>
	<folder>my-project-name</folder>
	<filename>fire.724.png</filename>
	<path>/my-project-name/fire.724.png</path>
	<source>
		<database>Unspecified</database>
	</source>
	<size>
		<width>630</width>
		<height>315</height>
		<depth>3</depth>
	</size>
	<object>
		<name>smoke</name>
		<pose>Unspecified</pose>
		<truncated>Unspecified</truncated>
		<difficult>Unspecified</difficult>
		<bndbox>
			<xmin>442</xmin>
			<ymin>22</ymin>
			<xmax>611</xmax>
			<ymax>131</ymax>
		</bndbox>
	</object>
</annotation>