<annotation>
	<folder>my-project-name</folder>
	<filename>fire.528.png</filename>
	<path>/my-project-name/fire.528.png</path>
	<source>
		<database>Unspecified</database>
	</source>
	<size>
		<width>892</width>
		<height>513</height>
		<depth>3</depth>
	</size>
	<object>
		<name>fire</name>
		<pose>Unspecified</pose>
		<truncated>Unspecified</truncated>
		<difficult>Unspecified</difficult>
		<bndbox>
			<xmin>246</xmin>
			<ymin>8</ymin>
			<xmax>372</xmax>
			<ymax>109</ymax>
		</bndbox>
	</object>
	<object>
		<name>fire</name>
		<pose>Unspecified</pose>
		<truncated>Unspecified</truncated>
		<difficult>Unspecified</difficult>
		<bndbox>
			<xmin>164</xmin>
			<ymin>410</ymin>
			<xmax>250</xmax>
			<ymax>485</ymax>
		</bndbox>
	</object>
	<object>
		<name>fire</name>
		<pose>Unspecified</pose>
		<truncated>Unspecified</truncated>
		<difficult>Unspecified</difficult>
		<bndbox>
			<xmin>272</xmin>
			<ymin>392</ymin>
			<xmax>396</xmax>
			<ymax>475</ymax>
		</bndbox>
	</object>
	<object>
		<name>fire</name>
		<pose>Unspecified</pose>
		<truncated>Unspecified</truncated>
		<difficult>Unspecified</difficult>
		<bndbox>
			<xmin>405</xmin>
			<ymin>356</ymin>
			<xmax>522</xmax>
			<ymax>472</ymax>
		</bndbox>
	</object>
	<object>
		<name>fire</name>
		<pose>Unspecified</pose>
		<truncated>Unspecified</truncated>
		<difficult>Unspecified</difficult>
		<bndbox>
			<xmin>304</xmin>
			<ymin>228</ymin>
			<xmax>435</xmax>
			<ymax>331</ymax>
		</bndbox>
	</object>
	<object>
		<name>fire</name>
		<pose>Unspecified</pose>
		<truncated>Unspecified</truncated>
		<difficult>Unspecified</difficult>
		<bndbox>
			<xmin>550</xmin>
			<ymin>274</ymin>
			<xmax>639</xmax>
			<ymax>400</ymax>
		</bndbox>
	</object>
</annotation>