<annotation>
	<folder>my-project-name</folder>
	<filename>fire.375.png</filename>
	<path>/my-project-name/fire.375.png</path>
	<source>
		<database>Unspecified</database>
	</source>
	<size>
		<width>750</width>
		<height>500</height>
		<depth>3</depth>
	</size>
	<object>
		<name>fire</name>
		<pose>Unspecified</pose>
		<truncated>Unspecified</truncated>
		<difficult>Unspecified</difficult>
		<bndbox>
			<xmin>449</xmin>
			<ymin>361</ymin>
			<xmax>556</xmax>
			<ymax>441</ymax>
		</bndbox>
	</object>
</annotation>