<annotation>
	<folder>my-project-name</folder>
	<filename>fire.538.png</filename>
	<path>/my-project-name/fire.538.png</path>
	<source>
		<database>Unspecified</database>
	</source>
	<size>
		<width>2592</width>
		<height>1944</height>
		<depth>3</depth>
	</size>
	<object>
		<name>fire</name>
		<pose>Unspecified</pose>
		<truncated>Unspecified</truncated>
		<difficult>Unspecified</difficult>
		<bndbox>
			<xmin>1391</xmin>
			<ymin>1460</ymin>
			<xmax>1726</xmax>
			<ymax>1774</ymax>
		</bndbox>
	</object>
	<object>
		<name>fire</name>
		<pose>Unspecified</pose>
		<truncated>Unspecified</truncated>
		<difficult>Unspecified</difficult>
		<bndbox>
			<xmin>1370</xmin>
			<ymin>128</ymin>
			<xmax>1664</xmax>
			<ymax>546</ymax>
		</bndbox>
	</object>
	<object>
		<name>fire</name>
		<pose>Unspecified</pose>
		<truncated>Unspecified</truncated>
		<difficult>Unspecified</difficult>
		<bndbox>
			<xmin>390</xmin>
			<ymin>1605</ymin>
			<xmax>924</xmax>
			<ymax>1799</ymax>
		</bndbox>
	</object>
	<object>
		<name>fire</name>
		<pose>Unspecified</pose>
		<truncated>Unspecified</truncated>
		<difficult>Unspecified</difficult>
		<bndbox>
			<xmin>597</xmin>
			<ymin>1108</ymin>
			<xmax>907</xmax>
			<ymax>1489</ymax>
		</bndbox>
	</object>
	<object>
		<name>fire</name>
		<pose>Unspecified</pose>
		<truncated>Unspecified</truncated>
		<difficult>Unspecified</difficult>
		<bndbox>
			<xmin>1292</xmin>
			<ymin>1088</ymin>
			<xmax>1511</xmax>
			<ymax>1390</ymax>
		</bndbox>
	</object>
</annotation>