<annotation>
	<folder>my-project-name</folder>
	<filename>firehome9.jpg</filename>
	<path>/my-project-name/firehome9.jpg</path>
	<source>
		<database>Unspecified</database>
	</source>
	<size>
		<width>640</width>
		<height>424</height>
		<depth>3</depth>
	</size>
	<object>
		<name>smoke</name>
		<pose>Unspecified</pose>
		<truncated>Unspecified</truncated>
		<difficult>Unspecified</difficult>
		<bndbox>
			<xmin>511</xmin>
			<ymin>0</ymin>
			<xmax>632</xmax>
			<ymax>259</ymax>
		</bndbox>
	</object>
	<object>
		<name>fire</name>
		<pose>Unspecified</pose>
		<truncated>Unspecified</truncated>
		<difficult>Unspecified</difficult>
		<bndbox>
			<xmin>127</xmin>
			<ymin>234</ymin>
			<xmax>261</xmax>
			<ymax>288</ymax>
		</bndbox>
	</object>
</annotation>