<annotation>
	<folder>my-project-name</folder>
	<filename>fire.7.png</filename>
	<path>/my-project-name/fire.7.png</path>
	<source>
		<database>Unspecified</database>
	</source>
	<size>
		<width>1873</width>
		<height>1339</height>
		<depth>3</depth>
	</size>
	<object>
		<name>fire</name>
		<pose>Unspecified</pose>
		<truncated>Unspecified</truncated>
		<difficult>Unspecified</difficult>
		<bndbox>
			<xmin>948</xmin>
			<ymin>974</ymin>
			<xmax>1150</xmax>
			<ymax>1168</ymax>
		</bndbox>
	</object>
	<object>
		<name>fire</name>
		<pose>Unspecified</pose>
		<truncated>Unspecified</truncated>
		<difficult>Unspecified</difficult>
		<bndbox>
			<xmin>595</xmin>
			<ymin>1009</ymin>
			<xmax>894</xmax>
			<ymax>1197</ymax>
		</bndbox>
	</object>
</annotation>