<annotation>
	<folder>my-project-name</folder>
	<filename>fire.445.png</filename>
	<path>/my-project-name/fire.445.png</path>
	<source>
		<database>Unspecified</database>
	</source>
	<size>
		<width>968</width>
		<height>681</height>
		<depth>3</depth>
	</size>
	<object>
		<name>smoke</name>
		<pose>Unspecified</pose>
		<truncated>Unspecified</truncated>
		<difficult>Unspecified</difficult>
		<bndbox>
			<xmin>3</xmin>
			<ymin>6</ymin>
			<xmax>871</xmax>
			<ymax>200</ymax>
		</bndbox>
	</object>
	<object>
		<name>smoke</name>
		<pose>Unspecified</pose>
		<truncated>Unspecified</truncated>
		<difficult>Unspecified</difficult>
		<bndbox>
			<xmin>0</xmin>
			<ymin>206</ymin>
			<xmax>822</xmax>
			<ymax>564</ymax>
		</bndbox>
	</object>
	<object>
		<name>fire</name>
		<pose>Unspecified</pose>
		<truncated>Unspecified</truncated>
		<difficult>Unspecified</difficult>
		<bndbox>
			<xmin>535</xmin>
			<ymin>577</ymin>
			<xmax>594</xmax>
			<ymax>609</ymax>
		</bndbox>
	</object>
</annotation>