<annotation>
	<folder>my-project-name</folder>
	<filename>fire.255.png</filename>
	<path>/my-project-name/fire.255.png</path>
	<source>
		<database>Unspecified</database>
	</source>
	<size>
		<width>640</width>
		<height>359</height>
		<depth>3</depth>
	</size>
	<object>
		<name>fire</name>
		<pose>Unspecified</pose>
		<truncated>Unspecified</truncated>
		<difficult>Unspecified</difficult>
		<bndbox>
			<xmin>379</xmin>
			<ymin>157</ymin>
			<xmax>554</xmax>
			<ymax>281</ymax>
		</bndbox>
	</object>
</annotation>