<annotation>
	<folder>my-project-name</folder>
	<filename>fire.372.png</filename>
	<path>/my-project-name/fire.372.png</path>
	<source>
		<database>Unspecified</database>
	</source>
	<size>
		<width>800</width>
		<height>600</height>
		<depth>3</depth>
	</size>
	<object>
		<name>smoke</name>
		<pose>Unspecified</pose>
		<truncated>Unspecified</truncated>
		<difficult>Unspecified</difficult>
		<bndbox>
			<xmin>718</xmin>
			<ymin>3</ymin>
			<xmax>800</xmax>
			<ymax>78</ymax>
		</bndbox>
	</object>
	<object>
		<name>fire</name>
		<pose>Unspecified</pose>
		<truncated>Unspecified</truncated>
		<difficult>Unspecified</difficult>
		<bndbox>
			<xmin>456</xmin>
			<ymin>212</ymin>
			<xmax>604</xmax>
			<ymax>314</ymax>
		</bndbox>
	</object>
</annotation>