<annotation>
	<folder>my-project-name</folder>
	<filename>fire.358.png</filename>
	<path>/my-project-name/fire.358.png</path>
	<source>
		<database>Unspecified</database>
	</source>
	<size>
		<width>920</width>
		<height>594</height>
		<depth>3</depth>
	</size>
	<object>
		<name>fire</name>
		<pose>Unspecified</pose>
		<truncated>Unspecified</truncated>
		<difficult>Unspecified</difficult>
		<bndbox>
			<xmin>339</xmin>
			<ymin>161</ymin>
			<xmax>418</xmax>
			<ymax>214</ymax>
		</bndbox>
	</object>
	<object>
		<name>fire</name>
		<pose>Unspecified</pose>
		<truncated>Unspecified</truncated>
		<difficult>Unspecified</difficult>
		<bndbox>
			<xmin>760</xmin>
			<ymin>28</ymin>
			<xmax>818</xmax>
			<ymax>76</ymax>
		</bndbox>
	</object>
</annotation>