<annotation>
	<folder>my-project-name</folder>
	<filename>fire.2.png</filename>
	<path>/my-project-name/fire.2.png</path>
	<source>
		<database>Unspecified</database>
	</source>
	<size>
		<width>1440</width>
		<height>960</height>
		<depth>3</depth>
	</size>
	<object>
		<name>fire</name>
		<pose>Unspecified</pose>
		<truncated>Unspecified</truncated>
		<difficult>Unspecified</difficult>
		<bndbox>
			<xmin>59</xmin>
			<ymin>495</ymin>
			<xmax>270</xmax>
			<ymax>692</ymax>
		</bndbox>
	</object>
	<object>
		<name>fire</name>
		<pose>Unspecified</pose>
		<truncated>Unspecified</truncated>
		<difficult>Unspecified</difficult>
		<bndbox>
			<xmin>363</xmin>
			<ymin>505</ymin>
			<xmax>758</xmax>
			<ymax>728</ymax>
		</bndbox>
	</object>
	<object>
		<name>fire</name>
		<pose>Unspecified</pose>
		<truncated>Unspecified</truncated>
		<difficult>Unspecified</difficult>
		<bndbox>
			<xmin>996</xmin>
			<ymin>510</ymin>
			<xmax>1255</xmax>
			<ymax>669</ymax>
		</bndbox>
	</object>
</annotation>