<annotation>
	<folder>my-project-name</folder>
	<filename>fire.499.png</filename>
	<path>/my-project-name/fire.499.png</path>
	<source>
		<database>Unspecified</database>
	</source>
	<size>
		<width>800</width>
		<height>551</height>
		<depth>3</depth>
	</size>
	<object>
		<name>fire</name>
		<pose>Unspecified</pose>
		<truncated>Unspecified</truncated>
		<difficult>Unspecified</difficult>
		<bndbox>
			<xmin>477</xmin>
			<ymin>174</ymin>
			<xmax>657</xmax>
			<ymax>240</ymax>
		</bndbox>
	</object>
	<object>
		<name>fire</name>
		<pose>Unspecified</pose>
		<truncated>Unspecified</truncated>
		<difficult>Unspecified</difficult>
		<bndbox>
			<xmin>135</xmin>
			<ymin>86</ymin>
			<xmax>334</xmax>
			<ymax>202</ymax>
		</bndbox>
	</object>
</annotation>