<annotation>
	<folder>my-project-name</folder>
	<filename>fire.356.png</filename>
	<path>/my-project-name/fire.356.png</path>
	<source>
		<database>Unspecified</database>
	</source>
	<size>
		<width>1000</width>
		<height>666</height>
		<depth>3</depth>
	</size>
	<object>
		<name>fire</name>
		<pose>Unspecified</pose>
		<truncated>Unspecified</truncated>
		<difficult>Unspecified</difficult>
		<bndbox>
			<xmin>29</xmin>
			<ymin>581</ymin>
			<xmax>158</xmax>
			<ymax>666</ymax>
		</bndbox>
	</object>
	<object>
		<name>fire</name>
		<pose>Unspecified</pose>
		<truncated>Unspecified</truncated>
		<difficult>Unspecified</difficult>
		<bndbox>
			<xmin>555</xmin>
			<ymin>545</ymin>
			<xmax>668</xmax>
			<ymax>598</ymax>
		</bndbox>
	</object>
</annotation>