<annotation>
	<folder>my-project-name</folder>
	<filename>fire.746.png</filename>
	<path>/my-project-name/fire.746.png</path>
	<source>
		<database>Unspecified</database>
	</source>
	<size>
		<width>653</width>
		<height>367</height>
		<depth>3</depth>
	</size>
	<object>
		<name>fire</name>
		<pose>Unspecified</pose>
		<truncated>Unspecified</truncated>
		<difficult>Unspecified</difficult>
		<bndbox>
			<xmin>333</xmin>
			<ymin>155</ymin>
			<xmax>414</xmax>
			<ymax>242</ymax>
		</bndbox>
	</object>
	<object>
		<name>fire</name>
		<pose>Unspecified</pose>
		<truncated>Unspecified</truncated>
		<difficult>Unspecified</difficult>
		<bndbox>
			<xmin>210</xmin>
			<ymin>134</ymin>
			<xmax>326</xmax>
			<ymax>251</ymax>
		</bndbox>
	</object>
	<object>
		<name>fire</name>
		<pose>Unspecified</pose>
		<truncated>Unspecified</truncated>
		<difficult>Unspecified</difficult>
		<bndbox>
			<xmin>114</xmin>
			<ymin>65</ymin>
			<xmax>205</xmax>
			<ymax>208</ymax>
		</bndbox>
	</object>
	<object>
		<name>fire</name>
		<pose>Unspecified</pose>
		<truncated>Unspecified</truncated>
		<difficult>Unspecified</difficult>
		<bndbox>
			<xmin>42</xmin>
			<ymin>51</ymin>
			<xmax>111</xmax>
			<ymax>188</ymax>
		</bndbox>
	</object>
</annotation>