<annotation>
	<folder>my-project-name</folder>
	<filename>fire.754.png</filename>
	<path>/my-project-name/fire.754.png</path>
	<source>
		<database>Unspecified</database>
	</source>
	<size>
		<width>534</width>
		<height>401</height>
		<depth>3</depth>
	</size>
	<object>
		<name>fire</name>
		<pose>Unspecified</pose>
		<truncated>Unspecified</truncated>
		<difficult>Unspecified</difficult>
		<bndbox>
			<xmin>250</xmin>
			<ymin>288</ymin>
			<xmax>276</xmax>
			<ymax>331</ymax>
		</bndbox>
	</object>
</annotation>