<annotation>
	<folder>my-project-name</folder>
	<filename>fire.263.png</filename>
	<path>/my-project-name/fire.263.png</path>
	<source>
		<database>Unspecified</database>
	</source>
	<size>
		<width>590</width>
		<height>421</height>
		<depth>3</depth>
	</size>
	<object>
		<name>fire</name>
		<pose>Unspecified</pose>
		<truncated>Unspecified</truncated>
		<difficult>Unspecified</difficult>
		<bndbox>
			<xmin>480</xmin>
			<ymin>117</ymin>
			<xmax>590</xmax>
			<ymax>239</ymax>
		</bndbox>
	</object>
</annotation>