<annotation>
	<folder>my-project-name</folder>
	<filename>fire.369.png</filename>
	<path>/my-project-name/fire.369.png</path>
	<source>
		<database>Unspecified</database>
	</source>
	<size>
		<width>2500</width>
		<height>1875</height>
		<depth>3</depth>
	</size>
	<object>
		<name>fire</name>
		<pose>Unspecified</pose>
		<truncated>Unspecified</truncated>
		<difficult>Unspecified</difficult>
		<bndbox>
			<xmin>1238</xmin>
			<ymin>44</ymin>
			<xmax>1868</xmax>
			<ymax>487</ymax>
		</bndbox>
	</object>
	<object>
		<name>fire</name>
		<pose>Unspecified</pose>
		<truncated>Unspecified</truncated>
		<difficult>Unspecified</difficult>
		<bndbox>
			<xmin>2116</xmin>
			<ymin>1384</ymin>
			<xmax>2455</xmax>
			<ymax>1715</ymax>
		</bndbox>
	</object>
	<object>
		<name>fire</name>
		<pose>Unspecified</pose>
		<truncated>Unspecified</truncated>
		<difficult>Unspecified</difficult>
		<bndbox>
			<xmin>1709</xmin>
			<ymin>1388</ymin>
			<xmax>2068</xmax>
			<ymax>1715</ymax>
		</bndbox>
	</object>
	<object>
		<name>fire</name>
		<pose>Unspecified</pose>
		<truncated>Unspecified</truncated>
		<difficult>Unspecified</difficult>
		<bndbox>
			<xmin>1386</xmin>
			<ymin>1185</ymin>
			<xmax>1729</xmax>
			<ymax>1492</ymax>
		</bndbox>
	</object>
	<object>
		<name>fire</name>
		<pose>Unspecified</pose>
		<truncated>Unspecified</truncated>
		<difficult>Unspecified</difficult>
		<bndbox>
			<xmin>1254</xmin>
			<ymin>922</ymin>
			<xmax>1577</xmax>
			<ymax>1157</ymax>
		</bndbox>
	</object>
	<object>
		<name>fire</name>
		<pose>Unspecified</pose>
		<truncated>Unspecified</truncated>
		<difficult>Unspecified</difficult>
		<bndbox>
			<xmin>1039</xmin>
			<ymin>582</ymin>
			<xmax>1665</xmax>
			<ymax>906</ymax>
		</bndbox>
	</object>
	<object>
		<name>smoke</name>
		<pose>Unspecified</pose>
		<truncated>Unspecified</truncated>
		<difficult>Unspecified</difficult>
		<bndbox>
			<xmin>13</xmin>
			<ymin>12</ymin>
			<xmax>1031</xmax>
			<ymax>794</ymax>
		</bndbox>
	</object>
	<object>
		<name>smoke</name>
		<pose>Unspecified</pose>
		<truncated>Unspecified</truncated>
		<difficult>Unspecified</difficult>
		<bndbox>
			<xmin>25</xmin>
			<ymin>842</ymin>
			<xmax>169</xmax>
			<ymax>1376</ymax>
		</bndbox>
	</object>
	<object>
		<name>smoke</name>
		<pose>Unspecified</pose>
		<truncated>Unspecified</truncated>
		<difficult>Unspecified</difficult>
		<bndbox>
			<xmin>771</xmin>
			<ymin>838</ymin>
			<xmax>1226</xmax>
			<ymax>1169</ymax>
		</bndbox>
	</object>
</annotation>