<annotation>
	<folder>my-project-name</folder>
	<filename>fire.742.png</filename>
	<path>/my-project-name/fire.742.png</path>
	<source>
		<database>Unspecified</database>
	</source>
	<size>
		<width>2977</width>
		<height>1973</height>
		<depth>3</depth>
	</size>
	<object>
		<name>fire</name>
		<pose>Unspecified</pose>
		<truncated>Unspecified</truncated>
		<difficult>Unspecified</difficult>
		<bndbox>
			<xmin>18</xmin>
			<ymin>0</ymin>
			<xmax>2801</xmax>
			<ymax>1636</ymax>
		</bndbox>
	</object>
</annotation>