<annotation>
	<folder>my-project-name</folder>
	<filename>fire.16.png</filename>
	<path>/my-project-name/fire.16.png</path>
	<source>
		<database>Unspecified</database>
	</source>
	<size>
		<width>1280</width>
		<height>720</height>
		<depth>3</depth>
	</size>
	<object>
		<name>smoke</name>
		<pose>Unspecified</pose>
		<truncated>Unspecified</truncated>
		<difficult>Unspecified</difficult>
		<bndbox>
			<xmin>515</xmin>
			<ymin>324</ymin>
			<xmax>855</xmax>
			<ymax>447</ymax>
		</bndbox>
	</object>
	<object>
		<name>smoke</name>
		<pose>Unspecified</pose>
		<truncated>Unspecified</truncated>
		<difficult>Unspecified</difficult>
		<bndbox>
			<xmin>521</xmin>
			<ymin>166</ymin>
			<xmax>774</xmax>
			<ymax>313</ymax>
		</bndbox>
	</object>
	<object>
		<name>smoke</name>
		<pose>Unspecified</pose>
		<truncated>Unspecified</truncated>
		<difficult>Unspecified</difficult>
		<bndbox>
			<xmin>302</xmin>
			<ymin>7</ymin>
			<xmax>519</xmax>
			<ymax>332</ymax>
		</bndbox>
	</object>
	<object>
		<name>smoke</name>
		<pose>Unspecified</pose>
		<truncated>Unspecified</truncated>
		<difficult>Unspecified</difficult>
		<bndbox>
			<xmin>531</xmin>
			<ymin>1</ymin>
			<xmax>731</xmax>
			<ymax>154</ymax>
		</bndbox>
	</object>
	<object>
		<name>smoke</name>
		<pose>Unspecified</pose>
		<truncated>Unspecified</truncated>
		<difficult>Unspecified</difficult>
		<bndbox>
			<xmin>123</xmin>
			<ymin>5</ymin>
			<xmax>296</xmax>
			<ymax>264</ymax>
		</bndbox>
	</object>
	<object>
		<name>fire</name>
		<pose>Unspecified</pose>
		<truncated>Unspecified</truncated>
		<difficult>Unspecified</difficult>
		<bndbox>
			<xmin>766</xmin>
			<ymin>483</ymin>
			<xmax>970</xmax>
			<ymax>570</ymax>
		</bndbox>
	</object>
	<object>
		<name>smoke</name>
		<pose>Unspecified</pose>
		<truncated>Unspecified</truncated>
		<difficult>Unspecified</difficult>
		<bndbox>
			<xmin>638</xmin>
			<ymin>477</ymin>
			<xmax>763</xmax>
			<ymax>560</ymax>
		</bndbox>
	</object>
</annotation>