<annotation>
	<folder>my-project-name</folder>
	<filename>fire.523.png</filename>
	<path>/my-project-name/fire.523.png</path>
	<source>
		<database>Unspecified</database>
	</source>
	<size>
		<width>1100</width>
		<height>619</height>
		<depth>3</depth>
	</size>
	<object>
		<name>fire</name>
		<pose>Unspecified</pose>
		<truncated>Unspecified</truncated>
		<difficult>Unspecified</difficult>
		<bndbox>
			<xmin>584</xmin>
			<ymin>490</ymin>
			<xmax>709</xmax>
			<ymax>553</ymax>
		</bndbox>
	</object>
	<object>
		<name>fire</name>
		<pose>Unspecified</pose>
		<truncated>Unspecified</truncated>
		<difficult>Unspecified</difficult>
		<bndbox>
			<xmin>333</xmin>
			<ymin>553</ymin>
			<xmax>558</xmax>
			<ymax>613</ymax>
		</bndbox>
	</object>
	<object>
		<name>fire</name>
		<pose>Unspecified</pose>
		<truncated>Unspecified</truncated>
		<difficult>Unspecified</difficult>
		<bndbox>
			<xmin>793</xmin>
			<ymin>462</ymin>
			<xmax>905</xmax>
			<ymax>582</ymax>
		</bndbox>
	</object>
</annotation>