<annotation>
	<folder>my-project-name</folder>
	<filename>fire.12.png</filename>
	<path>/my-project-name/fire.12.png</path>
	<source>
		<database>Unspecified</database>
	</source>
	<size>
		<width>480</width>
		<height>320</height>
		<depth>3</depth>
	</size>
	<object>
		<name>fire</name>
		<pose>Unspecified</pose>
		<truncated>Unspecified</truncated>
		<difficult>Unspecified</difficult>
		<bndbox>
			<xmin>33</xmin>
			<ymin>152</ymin>
			<xmax>286</xmax>
			<ymax>258</ymax>
		</bndbox>
	</object>
	<object>
		<name>smoke</name>
		<pose>Unspecified</pose>
		<truncated>Unspecified</truncated>
		<difficult>Unspecified</difficult>
		<bndbox>
			<xmin>292</xmin>
			<ymin>51</ymin>
			<xmax>425</xmax>
			<ymax>140</ymax>
		</bndbox>
	</object>
</annotation>