<annotation>
	<folder>my-project-name</folder>
	<filename>fire.1.png</filename>
	<path>/my-project-name/fire.1.png</path>
	<source>
		<database>Unspecified</database>
	</source>
	<size>
		<width>860</width>
		<height>460</height>
		<depth>3</depth>
	</size>
	<object>
		<name>fire</name>
		<pose>Unspecified</pose>
		<truncated>Unspecified</truncated>
		<difficult>Unspecified</difficult>
		<bndbox>
			<xmin>449</xmin>
			<ymin>78</ymin>
			<xmax>860</xmax>
			<ymax>136</ymax>
		</bndbox>
	</object>
	<object>
		<name>fire</name>
		<pose>Unspecified</pose>
		<truncated>Unspecified</truncated>
		<difficult>Unspecified</difficult>
		<bndbox>
			<xmin>331</xmin>
			<ymin>82</ymin>
			<xmax>440</xmax>
			<ymax>151</ymax>
		</bndbox>
	</object>
	<object>
		<name>fire</name>
		<pose>Unspecified</pose>
		<truncated>Unspecified</truncated>
		<difficult>Unspecified</difficult>
		<bndbox>
			<xmin>255</xmin>
			<ymin>56</ymin>
			<xmax>311</xmax>
			<ymax>164</ymax>
		</bndbox>
	</object>
	<object>
		<name>fire</name>
		<pose>Unspecified</pose>
		<truncated>Unspecified</truncated>
		<difficult>Unspecified</difficult>
		<bndbox>
			<xmin>3</xmin>
			<ymin>142</ymin>
			<xmax>51</xmax>
			<ymax>183</ymax>
		</bndbox>
	</object>
	<object>
		<name>smoke</name>
		<pose>Unspecified</pose>
		<truncated>Unspecified</truncated>
		<difficult>Unspecified</difficult>
		<bndbox>
			<xmin>184</xmin>
			<ymin>27</ymin>
			<xmax>241</xmax>
			<ymax>139</ymax>
		</bndbox>
	</object>
	<object>
		<name>smoke</name>
		<pose>Unspecified</pose>
		<truncated>Unspecified</truncated>
		<difficult>Unspecified</difficult>
		<bndbox>
			<xmin>634</xmin>
			<ymin>9</ymin>
			<xmax>724</xmax>
			<ymax>64</ymax>
		</bndbox>
	</object>
	<object>
		<name>smoke</name>
		<pose>Unspecified</pose>
		<truncated>Unspecified</truncated>
		<difficult>Unspecified</difficult>
		<bndbox>
			<xmin>471</xmin>
			<ymin>3</ymin>
			<xmax>556</xmax>
			<ymax>56</ymax>
		</bndbox>
	</object>
</annotation>