<annotation>
	<folder>my-project-name</folder>
	<filename>fire.730.png</filename>
	<path>/my-project-name/fire.730.png</path>
	<source>
		<database>Unspecified</database>
	</source>
	<size>
		<width>650</width>
		<height>366</height>
		<depth>3</depth>
	</size>
	<object>
		<name>fire</name>
		<pose>Unspecified</pose>
		<truncated>Unspecified</truncated>
		<difficult>Unspecified</difficult>
		<bndbox>
			<xmin>561</xmin>
			<ymin>265</ymin>
			<xmax>595</xmax>
			<ymax>333</ymax>
		</bndbox>
	</object>
	<object>
		<name>fire</name>
		<pose>Unspecified</pose>
		<truncated>Unspecified</truncated>
		<difficult>Unspecified</difficult>
		<bndbox>
			<xmin>463</xmin>
			<ymin>214</ymin>
			<xmax>534</xmax>
			<ymax>292</ymax>
		</bndbox>
	</object>
</annotation>