<annotation>
	<folder>my-project-name</folder>
	<filename>fire.378.png</filename>
	<path>/my-project-name/fire.378.png</path>
	<source>
		<database>Unspecified</database>
	</source>
	<size>
		<width>901</width>
		<height>600</height>
		<depth>3</depth>
	</size>
	<object>
		<name>fire</name>
		<pose>Unspecified</pose>
		<truncated>Unspecified</truncated>
		<difficult>Unspecified</difficult>
		<bndbox>
			<xmin>811</xmin>
			<ymin>38</ymin>
			<xmax>901</xmax>
			<ymax>232</ymax>
		</bndbox>
	</object>
	<object>
		<name>fire</name>
		<pose>Unspecified</pose>
		<truncated>Unspecified</truncated>
		<difficult>Unspecified</difficult>
		<bndbox>
			<xmin>663</xmin>
			<ymin>111</ymin>
			<xmax>825</xmax>
			<ymax>253</ymax>
		</bndbox>
	</object>
	<object>
		<name>fire</name>
		<pose>Unspecified</pose>
		<truncated>Unspecified</truncated>
		<difficult>Unspecified</difficult>
		<bndbox>
			<xmin>518</xmin>
			<ymin>175</ymin>
			<xmax>671</xmax>
			<ymax>284</ymax>
		</bndbox>
	</object>
	<object>
		<name>fire</name>
		<pose>Unspecified</pose>
		<truncated>Unspecified</truncated>
		<difficult>Unspecified</difficult>
		<bndbox>
			<xmin>383</xmin>
			<ymin>207</ymin>
			<xmax>530</xmax>
			<ymax>312</ymax>
		</bndbox>
	</object>
	<object>
		<name>fire</name>
		<pose>Unspecified</pose>
		<truncated>Unspecified</truncated>
		<difficult>Unspecified</difficult>
		<bndbox>
			<xmin>256</xmin>
			<ymin>236</ymin>
			<xmax>385</xmax>
			<ymax>340</ymax>
		</bndbox>
	</object>
</annotation>