<annotation>
	<folder>my-project-name</folder>
	<filename>firehome4.jpg</filename>
	<path>/my-project-name/firehome4.jpg</path>
	<source>
		<database>Unspecified</database>
	</source>
	<size>
		<width>640</width>
		<height>424</height>
		<depth>3</depth>
	</size>
	<object>
		<name>smoke</name>
		<pose>Unspecified</pose>
		<truncated>Unspecified</truncated>
		<difficult>Unspecified</difficult>
		<bndbox>
			<xmin>513</xmin>
			<ymin>0</ymin>
			<xmax>633</xmax>
			<ymax>248</ymax>
		</bndbox>
	</object>
	<object>
		<name>fire</name>
		<pose>Unspecified</pose>
		<truncated>Unspecified</truncated>
		<difficult>Unspecified</difficult>
		<bndbox>
			<xmin>159</xmin>
			<ymin>228</ymin>
			<xmax>241</xmax>
			<ymax>282</ymax>
		</bndbox>
	</object>
</annotation>