<annotation>
	<folder>my-project-name</folder>
	<filename>fire.357.png</filename>
	<path>/my-project-name/fire.357.png</path>
	<source>
		<database>Unspecified</database>
	</source>
	<size>
		<width>4348</width>
		<height>2899</height>
		<depth>3</depth>
	</size>
	<object>
		<name>fire</name>
		<pose>Unspecified</pose>
		<truncated>Unspecified</truncated>
		<difficult>Unspecified</difficult>
		<bndbox>
			<xmin>289</xmin>
			<ymin>1591</ymin>
			<xmax>911</xmax>
			<ymax>2149</ymax>
		</bndbox>
	</object>
	<object>
		<name>fire</name>
		<pose>Unspecified</pose>
		<truncated>Unspecified</truncated>
		<difficult>Unspecified</difficult>
		<bndbox>
			<xmin>1270</xmin>
			<ymin>1507</ymin>
			<xmax>2463</xmax>
			<ymax>2097</ymax>
		</bndbox>
	</object>
	<object>
		<name>fire</name>
		<pose>Unspecified</pose>
		<truncated>Unspecified</truncated>
		<difficult>Unspecified</difficult>
		<bndbox>
			<xmin>1738</xmin>
			<ymin>1007</ymin>
			<xmax>2405</xmax>
			<ymax>1507</ymax>
		</bndbox>
	</object>
	<object>
		<name>fire</name>
		<pose>Unspecified</pose>
		<truncated>Unspecified</truncated>
		<difficult>Unspecified</difficult>
		<bndbox>
			<xmin>2136</xmin>
			<ymin>186</ymin>
			<xmax>3097</xmax>
			<ymax>757</ymax>
		</bndbox>
	</object>
	<object>
		<name>smoke</name>
		<pose>Unspecified</pose>
		<truncated>Unspecified</truncated>
		<difficult>Unspecified</difficult>
		<bndbox>
			<xmin>237</xmin>
			<ymin>443</ymin>
			<xmax>1725</xmax>
			<ymax>1315</ymax>
		</bndbox>
	</object>
	<object>
		<name>smoke</name>
		<pose>Unspecified</pose>
		<truncated>Unspecified</truncated>
		<difficult>Unspecified</difficult>
		<bndbox>
			<xmin>988</xmin>
			<ymin>39</ymin>
			<xmax>1853</xmax>
			<ymax>385</ymax>
		</bndbox>
	</object>
</annotation>