<annotation>
	<folder>my-project-name</folder>
	<filename>fire.490.png</filename>
	<path>/my-project-name/fire.490.png</path>
	<source>
		<database>Unspecified</database>
	</source>
	<size>
		<width>800</width>
		<height>533</height>
		<depth>3</depth>
	</size>
	<object>
		<name>smoke</name>
		<pose>Unspecified</pose>
		<truncated>Unspecified</truncated>
		<difficult>Unspecified</difficult>
		<bndbox>
			<xmin>407</xmin>
			<ymin>73</ymin>
			<xmax>537</xmax>
			<ymax>192</ymax>
		</bndbox>
	</object>
	<object>
		<name>fire</name>
		<pose>Unspecified</pose>
		<truncated>Unspecified</truncated>
		<difficult>Unspecified</difficult>
		<bndbox>
			<xmin>319</xmin>
			<ymin>256</ymin>
			<xmax>421</xmax>
			<ymax>374</ymax>
		</bndbox>
	</object>
</annotation>