<annotation>
	<folder>my-project-name</folder>
	<filename>fire.359.png</filename>
	<path>/my-project-name/fire.359.png</path>
	<source>
		<database>Unspecified</database>
	</source>
	<size>
		<width>1500</width>
		<height>843</height>
		<depth>3</depth>
	</size>
	<object>
		<name>fire</name>
		<pose>Unspecified</pose>
		<truncated>Unspecified</truncated>
		<difficult>Unspecified</difficult>
		<bndbox>
			<xmin>1221</xmin>
			<ymin>499</ymin>
			<xmax>1299</xmax>
			<ymax>612</ymax>
		</bndbox>
	</object>
</annotation>