<annotation>
	<folder>my-project-name</folder>
	<filename>fire.728.png</filename>
	<path>/my-project-name/fire.728.png</path>
	<source>
		<database>Unspecified</database>
	</source>
	<size>
		<width>960</width>
		<height>540</height>
		<depth>3</depth>
	</size>
	<object>
		<name>fire</name>
		<pose>Unspecified</pose>
		<truncated>Unspecified</truncated>
		<difficult>Unspecified</difficult>
		<bndbox>
			<xmin>736</xmin>
			<ymin>100</ymin>
			<xmax>864</xmax>
			<ymax>189</ymax>
		</bndbox>
	</object>
	<object>
		<name>fire</name>
		<pose>Unspecified</pose>
		<truncated>Unspecified</truncated>
		<difficult>Unspecified</difficult>
		<bndbox>
			<xmin>647</xmin>
			<ymin>181</ymin>
			<xmax>732</xmax>
			<ymax>308</ymax>
		</bndbox>
	</object>
	<object>
		<name>fire</name>
		<pose>Unspecified</pose>
		<truncated>Unspecified</truncated>
		<difficult>Unspecified</difficult>
		<bndbox>
			<xmin>578</xmin>
			<ymin>315</ymin>
			<xmax>692</xmax>
			<ymax>455</ymax>
		</bndbox>
	</object>
	<object>
		<name>fire</name>
		<pose>Unspecified</pose>
		<truncated>Unspecified</truncated>
		<difficult>Unspecified</difficult>
		<bndbox>
			<xmin>368</xmin>
			<ymin>379</ymin>
			<xmax>469</xmax>
			<ymax>470</ymax>
		</bndbox>
	</object>
</annotation>