<annotation>
	<folder>my-project-name</folder>
	<filename>fire.517.png</filename>
	<path>/my-project-name/fire.517.png</path>
	<source>
		<database>Unspecified</database>
	</source>
	<size>
		<width>2160</width>
		<height>1440</height>
		<depth>3</depth>
	</size>
	<object>
		<name>fire</name>
		<pose>Unspecified</pose>
		<truncated>Unspecified</truncated>
		<difficult>Unspecified</difficult>
		<bndbox>
			<xmin>905</xmin>
			<ymin>1010</ymin>
			<xmax>1204</xmax>
			<ymax>1293</ymax>
		</bndbox>
	</object>
	<object>
		<name>fire</name>
		<pose>Unspecified</pose>
		<truncated>Unspecified</truncated>
		<difficult>Unspecified</difficult>
		<bndbox>
			<xmin>1105</xmin>
			<ymin>631</ymin>
			<xmax>1379</xmax>
			<ymax>898</ymax>
		</bndbox>
	</object>
	<object>
		<name>fire</name>
		<pose>Unspecified</pose>
		<truncated>Unspecified</truncated>
		<difficult>Unspecified</difficult>
		<bndbox>
			<xmin>1188</xmin>
			<ymin>382</ymin>
			<xmax>1548</xmax>
			<ymax>618</ymax>
		</bndbox>
	</object>
	<object>
		<name>fire</name>
		<pose>Unspecified</pose>
		<truncated>Unspecified</truncated>
		<difficult>Unspecified</difficult>
		<bndbox>
			<xmin>1367</xmin>
			<ymin>67</ymin>
			<xmax>1685</xmax>
			<ymax>347</ymax>
		</bndbox>
	</object>
	<object>
		<name>smoke</name>
		<pose>Unspecified</pose>
		<truncated>Unspecified</truncated>
		<difficult>Unspecified</difficult>
		<bndbox>
			<xmin>1876</xmin>
			<ymin>3</ymin>
			<xmax>2160</xmax>
			<ymax>335</ymax>
		</bndbox>
	</object>
	<object>
		<name>fire</name>
		<pose>Unspecified</pose>
		<truncated>Unspecified</truncated>
		<difficult>Unspecified</difficult>
		<bndbox>
			<xmin>1520</xmin>
			<ymin>1023</ymin>
			<xmax>1663</xmax>
			<ymax>1163</ymax>
		</bndbox>
	</object>
	<object>
		<name>fire</name>
		<pose>Unspecified</pose>
		<truncated>Unspecified</truncated>
		<difficult>Unspecified</difficult>
		<bndbox>
			<xmin>615</xmin>
			<ymin>1192</ymin>
			<xmax>867</xmax>
			<ymax>1389</ymax>
		</bndbox>
	</object>
	<object>
		<name>fire</name>
		<pose>Unspecified</pose>
		<truncated>Unspecified</truncated>
		<difficult>Unspecified</difficult>
		<bndbox>
			<xmin>395</xmin>
			<ymin>854</ymin>
			<xmax>577</xmax>
			<ymax>1032</ymax>
		</bndbox>
	</object>
	<object>
		<name>fire</name>
		<pose>Unspecified</pose>
		<truncated>Unspecified</truncated>
		<difficult>Unspecified</difficult>
		<bndbox>
			<xmin>45</xmin>
			<ymin>1150</ymin>
			<xmax>258</xmax>
			<ymax>1405</ymax>
		</bndbox>
	</object>
</annotation>