<annotation>
	<folder>my-project-name</folder>
	<filename>fire.244.png</filename>
	<path>/my-project-name/fire.244.png</path>
	<source>
		<database>Unspecified</database>
	</source>
	<size>
		<width>460</width>
		<height>258</height>
		<depth>3</depth>
	</size>
	<object>
		<name>fire</name>
		<pose>Unspecified</pose>
		<truncated>Unspecified</truncated>
		<difficult>Unspecified</difficult>
		<bndbox>
			<xmin>315</xmin>
			<ymin>148</ymin>
			<xmax>402</xmax>
			<ymax>193</ymax>
		</bndbox>
	</object>
	<object>
		<name>smoke</name>
		<pose>Unspecified</pose>
		<truncated>Unspecified</truncated>
		<difficult>Unspecified</difficult>
		<bndbox>
			<xmin>229</xmin>
			<ymin>21</ymin>
			<xmax>416</xmax>
			<ymax>131</ymax>
		</bndbox>
	</object>
</annotation>