<annotation>
	<folder>my-project-name</folder>
	<filename>firehome1.jpg</filename>
	<path>/my-project-name/firehome1.jpg</path>
	<source>
		<database>Unspecified</database>
	</source>
	<size>
		<width>640</width>
		<height>424</height>
		<depth>3</depth>
	</size>
	<object>
		<name>fire</name>
		<pose>Unspecified</pose>
		<truncated>Unspecified</truncated>
		<difficult>Unspecified</difficult>
		<bndbox>
			<xmin>138</xmin>
			<ymin>237</ymin>
			<xmax>208</xmax>
			<ymax>296</ymax>
		</bndbox>
	</object>
	<object>
		<name>smoke</name>
		<pose>Unspecified</pose>
		<truncated>Unspecified</truncated>
		<difficult>Unspecified</difficult>
		<bndbox>
			<xmin>509</xmin>
			<ymin>9</ymin>
			<xmax>633</xmax>
			<ymax>271</ymax>
		</bndbox>
	</object>
</annotation>