<annotation>
	<folder>my-project-name</folder>
	<filename>fire.739.png</filename>
	<path>/my-project-name/fire.739.png</path>
	<source>
		<database>Unspecified</database>
	</source>
	<size>
		<width>1500</width>
		<height>1000</height>
		<depth>3</depth>
	</size>
	<object>
		<name>smoke</name>
		<pose>Unspecified</pose>
		<truncated>Unspecified</truncated>
		<difficult>Unspecified</difficult>
		<bndbox>
			<xmin>759</xmin>
			<ymin>33</ymin>
			<xmax>971</xmax>
			<ymax>527</ymax>
		</bndbox>
	</object>
	<object>
		<name>fire</name>
		<pose>Unspecified</pose>
		<truncated>Unspecified</truncated>
		<difficult>Unspecified</difficult>
		<bndbox>
			<xmin>476</xmin>
			<ymin>153</ymin>
			<xmax>750</xmax>
			<ymax>662</ymax>
		</bndbox>
	</object>
</annotation>