<annotation>
	<folder>my-project-name</folder>
	<filename>fire.738.png</filename>
	<path>/my-project-name/fire.738.png</path>
	<source>
		<database>Unspecified</database>
	</source>
	<size>
		<width>1280</width>
		<height>720</height>
		<depth>3</depth>
	</size>
	<object>
		<name>fire</name>
		<pose>Unspecified</pose>
		<truncated>Unspecified</truncated>
		<difficult>Unspecified</difficult>
		<bndbox>
			<xmin>330</xmin>
			<ymin>307</ymin>
			<xmax>415</xmax>
			<ymax>403</ymax>
		</bndbox>
	</object>
	<object>
		<name>smoke</name>
		<pose>Unspecified</pose>
		<truncated>Unspecified</truncated>
		<difficult>Unspecified</difficult>
		<bndbox>
			<xmin>734</xmin>
			<ymin>45</ymin>
			<xmax>1131</xmax>
			<ymax>292</ymax>
		</bndbox>
	</object>
	<object>
		<name>smoke</name>
		<pose>Unspecified</pose>
		<truncated>Unspecified</truncated>
		<difficult>Unspecified</difficult>
		<bndbox>
			<xmin>213</xmin>
			<ymin>71</ymin>
			<xmax>570</xmax>
			<ymax>249</ymax>
		</bndbox>
	</object>
</annotation>