<annotation>
	<folder>my-project-name</folder>
	<filename>fireBig1791.jpg</filename>
	<path>/my-project-name/fireBig1791.jpg</path>
	<source>
		<database>Unspecified</database>
	</source>
	<size>
		<width>1280</width>
		<height>720</height>
		<depth>3</depth>
	</size>
	<object>
		<name>smoke</name>
		<pose>Unspecified</pose>
		<truncated>Unspecified</truncated>
		<difficult>Unspecified</difficult>
		<bndbox>
			<xmin>193</xmin>
			<ymin>0</ymin>
			<xmax>784</xmax>
			<ymax>308</ymax>
		</bndbox>
	</object>
	<object>
		<name>fire</name>
		<pose>Unspecified</pose>
		<truncated>Unspecified</truncated>
		<difficult>Unspecified</difficult>
		<bndbox>
			<xmin>512</xmin>
			<ymin>343</ymin>
			<xmax>531</xmax>
			<ymax>357</ymax>
		</bndbox>
	</object>
	<object>
		<name>fire</name>
		<pose>Unspecified</pose>
		<truncated>Unspecified</truncated>
		<difficult>Unspecified</difficult>
		<bndbox>
			<xmin>516</xmin>
			<ymin>319</ymin>
			<xmax>543</xmax>
			<ymax>332</ymax>
		</bndbox>
	</object>
	<object>
		<name>fire</name>
		<pose>Unspecified</pose>
		<truncated>Unspecified</truncated>
		<difficult>Unspecified</difficult>
		<bndbox>
			<xmin>619</xmin>
			<ymin>388</ymin>
			<xmax>641</xmax>
			<ymax>413</ymax>
		</bndbox>
	</object>
	<object>
		<name>fire</name>
		<pose>Unspecified</pose>
		<truncated>Unspecified</truncated>
		<difficult>Unspecified</difficult>
		<bndbox>
			<xmin>699</xmin>
			<ymin>403</ymin>
			<xmax>713</xmax>
			<ymax>418</ymax>
		</bndbox>
	</object>
	<object>
		<name>fire</name>
		<pose>Unspecified</pose>
		<truncated>Unspecified</truncated>
		<difficult>Unspecified</difficult>
		<bndbox>
			<xmin>805</xmin>
			<ymin>340</ymin>
			<xmax>836</xmax>
			<ymax>364</ymax>
		</bndbox>
	</object>
	<object>
		<name>fire</name>
		<pose>Unspecified</pose>
		<truncated>Unspecified</truncated>
		<difficult>Unspecified</difficult>
		<bndbox>
			<xmin>356</xmin>
			<ymin>438</ymin>
			<xmax>394</xmax>
			<ymax>454</ymax>
		</bndbox>
	</object>
	<object>
		<name>fire</name>
		<pose>Unspecified</pose>
		<truncated>Unspecified</truncated>
		<difficult>Unspecified</difficult>
		<bndbox>
			<xmin>346</xmin>
			<ymin>408</ymin>
			<xmax>374</xmax>
			<ymax>428</ymax>
		</bndbox>
	</object>
	<object>
		<name>fire</name>
		<pose>Unspecified</pose>
		<truncated>Unspecified</truncated>
		<difficult>Unspecified</difficult>
		<bndbox>
			<xmin>427</xmin>
			<ymin>411</ymin>
			<xmax>441</xmax>
			<ymax>423</ymax>
		</bndbox>
	</object>
	<object>
		<name>fire</name>
		<pose>Unspecified</pose>
		<truncated>Unspecified</truncated>
		<difficult>Unspecified</difficult>
		<bndbox>
			<xmin>559</xmin>
			<ymin>390</ymin>
			<xmax>583</xmax>
			<ymax>411</ymax>
		</bndbox>
	</object>
	<object>
		<name>fire</name>
		<pose>Unspecified</pose>
		<truncated>Unspecified</truncated>
		<difficult>Unspecified</difficult>
		<bndbox>
			<xmin>568</xmin>
			<ymin>345</ymin>
			<xmax>581</xmax>
			<ymax>354</ymax>
		</bndbox>
	</object>
</annotation>