<annotation>
	<folder>my-project-name</folder>
	<filename>fire.154.png</filename>
	<path>/my-project-name/fire.154.png</path>
	<source>
		<database>Unspecified</database>
	</source>
	<size>
		<width>500</width>
		<height>333</height>
		<depth>3</depth>
	</size>
	<object>
		<name>fire</name>
		<pose>Unspecified</pose>
		<truncated>Unspecified</truncated>
		<difficult>Unspecified</difficult>
		<bndbox>
			<xmin>222</xmin>
			<ymin>284</ymin>
			<xmax>229</xmax>
			<ymax>293</ymax>
		</bndbox>
	</object>
	<object>
		<name>fire</name>
		<pose>Unspecified</pose>
		<truncated>Unspecified</truncated>
		<difficult>Unspecified</difficult>
		<bndbox>
			<xmin>330</xmin>
			<ymin>240</ymin>
			<xmax>341</xmax>
			<ymax>252</ymax>
		</bndbox>
	</object>
	<object>
		<name>fire</name>
		<pose>Unspecified</pose>
		<truncated>Unspecified</truncated>
		<difficult>Unspecified</difficult>
		<bndbox>
			<xmin>282</xmin>
			<ymin>276</ymin>
			<xmax>300</xmax>
			<ymax>284</ymax>
		</bndbox>
	</object>
	<object>
		<name>smoke</name>
		<pose>Unspecified</pose>
		<truncated>Unspecified</truncated>
		<difficult>Unspecified</difficult>
		<bndbox>
			<xmin>9</xmin>
			<ymin>0</ymin>
			<xmax>383</xmax>
			<ymax>299</ymax>
		</bndbox>
	</object>
</annotation>