<annotation>
	<folder>my-project-name</folder>
	<filename>fire.167.png</filename>
	<path>/my-project-name/fire.167.png</path>
	<source>
		<database>Unspecified</database>
	</source>
	<size>
		<width>500</width>
		<height>282</height>
		<depth>3</depth>
	</size>
	<object>
		<name>fire</name>
		<pose>Unspecified</pose>
		<truncated>Unspecified</truncated>
		<difficult>Unspecified</difficult>
		<bndbox>
			<xmin>0</xmin>
			<ymin>77</ymin>
			<xmax>330</xmax>
			<ymax>249</ymax>
		</bndbox>
	</object>
</annotation>