<annotation>
	<folder>my-project-name</folder>
	<filename>fireBig1458.jpg</filename>
	<path>/my-project-name/fireBig1458.jpg</path>
	<source>
		<database>Unspecified</database>
	</source>
	<size>
		<width>1280</width>
		<height>720</height>
		<depth>3</depth>
	</size>
	<object>
		<name>smoke</name>
		<pose>Unspecified</pose>
		<truncated>Unspecified</truncated>
		<difficult>Unspecified</difficult>
		<bndbox>
			<xmin>474</xmin>
			<ymin>0</ymin>
			<xmax>689</xmax>
			<ymax>519</ymax>
		</bndbox>
	</object>
	<object>
		<name>fire</name>
		<pose>Unspecified</pose>
		<truncated>Unspecified</truncated>
		<difficult>Unspecified</difficult>
		<bndbox>
			<xmin>636</xmin>
			<ymin>520</ymin>
			<xmax>676</xmax>
			<ymax>567</ymax>
		</bndbox>
	</object>
	<object>
		<name>fire</name>
		<pose>Unspecified</pose>
		<truncated>Unspecified</truncated>
		<difficult>Unspecified</difficult>
		<bndbox>
			<xmin>485</xmin>
			<ymin>525</ymin>
			<xmax>514</xmax>
			<ymax>555</ymax>
		</bndbox>
	</object>
</annotation>