<annotation>
	<folder>my-project-name</folder>
	<filename>fire.149.png</filename>
	<path>/my-project-name/fire.149.png</path>
	<source>
		<database>Unspecified</database>
	</source>
	<size>
		<width>700</width>
		<height>400</height>
		<depth>3</depth>
	</size>
	<object>
		<name>fire</name>
		<pose>Unspecified</pose>
		<truncated>Unspecified</truncated>
		<difficult>Unspecified</difficult>
		<bndbox>
			<xmin>196</xmin>
			<ymin>214</ymin>
			<xmax>424</xmax>
			<ymax>339</ymax>
		</bndbox>
	</object>
	<object>
		<name>fire</name>
		<pose>Unspecified</pose>
		<truncated>Unspecified</truncated>
		<difficult>Unspecified</difficult>
		<bndbox>
			<xmin>442</xmin>
			<ymin>0</ymin>
			<xmax>535</xmax>
			<ymax>77</ymax>
		</bndbox>
	</object>
	<object>
		<name>fire</name>
		<pose>Unspecified</pose>
		<truncated>Unspecified</truncated>
		<difficult>Unspecified</difficult>
		<bndbox>
			<xmin>0</xmin>
			<ymin>27</ymin>
			<xmax>52</xmax>
			<ymax>80</ymax>
		</bndbox>
	</object>
	<object>
		<name>fire</name>
		<pose>Unspecified</pose>
		<truncated>Unspecified</truncated>
		<difficult>Unspecified</difficult>
		<bndbox>
			<xmin>671</xmin>
			<ymin>30</ymin>
			<xmax>700</xmax>
			<ymax>87</ymax>
		</bndbox>
	</object>
	<object>
		<name>fire</name>
		<pose>Unspecified</pose>
		<truncated>Unspecified</truncated>
		<difficult>Unspecified</difficult>
		<bndbox>
			<xmin>553</xmin>
			<ymin>211</ymin>
			<xmax>638</xmax>
			<ymax>335</ymax>
		</bndbox>
	</object>
</annotation>