<annotation>
	<folder>my-project-name</folder>
	<filename>fireBig1462.jpg</filename>
	<path>/my-project-name/fireBig1462.jpg</path>
	<source>
		<database>Unspecified</database>
	</source>
	<size>
		<width>1280</width>
		<height>720</height>
		<depth>3</depth>
	</size>
	<object>
		<name>fire</name>
		<pose>Unspecified</pose>
		<truncated>Unspecified</truncated>
		<difficult>Unspecified</difficult>
		<bndbox>
			<xmin>577</xmin>
			<ymin>452</ymin>
			<xmax>619</xmax>
			<ymax>495</ymax>
		</bndbox>
	</object>
	<object>
		<name>smoke</name>
		<pose>Unspecified</pose>
		<truncated>Unspecified</truncated>
		<difficult>Unspecified</difficult>
		<bndbox>
			<xmin>404</xmin>
			<ymin>82</ymin>
			<xmax>654</xmax>
			<ymax>436</ymax>
		</bndbox>
	</object>
	<object>
		<name>smoke</name>
		<pose>Unspecified</pose>
		<truncated>Unspecified</truncated>
		<difficult>Unspecified</difficult>
		<bndbox>
			<xmin>396</xmin>
			<ymin>465</ymin>
			<xmax>456</xmax>
			<ymax>498</ymax>
		</bndbox>
	</object>
</annotation>