<annotation>
	<folder>my-project-name</folder>
	<filename>fire.515.png</filename>
	<path>/my-project-name/fire.515.png</path>
	<source>
		<database>Unspecified</database>
	</source>
	<size>
		<width>1480</width>
		<height>833</height>
		<depth>3</depth>
	</size>
	<object>
		<name>fire</name>
		<pose>Unspecified</pose>
		<truncated>Unspecified</truncated>
		<difficult>Unspecified</difficult>
		<bndbox>
			<xmin>1284</xmin>
			<ymin>124</ymin>
			<xmax>1417</xmax>
			<ymax>253</ymax>
		</bndbox>
	</object>
	<object>
		<name>fire</name>
		<pose>Unspecified</pose>
		<truncated>Unspecified</truncated>
		<difficult>Unspecified</difficult>
		<bndbox>
			<xmin>904</xmin>
			<ymin>131</ymin>
			<xmax>1220</xmax>
			<ymax>296</ymax>
		</bndbox>
	</object>
	<object>
		<name>fire</name>
		<pose>Unspecified</pose>
		<truncated>Unspecified</truncated>
		<difficult>Unspecified</difficult>
		<bndbox>
			<xmin>0</xmin>
			<ymin>0</ymin>
			<xmax>443</xmax>
			<ymax>552</ymax>
		</bndbox>
	</object>
	<object>
		<name>fire</name>
		<pose>Unspecified</pose>
		<truncated>Unspecified</truncated>
		<difficult>Unspecified</difficult>
		<bndbox>
			<xmin>1323</xmin>
			<ymin>351</ymin>
			<xmax>1356</xmax>
			<ymax>397</ymax>
		</bndbox>
	</object>
	<object>
		<name>fire</name>
		<pose>Unspecified</pose>
		<truncated>Unspecified</truncated>
		<difficult>Unspecified</difficult>
		<bndbox>
			<xmin>982</xmin>
			<ymin>434</ymin>
			<xmax>1089</xmax>
			<ymax>467</ymax>
		</bndbox>
	</object>
</annotation>