<annotation>
	<folder>my-project-name</folder>
	<filename>fireBig1775.jpg</filename>
	<path>/my-project-name/fireBig1775.jpg</path>
	<source>
		<database>Unspecified</database>
	</source>
	<size>
		<width>1280</width>
		<height>720</height>
		<depth>3</depth>
	</size>
	<object>
		<name>fire</name>
		<pose>Unspecified</pose>
		<truncated>Unspecified</truncated>
		<difficult>Unspecified</difficult>
		<bndbox>
			<xmin>712</xmin>
			<ymin>382</ymin>
			<xmax>721</xmax>
			<ymax>399</ymax>
		</bndbox>
	</object>
	<object>
		<name>fire</name>
		<pose>Unspecified</pose>
		<truncated>Unspecified</truncated>
		<difficult>Unspecified</difficult>
		<bndbox>
			<xmin>628</xmin>
			<ymin>400</ymin>
			<xmax>641</xmax>
			<ymax>417</ymax>
		</bndbox>
	</object>
	<object>
		<name>fire</name>
		<pose>Unspecified</pose>
		<truncated>Unspecified</truncated>
		<difficult>Unspecified</difficult>
		<bndbox>
			<xmin>610</xmin>
			<ymin>402</ymin>
			<xmax>621</xmax>
			<ymax>414</ymax>
		</bndbox>
	</object>
	<object>
		<name>fire</name>
		<pose>Unspecified</pose>
		<truncated>Unspecified</truncated>
		<difficult>Unspecified</difficult>
		<bndbox>
			<xmin>565</xmin>
			<ymin>390</ymin>
			<xmax>579</xmax>
			<ymax>407</ymax>
		</bndbox>
	</object>
	<object>
		<name>fire</name>
		<pose>Unspecified</pose>
		<truncated>Unspecified</truncated>
		<difficult>Unspecified</difficult>
		<bndbox>
			<xmin>539</xmin>
			<ymin>311</ymin>
			<xmax>558</xmax>
			<ymax>324</ymax>
		</bndbox>
	</object>
	<object>
		<name>fire</name>
		<pose>Unspecified</pose>
		<truncated>Unspecified</truncated>
		<difficult>Unspecified</difficult>
		<bndbox>
			<xmin>378</xmin>
			<ymin>455</ymin>
			<xmax>407</xmax>
			<ymax>479</ymax>
		</bndbox>
	</object>
	<object>
		<name>smoke</name>
		<pose>Unspecified</pose>
		<truncated>Unspecified</truncated>
		<difficult>Unspecified</difficult>
		<bndbox>
			<xmin>183</xmin>
			<ymin>0</ymin>
			<xmax>770</xmax>
			<ymax>247</ymax>
		</bndbox>
	</object>
</annotation>