<annotation>
	<folder>my-project-name</folder>
	<filename>fireBig1461.jpg</filename>
	<path>/my-project-name/fireBig1461.jpg</path>
	<source>
		<database>Unspecified</database>
	</source>
	<size>
		<width>1280</width>
		<height>720</height>
		<depth>3</depth>
	</size>
	<object>
		<name>smoke</name>
		<pose>Unspecified</pose>
		<truncated>Unspecified</truncated>
		<difficult>Unspecified</difficult>
		<bndbox>
			<xmin>381</xmin>
			<ymin>0</ymin>
			<xmax>714</xmax>
			<ymax>498</ymax>
		</bndbox>
	</object>
	<object>
		<name>fire</name>
		<pose>Unspecified</pose>
		<truncated>Unspecified</truncated>
		<difficult>Unspecified</difficult>
		<bndbox>
			<xmin>544</xmin>
			<ymin>513</ymin>
			<xmax>603</xmax>
			<ymax>540</ymax>
		</bndbox>
	</object>
</annotation>