<annotation>
	<folder>my-project-name</folder>
	<filename>fireBig1799.jpg</filename>
	<path>/my-project-name/fireBig1799.jpg</path>
	<source>
		<database>Unspecified</database>
	</source>
	<size>
		<width>1280</width>
		<height>720</height>
		<depth>3</depth>
	</size>
	<object>
		<name>fire</name>
		<pose>Unspecified</pose>
		<truncated>Unspecified</truncated>
		<difficult>Unspecified</difficult>
		<bndbox>
			<xmin>503</xmin>
			<ymin>286</ymin>
			<xmax>587</xmax>
			<ymax>343</ymax>
		</bndbox>
	</object>
	<object>
		<name>fire</name>
		<pose>Unspecified</pose>
		<truncated>Unspecified</truncated>
		<difficult>Unspecified</difficult>
		<bndbox>
			<xmin>611</xmin>
			<ymin>378</ymin>
			<xmax>632</xmax>
			<ymax>397</ymax>
		</bndbox>
	</object>
	<object>
		<name>fire</name>
		<pose>Unspecified</pose>
		<truncated>Unspecified</truncated>
		<difficult>Unspecified</difficult>
		<bndbox>
			<xmin>418</xmin>
			<ymin>446</ymin>
			<xmax>457</xmax>
			<ymax>473</ymax>
		</bndbox>
	</object>
	<object>
		<name>fire</name>
		<pose>Unspecified</pose>
		<truncated>Unspecified</truncated>
		<difficult>Unspecified</difficult>
		<bndbox>
			<xmin>394</xmin>
			<ymin>408</ymin>
			<xmax>417</xmax>
			<ymax>428</ymax>
		</bndbox>
	</object>
	<object>
		<name>fire</name>
		<pose>Unspecified</pose>
		<truncated>Unspecified</truncated>
		<difficult>Unspecified</difficult>
		<bndbox>
			<xmin>767</xmin>
			<ymin>397</ymin>
			<xmax>786</xmax>
			<ymax>414</ymax>
		</bndbox>
	</object>
	<object>
		<name>fire</name>
		<pose>Unspecified</pose>
		<truncated>Unspecified</truncated>
		<difficult>Unspecified</difficult>
		<bndbox>
			<xmin>692</xmin>
			<ymin>388</ymin>
			<xmax>716</xmax>
			<ymax>409</ymax>
		</bndbox>
	</object>
	<object>
		<name>smoke</name>
		<pose>Unspecified</pose>
		<truncated>Unspecified</truncated>
		<difficult>Unspecified</difficult>
		<bndbox>
			<xmin>407</xmin>
			<ymin>0</ymin>
			<xmax>829</xmax>
			<ymax>283</ymax>
		</bndbox>
	</object>
</annotation>