<annotation>
	<folder>my-project-name</folder>
	<filename>fire.155.png</filename>
	<path>/my-project-name/fire.155.png</path>
	<source>
		<database>Unspecified</database>
	</source>
	<size>
		<width>940</width>
		<height>470</height>
		<depth>3</depth>
	</size>
	<object>
		<name>fire</name>
		<pose>Unspecified</pose>
		<truncated>Unspecified</truncated>
		<difficult>Unspecified</difficult>
		<bndbox>
			<xmin>179</xmin>
			<ymin>59</ymin>
			<xmax>704</xmax>
			<ymax>329</ymax>
		</bndbox>
	</object>
</annotation>