<annotation>
	<folder>my-project-name</folder>
	<filename>fire.151.png</filename>
	<path>/my-project-name/fire.151.png</path>
	<source>
		<database>Unspecified</database>
	</source>
	<size>
		<width>646</width>
		<height>423</height>
		<depth>3</depth>
	</size>
	<object>
		<name>fire</name>
		<pose>Unspecified</pose>
		<truncated>Unspecified</truncated>
		<difficult>Unspecified</difficult>
		<bndbox>
			<xmin>284</xmin>
			<ymin>154</ymin>
			<xmax>506</xmax>
			<ymax>423</ymax>
		</bndbox>
	</object>
</annotation>