<annotation>
	<folder>my-project-name</folder>
	<filename>fireBig1454.jpg</filename>
	<path>/my-project-name/fireBig1454.jpg</path>
	<source>
		<database>Unspecified</database>
	</source>
	<size>
		<width>1280</width>
		<height>720</height>
		<depth>3</depth>
	</size>
	<object>
		<name>fire</name>
		<pose>Unspecified</pose>
		<truncated>Unspecified</truncated>
		<difficult>Unspecified</difficult>
		<bndbox>
			<xmin>921</xmin>
			<ymin>239</ymin>
			<xmax>1065</xmax>
			<ymax>330</ymax>
		</bndbox>
	</object>
	<object>
		<name>fire</name>
		<pose>Unspecified</pose>
		<truncated>Unspecified</truncated>
		<difficult>Unspecified</difficult>
		<bndbox>
			<xmin>478</xmin>
			<ymin>224</ymin>
			<xmax>659</xmax>
			<ymax>249</ymax>
		</bndbox>
	</object>
	<object>
		<name>fire</name>
		<pose>Unspecified</pose>
		<truncated>Unspecified</truncated>
		<difficult>Unspecified</difficult>
		<bndbox>
			<xmin>419</xmin>
			<ymin>273</ymin>
			<xmax>644</xmax>
			<ymax>326</ymax>
		</bndbox>
	</object>
</annotation>