<annotation>
	<folder>my-project-name</folder>
	<filename>fireBig1780.jpg</filename>
	<path>/my-project-name/fireBig1780.jpg</path>
	<source>
		<database>Unspecified</database>
	</source>
	<size>
		<width>1280</width>
		<height>720</height>
		<depth>3</depth>
	</size>
	<object>
		<name>fire</name>
		<pose>Unspecified</pose>
		<truncated>Unspecified</truncated>
		<difficult>Unspecified</difficult>
		<bndbox>
			<xmin>404</xmin>
			<ymin>341</ymin>
			<xmax>448</xmax>
			<ymax>372</ymax>
		</bndbox>
	</object>
	<object>
		<name>fire</name>
		<pose>Unspecified</pose>
		<truncated>Unspecified</truncated>
		<difficult>Unspecified</difficult>
		<bndbox>
			<xmin>568</xmin>
			<ymin>390</ymin>
			<xmax>586</xmax>
			<ymax>416</ymax>
		</bndbox>
	</object>
	<object>
		<name>fire</name>
		<pose>Unspecified</pose>
		<truncated>Unspecified</truncated>
		<difficult>Unspecified</difficult>
		<bndbox>
			<xmin>323</xmin>
			<ymin>423</ymin>
			<xmax>345</xmax>
			<ymax>439</ymax>
		</bndbox>
	</object>
	<object>
		<name>fire</name>
		<pose>Unspecified</pose>
		<truncated>Unspecified</truncated>
		<difficult>Unspecified</difficult>
		<bndbox>
			<xmin>256</xmin>
			<ymin>456</ymin>
			<xmax>293</xmax>
			<ymax>473</ymax>
		</bndbox>
	</object>
	<object>
		<name>smoke</name>
		<pose>Unspecified</pose>
		<truncated>Unspecified</truncated>
		<difficult>Unspecified</difficult>
		<bndbox>
			<xmin>195</xmin>
			<ymin>2</ymin>
			<xmax>620</xmax>
			<ymax>309</ymax>
		</bndbox>
	</object>
	<object>
		<name>fire</name>
		<pose>Unspecified</pose>
		<truncated>Unspecified</truncated>
		<difficult>Unspecified</difficult>
		<bndbox>
			<xmin>688</xmin>
			<ymin>323</ymin>
			<xmax>726</xmax>
			<ymax>351</ymax>
		</bndbox>
	</object>
</annotation>