<annotation>
	<folder>my-project-name</folder>
	<filename>fire.168.png</filename>
	<path>/my-project-name/fire.168.png</path>
	<source>
		<database>Unspecified</database>
	</source>
	<size>
		<width>620</width>
		<height>435</height>
		<depth>3</depth>
	</size>
	<object>
		<name>fire</name>
		<pose>Unspecified</pose>
		<truncated>Unspecified</truncated>
		<difficult>Unspecified</difficult>
		<bndbox>
			<xmin>198</xmin>
			<ymin>118</ymin>
			<xmax>282</xmax>
			<ymax>224</ymax>
		</bndbox>
	</object>
	<object>
		<name>smoke</name>
		<pose>Unspecified</pose>
		<truncated>Unspecified</truncated>
		<difficult>Unspecified</difficult>
		<bndbox>
			<xmin>77</xmin>
			<ymin>0</ymin>
			<xmax>386</xmax>
			<ymax>273</ymax>
		</bndbox>
	</object>
</annotation>