<annotation>
	<folder>my-project-name</folder>
	<filename>fireBig1450.jpg</filename>
	<path>/my-project-name/fireBig1450.jpg</path>
	<source>
		<database>Unspecified</database>
	</source>
	<size>
		<width>1280</width>
		<height>720</height>
		<depth>3</depth>
	</size>
	<object>
		<name>fire</name>
		<pose>Unspecified</pose>
		<truncated>Unspecified</truncated>
		<difficult>Unspecified</difficult>
		<bndbox>
			<xmin>955</xmin>
			<ymin>243</ymin>
			<xmax>1072</xmax>
			<ymax>324</ymax>
		</bndbox>
	</object>
	<object>
		<name>fire</name>
		<pose>Unspecified</pose>
		<truncated>Unspecified</truncated>
		<difficult>Unspecified</difficult>
		<bndbox>
			<xmin>538</xmin>
			<ymin>205</ymin>
			<xmax>646</xmax>
			<ymax>234</ymax>
		</bndbox>
	</object>
	<object>
		<name>fire</name>
		<pose>Unspecified</pose>
		<truncated>Unspecified</truncated>
		<difficult>Unspecified</difficult>
		<bndbox>
			<xmin>385</xmin>
			<ymin>215</ymin>
			<xmax>489</xmax>
			<ymax>318</ymax>
		</bndbox>
	</object>
	<object>
		<name>fire</name>
		<pose>Unspecified</pose>
		<truncated>Unspecified</truncated>
		<difficult>Unspecified</difficult>
		<bndbox>
			<xmin>551</xmin>
			<ymin>239</ymin>
			<xmax>636</xmax>
			<ymax>334</ymax>
		</bndbox>
	</object>
</annotation>