<annotation>
	<folder>my-project-name</folder>
	<filename>fireBig1776.jpg</filename>
	<path>/my-project-name/fireBig1776.jpg</path>
	<source>
		<database>Unspecified</database>
	</source>
	<size>
		<width>1280</width>
		<height>720</height>
		<depth>3</depth>
	</size>
	<object>
		<name>fire</name>
		<pose>Unspecified</pose>
		<truncated>Unspecified</truncated>
		<difficult>Unspecified</difficult>
		<bndbox>
			<xmin>617</xmin>
			<ymin>384</ymin>
			<xmax>634</xmax>
			<ymax>403</ymax>
		</bndbox>
	</object>
	<object>
		<name>fire</name>
		<pose>Unspecified</pose>
		<truncated>Unspecified</truncated>
		<difficult>Unspecified</difficult>
		<bndbox>
			<xmin>748</xmin>
			<ymin>377</ymin>
			<xmax>765</xmax>
			<ymax>394</ymax>
		</bndbox>
	</object>
	<object>
		<name>fire</name>
		<pose>Unspecified</pose>
		<truncated>Unspecified</truncated>
		<difficult>Unspecified</difficult>
		<bndbox>
			<xmin>610</xmin>
			<ymin>411</ymin>
			<xmax>630</xmax>
			<ymax>428</ymax>
		</bndbox>
	</object>
	<object>
		<name>fire</name>
		<pose>Unspecified</pose>
		<truncated>Unspecified</truncated>
		<difficult>Unspecified</difficult>
		<bndbox>
			<xmin>503</xmin>
			<ymin>336</ymin>
			<xmax>525</xmax>
			<ymax>362</ymax>
		</bndbox>
	</object>
	<object>
		<name>fire</name>
		<pose>Unspecified</pose>
		<truncated>Unspecified</truncated>
		<difficult>Unspecified</difficult>
		<bndbox>
			<xmin>365</xmin>
			<ymin>464</ymin>
			<xmax>386</xmax>
			<ymax>480</ymax>
		</bndbox>
	</object>
	<object>
		<name>smoke</name>
		<pose>Unspecified</pose>
		<truncated>Unspecified</truncated>
		<difficult>Unspecified</difficult>
		<bndbox>
			<xmin>190</xmin>
			<ymin>13</ymin>
			<xmax>680</xmax>
			<ymax>316</ymax>
		</bndbox>
	</object>
</annotation>