<annotation>
	<folder>my-project-name</folder>
	<filename>fireBig1376.jpg</filename>
	<path>/my-project-name/fireBig1376.jpg</path>
	<source>
		<database>Unspecified</database>
	</source>
	<size>
		<width>1280</width>
		<height>720</height>
		<depth>3</depth>
	</size>
	<object>
		<name>fire</name>
		<pose>Unspecified</pose>
		<truncated>Unspecified</truncated>
		<difficult>Unspecified</difficult>
		<bndbox>
			<xmin>381</xmin>
			<ymin>245</ymin>
			<xmax>600</xmax>
			<ymax>360</ymax>
		</bndbox>
	</object>
	<object>
		<name>fire</name>
		<pose>Unspecified</pose>
		<truncated>Unspecified</truncated>
		<difficult>Unspecified</difficult>
		<bndbox>
			<xmin>833</xmin>
			<ymin>320</ymin>
			<xmax>976</xmax>
			<ymax>390</ymax>
		</bndbox>
	</object>
</annotation>