<annotation>
	<folder>my-project-name</folder>
	<filename>fire.169.png</filename>
	<path>/my-project-name/fire.169.png</path>
	<source>
		<database>Unspecified</database>
	</source>
	<size>
		<width>541</width>
		<height>960</height>
		<depth>3</depth>
	</size>
	<object>
		<name>fire</name>
		<pose>Unspecified</pose>
		<truncated>Unspecified</truncated>
		<difficult>Unspecified</difficult>
		<bndbox>
			<xmin>477</xmin>
			<ymin>270</ymin>
			<xmax>524</xmax>
			<ymax>300</ymax>
		</bndbox>
	</object>
	<object>
		<name>fire</name>
		<pose>Unspecified</pose>
		<truncated>Unspecified</truncated>
		<difficult>Unspecified</difficult>
		<bndbox>
			<xmin>315</xmin>
			<ymin>537</ymin>
			<xmax>541</xmax>
			<ymax>670</ymax>
		</bndbox>
	</object>
	<object>
		<name>fire</name>
		<pose>Unspecified</pose>
		<truncated>Unspecified</truncated>
		<difficult>Unspecified</difficult>
		<bndbox>
			<xmin>248</xmin>
			<ymin>723</ymin>
			<xmax>541</xmax>
			<ymax>766</ymax>
		</bndbox>
	</object>
	<object>
		<name>fire</name>
		<pose>Unspecified</pose>
		<truncated>Unspecified</truncated>
		<difficult>Unspecified</difficult>
		<bndbox>
			<xmin>95</xmin>
			<ymin>266</ymin>
			<xmax>134</xmax>
			<ymax>302</ymax>
		</bndbox>
	</object>
	<object>
		<name>fire</name>
		<pose>Unspecified</pose>
		<truncated>Unspecified</truncated>
		<difficult>Unspecified</difficult>
		<bndbox>
			<xmin>479</xmin>
			<ymin>382</ymin>
			<xmax>516</xmax>
			<ymax>413</ymax>
		</bndbox>
	</object>
	<object>
		<name>fire</name>
		<pose>Unspecified</pose>
		<truncated>Unspecified</truncated>
		<difficult>Unspecified</difficult>
		<bndbox>
			<xmin>420</xmin>
			<ymin>321</ymin>
			<xmax>450</xmax>
			<ymax>366</ymax>
		</bndbox>
	</object>
</annotation>