<annotation>
	<folder>my-project-name</folder>
	<filename>fire.472.png</filename>
	<path>/my-project-name/fire.472.png</path>
	<source>
		<database>Unspecified</database>
	</source>
	<size>
		<width>730</width>
		<height>478</height>
		<depth>3</depth>
	</size>
	<object>
		<name>fire</name>
		<pose>Unspecified</pose>
		<truncated>Unspecified</truncated>
		<difficult>Unspecified</difficult>
		<bndbox>
			<xmin>668</xmin>
			<ymin>224</ymin>
			<xmax>730</xmax>
			<ymax>312</ymax>
		</bndbox>
	</object>
	<object>
		<name>fire</name>
		<pose>Unspecified</pose>
		<truncated>Unspecified</truncated>
		<difficult>Unspecified</difficult>
		<bndbox>
			<xmin>480</xmin>
			<ymin>93</ymin>
			<xmax>730</xmax>
			<ymax>470</ymax>
		</bndbox>
	</object>
	<object>
		<name>fire</name>
		<pose>Unspecified</pose>
		<truncated>Unspecified</truncated>
		<difficult>Unspecified</difficult>
		<bndbox>
			<xmin>294</xmin>
			<ymin>279</ymin>
			<xmax>491</xmax>
			<ymax>473</ymax>
		</bndbox>
	</object>
	<object>
		<name>fire</name>
		<pose>Unspecified</pose>
		<truncated>Unspecified</truncated>
		<difficult>Unspecified</difficult>
		<bndbox>
			<xmin>186</xmin>
			<ymin>373</ymin>
			<xmax>271</xmax>
			<ymax>420</ymax>
		</bndbox>
	</object>
	<object>
		<name>fire</name>
		<pose>Unspecified</pose>
		<truncated>Unspecified</truncated>
		<difficult>Unspecified</difficult>
		<bndbox>
			<xmin>71</xmin>
			<ymin>431</ymin>
			<xmax>281</xmax>
			<ymax>478</ymax>
		</bndbox>
	</object>
	<object>
		<name>fire</name>
		<pose>Unspecified</pose>
		<truncated>Unspecified</truncated>
		<difficult>Unspecified</difficult>
		<bndbox>
			<xmin>0</xmin>
			<ymin>310</ymin>
			<xmax>15</xmax>
			<ymax>408</ymax>
		</bndbox>
	</object>
	<object>
		<name>fire</name>
		<pose>Unspecified</pose>
		<truncated>Unspecified</truncated>
		<difficult>Unspecified</difficult>
		<bndbox>
			<xmin>405</xmin>
			<ymin>234</ymin>
			<xmax>406</xmax>
			<ymax>234</ymax>
		</bndbox>
	</object>
	<object>
		<name>fire</name>
		<pose>Unspecified</pose>
		<truncated>Unspecified</truncated>
		<difficult>Unspecified</difficult>
		<bndbox>
			<xmin>347</xmin>
			<ymin>48</ymin>
			<xmax>387</xmax>
			<ymax>225</ymax>
		</bndbox>
	</object>
	<object>
		<name>fire</name>
		<pose>Unspecified</pose>
		<truncated>Unspecified</truncated>
		<difficult>Unspecified</difficult>
		<bndbox>
			<xmin>245</xmin>
			<ymin>253</ymin>
			<xmax>304</xmax>
			<ymax>304</ymax>
		</bndbox>
	</object>
	<object>
		<name>fire</name>
		<pose>Unspecified</pose>
		<truncated>Unspecified</truncated>
		<difficult>Unspecified</difficult>
		<bndbox>
			<xmin>425</xmin>
			<ymin>12</ymin>
			<xmax>531</xmax>
			<ymax>79</ymax>
		</bndbox>
	</object>
</annotation>