<annotation>
	<folder>my-project-name</folder>
	<filename>fireBig1459.jpg</filename>
	<path>/my-project-name/fireBig1459.jpg</path>
	<source>
		<database>Unspecified</database>
	</source>
	<size>
		<width>1280</width>
		<height>720</height>
		<depth>3</depth>
	</size>
	<object>
		<name>fire</name>
		<pose>Unspecified</pose>
		<truncated>Unspecified</truncated>
		<difficult>Unspecified</difficult>
		<bndbox>
			<xmin>614</xmin>
			<ymin>543</ymin>
			<xmax>651</xmax>
			<ymax>566</ymax>
		</bndbox>
	</object>
	<object>
		<name>fire</name>
		<pose>Unspecified</pose>
		<truncated>Unspecified</truncated>
		<difficult>Unspecified</difficult>
		<bndbox>
			<xmin>444</xmin>
			<ymin>549</ymin>
			<xmax>485</xmax>
			<ymax>577</ymax>
		</bndbox>
	</object>
	<object>
		<name>smoke</name>
		<pose>Unspecified</pose>
		<truncated>Unspecified</truncated>
		<difficult>Unspecified</difficult>
		<bndbox>
			<xmin>402</xmin>
			<ymin>0</ymin>
			<xmax>717</xmax>
			<ymax>492</ymax>
		</bndbox>
	</object>
</annotation>