<annotation>
	<folder>my-project-name</folder>
	<filename>fire.156.png</filename>
	<path>/my-project-name/fire.156.png</path>
	<source>
		<database>Unspecified</database>
	</source>
	<size>
		<width>880</width>
		<height>495</height>
		<depth>3</depth>
	</size>
	<object>
		<name>fire</name>
		<pose>Unspecified</pose>
		<truncated>Unspecified</truncated>
		<difficult>Unspecified</difficult>
		<bndbox>
			<xmin>395</xmin>
			<ymin>0</ymin>
			<xmax>671</xmax>
			<ymax>163</ymax>
		</bndbox>
	</object>
	<object>
		<name>fire</name>
		<pose>Unspecified</pose>
		<truncated>Unspecified</truncated>
		<difficult>Unspecified</difficult>
		<bndbox>
			<xmin>523</xmin>
			<ymin>188</ymin>
			<xmax>596</xmax>
			<ymax>240</ymax>
		</bndbox>
	</object>
	<object>
		<name>fire</name>
		<pose>Unspecified</pose>
		<truncated>Unspecified</truncated>
		<difficult>Unspecified</difficult>
		<bndbox>
			<xmin>520</xmin>
			<ymin>259</ymin>
			<xmax>579</xmax>
			<ymax>328</ymax>
		</bndbox>
	</object>
	<object>
		<name>fire</name>
		<pose>Unspecified</pose>
		<truncated>Unspecified</truncated>
		<difficult>Unspecified</difficult>
		<bndbox>
			<xmin>532</xmin>
			<ymin>415</ymin>
			<xmax>557</xmax>
			<ymax>442</ymax>
		</bndbox>
	</object>
	<object>
		<name>fire</name>
		<pose>Unspecified</pose>
		<truncated>Unspecified</truncated>
		<difficult>Unspecified</difficult>
		<bndbox>
			<xmin>471</xmin>
			<ymin>421</ymin>
			<xmax>507</xmax>
			<ymax>458</ymax>
		</bndbox>
	</object>
	<object>
		<name>fire</name>
		<pose>Unspecified</pose>
		<truncated>Unspecified</truncated>
		<difficult>Unspecified</difficult>
		<bndbox>
			<xmin>450</xmin>
			<ymin>353</ymin>
			<xmax>574</xmax>
			<ymax>388</ymax>
		</bndbox>
	</object>
</annotation>