<annotation>
	<folder>my-project-name</folder>
	<filename>fire.150.png</filename>
	<path>/my-project-name/fire.150.png</path>
	<source>
		<database>Unspecified</database>
	</source>
	<size>
		<width>878</width>
		<height>450</height>
		<depth>3</depth>
	</size>
	<object>
		<name>fire</name>
		<pose>Unspecified</pose>
		<truncated>Unspecified</truncated>
		<difficult>Unspecified</difficult>
		<bndbox>
			<xmin>543</xmin>
			<ymin>154</ymin>
			<xmax>600</xmax>
			<ymax>195</ymax>
		</bndbox>
	</object>
	<object>
		<name>fire</name>
		<pose>Unspecified</pose>
		<truncated>Unspecified</truncated>
		<difficult>Unspecified</difficult>
		<bndbox>
			<xmin>253</xmin>
			<ymin>149</ymin>
			<xmax>329</xmax>
			<ymax>216</ymax>
		</bndbox>
	</object>
	<object>
		<name>fire</name>
		<pose>Unspecified</pose>
		<truncated>Unspecified</truncated>
		<difficult>Unspecified</difficult>
		<bndbox>
			<xmin>89</xmin>
			<ymin>256</ymin>
			<xmax>196</xmax>
			<ymax>323</ymax>
		</bndbox>
	</object>
</annotation>