<annotation>
	<folder>my-project-name</folder>
	<filename>fire.466.png</filename>
	<path>/my-project-name/fire.466.png</path>
	<source>
		<database>Unspecified</database>
	</source>
	<size>
		<width>626</width>
		<height>417</height>
		<depth>3</depth>
	</size>
	<object>
		<name>fire</name>
		<pose>Unspecified</pose>
		<truncated>Unspecified</truncated>
		<difficult>Unspecified</difficult>
		<bndbox>
			<xmin>284</xmin>
			<ymin>256</ymin>
			<xmax>416</xmax>
			<ymax>369</ymax>
		</bndbox>
	</object>
</annotation>