<annotation>
	<folder>my-project-name</folder>
	<filename>fireBig1773.jpg</filename>
	<path>/my-project-name/fireBig1773.jpg</path>
	<source>
		<database>Unspecified</database>
	</source>
	<size>
		<width>1280</width>
		<height>720</height>
		<depth>3</depth>
	</size>
	<object>
		<name>fire</name>
		<pose>Unspecified</pose>
		<truncated>Unspecified</truncated>
		<difficult>Unspecified</difficult>
		<bndbox>
			<xmin>582</xmin>
			<ymin>269</ymin>
			<xmax>657</xmax>
			<ymax>309</ymax>
		</bndbox>
	</object>
	<object>
		<name>fire</name>
		<pose>Unspecified</pose>
		<truncated>Unspecified</truncated>
		<difficult>Unspecified</difficult>
		<bndbox>
			<xmin>468</xmin>
			<ymin>252</ymin>
			<xmax>539</xmax>
			<ymax>293</ymax>
		</bndbox>
	</object>
	<object>
		<name>fire</name>
		<pose>Unspecified</pose>
		<truncated>Unspecified</truncated>
		<difficult>Unspecified</difficult>
		<bndbox>
			<xmin>821</xmin>
			<ymin>326</ymin>
			<xmax>854</xmax>
			<ymax>370</ymax>
		</bndbox>
	</object>
	<object>
		<name>fire</name>
		<pose>Unspecified</pose>
		<truncated>Unspecified</truncated>
		<difficult>Unspecified</difficult>
		<bndbox>
			<xmin>689</xmin>
			<ymin>313</ymin>
			<xmax>726</xmax>
			<ymax>354</ymax>
		</bndbox>
	</object>
	<object>
		<name>fire</name>
		<pose>Unspecified</pose>
		<truncated>Unspecified</truncated>
		<difficult>Unspecified</difficult>
		<bndbox>
			<xmin>789</xmin>
			<ymin>349</ymin>
			<xmax>817</xmax>
			<ymax>382</ymax>
		</bndbox>
	</object>
	<object>
		<name>fire</name>
		<pose>Unspecified</pose>
		<truncated>Unspecified</truncated>
		<difficult>Unspecified</difficult>
		<bndbox>
			<xmin>723</xmin>
			<ymin>360</ymin>
			<xmax>780</xmax>
			<ymax>378</ymax>
		</bndbox>
	</object>
	<object>
		<name>fire</name>
		<pose>Unspecified</pose>
		<truncated>Unspecified</truncated>
		<difficult>Unspecified</difficult>
		<bndbox>
			<xmin>656</xmin>
			<ymin>358</ymin>
			<xmax>696</xmax>
			<ymax>370</ymax>
		</bndbox>
	</object>
	<object>
		<name>fire</name>
		<pose>Unspecified</pose>
		<truncated>Unspecified</truncated>
		<difficult>Unspecified</difficult>
		<bndbox>
			<xmin>653</xmin>
			<ymin>377</ymin>
			<xmax>679</xmax>
			<ymax>391</ymax>
		</bndbox>
	</object>
	<object>
		<name>fire</name>
		<pose>Unspecified</pose>
		<truncated>Unspecified</truncated>
		<difficult>Unspecified</difficult>
		<bndbox>
			<xmin>582</xmin>
			<ymin>354</ymin>
			<xmax>613</xmax>
			<ymax>380</ymax>
		</bndbox>
	</object>
	<object>
		<name>fire</name>
		<pose>Unspecified</pose>
		<truncated>Unspecified</truncated>
		<difficult>Unspecified</difficult>
		<bndbox>
			<xmin>367</xmin>
			<ymin>414</ymin>
			<xmax>387</xmax>
			<ymax>425</ymax>
		</bndbox>
	</object>
	<object>
		<name>fire</name>
		<pose>Unspecified</pose>
		<truncated>Unspecified</truncated>
		<difficult>Unspecified</difficult>
		<bndbox>
			<xmin>271</xmin>
			<ymin>462</ymin>
			<xmax>312</xmax>
			<ymax>495</ymax>
		</bndbox>
	</object>
	<object>
		<name>smoke</name>
		<pose>Unspecified</pose>
		<truncated>Unspecified</truncated>
		<difficult>Unspecified</difficult>
		<bndbox>
			<xmin>76</xmin>
			<ymin>0</ymin>
			<xmax>939</xmax>
			<ymax>231</ymax>
		</bndbox>
	</object>
	<object>
		<name>fire</name>
		<pose>Unspecified</pose>
		<truncated>Unspecified</truncated>
		<difficult>Unspecified</difficult>
		<bndbox>
			<xmin>1004</xmin>
			<ymin>224</ymin>
			<xmax>1028</xmax>
			<ymax>255</ymax>
		</bndbox>
	</object>
</annotation>