<annotation>
	<folder>my-project-name</folder>
	<filename>fireBig1463.jpg</filename>
	<path>/my-project-name/fireBig1463.jpg</path>
	<source>
		<database>Unspecified</database>
	</source>
	<size>
		<width>1280</width>
		<height>720</height>
		<depth>3</depth>
	</size>
	<object>
		<name>fire</name>
		<pose>Unspecified</pose>
		<truncated>Unspecified</truncated>
		<difficult>Unspecified</difficult>
		<bndbox>
			<xmin>595</xmin>
			<ymin>420</ymin>
			<xmax>644</xmax>
			<ymax>458</ymax>
		</bndbox>
	</object>
	<object>
		<name>fire</name>
		<pose>Unspecified</pose>
		<truncated>Unspecified</truncated>
		<difficult>Unspecified</difficult>
		<bndbox>
			<xmin>420</xmin>
			<ymin>434</ymin>
			<xmax>471</xmax>
			<ymax>464</ymax>
		</bndbox>
	</object>
	<object>
		<name>smoke</name>
		<pose>Unspecified</pose>
		<truncated>Unspecified</truncated>
		<difficult>Unspecified</difficult>
		<bndbox>
			<xmin>378</xmin>
			<ymin>0</ymin>
			<xmax>677</xmax>
			<ymax>316</ymax>
		</bndbox>
	</object>
</annotation>