<annotation>
	<folder>my-project-name</folder>
	<filename>fire.514.png</filename>
	<path>/my-project-name/fire.514.png</path>
	<source>
		<database>Unspecified</database>
	</source>
	<size>
		<width>289</width>
		<height>401</height>
		<depth>3</depth>
	</size>
	<object>
		<name>fire</name>
		<pose>Unspecified</pose>
		<truncated>Unspecified</truncated>
		<difficult>Unspecified</difficult>
		<bndbox>
			<xmin>110</xmin>
			<ymin>7</ymin>
			<xmax>191</xmax>
			<ymax>309</ymax>
		</bndbox>
	</object>
</annotation>