<annotation>
	<folder>my-project-name</folder>
	<filename>fire.153.png</filename>
	<path>/my-project-name/fire.153.png</path>
	<source>
		<database>Unspecified</database>
	</source>
	<size>
		<width>958</width>
		<height>641</height>
		<depth>3</depth>
	</size>
	<object>
		<name>fire</name>
		<pose>Unspecified</pose>
		<truncated>Unspecified</truncated>
		<difficult>Unspecified</difficult>
		<bndbox>
			<xmin>0</xmin>
			<ymin>308</ymin>
			<xmax>548</xmax>
			<ymax>640</ymax>
		</bndbox>
	</object>
</annotation>