<annotation>
	<folder>my-project-name</folder>
	<filename>fire.488.png</filename>
	<path>/my-project-name/fire.488.png</path>
	<source>
		<database>Unspecified</database>
	</source>
	<size>
		<width>4929</width>
		<height>3286</height>
		<depth>3</depth>
	</size>
	<object>
		<name>fire</name>
		<pose>Unspecified</pose>
		<truncated>Unspecified</truncated>
		<difficult>Unspecified</difficult>
		<bndbox>
			<xmin>2777</xmin>
			<ymin>2777</ymin>
			<xmax>3046</xmax>
			<ymax>3082</ymax>
		</bndbox>
	</object>
	<object>
		<name>fire</name>
		<pose>Unspecified</pose>
		<truncated>Unspecified</truncated>
		<difficult>Unspecified</difficult>
		<bndbox>
			<xmin>3460</xmin>
			<ymin>2465</ymin>
			<xmax>4158</xmax>
			<ymax>2952</ymax>
		</bndbox>
	</object>
	<object>
		<name>fire</name>
		<pose>Unspecified</pose>
		<truncated>Unspecified</truncated>
		<difficult>Unspecified</difficult>
		<bndbox>
			<xmin>3948</xmin>
			<ymin>2166</ymin>
			<xmax>4158</xmax>
			<ymax>2399</ymax>
		</bndbox>
	</object>
	<object>
		<name>smoke</name>
		<pose>Unspecified</pose>
		<truncated>Unspecified</truncated>
		<difficult>Unspecified</difficult>
		<bndbox>
			<xmin>2006</xmin>
			<ymin>0</ymin>
			<xmax>4929</xmax>
			<ymax>2465</ymax>
		</bndbox>
	</object>
	<object>
		<name>fire</name>
		<pose>Unspecified</pose>
		<truncated>Unspecified</truncated>
		<difficult>Unspecified</difficult>
		<bndbox>
			<xmin>2050</xmin>
			<ymin>3141</ymin>
			<xmax>2166</xmax>
			<ymax>3221</ymax>
		</bndbox>
	</object>
</annotation>