<annotation>
	<folder>my-project-name</folder>
	<filename>fireBig1786.jpg</filename>
	<path>/my-project-name/fireBig1786.jpg</path>
	<source>
		<database>Unspecified</database>
	</source>
	<size>
		<width>1280</width>
		<height>720</height>
		<depth>3</depth>
	</size>
	<object>
		<name>fire</name>
		<pose>Unspecified</pose>
		<truncated>Unspecified</truncated>
		<difficult>Unspecified</difficult>
		<bndbox>
			<xmin>501</xmin>
			<ymin>351</ymin>
			<xmax>564</xmax>
			<ymax>386</ymax>
		</bndbox>
	</object>
	<object>
		<name>fire</name>
		<pose>Unspecified</pose>
		<truncated>Unspecified</truncated>
		<difficult>Unspecified</difficult>
		<bndbox>
			<xmin>598</xmin>
			<ymin>417</ymin>
			<xmax>620</xmax>
			<ymax>429</ymax>
		</bndbox>
	</object>
	<object>
		<name>fire</name>
		<pose>Unspecified</pose>
		<truncated>Unspecified</truncated>
		<difficult>Unspecified</difficult>
		<bndbox>
			<xmin>352</xmin>
			<ymin>470</ymin>
			<xmax>393</xmax>
			<ymax>493</ymax>
		</bndbox>
	</object>
	<object>
		<name>smoke</name>
		<pose>Unspecified</pose>
		<truncated>Unspecified</truncated>
		<difficult>Unspecified</difficult>
		<bndbox>
			<xmin>256</xmin>
			<ymin>0</ymin>
			<xmax>685</xmax>
			<ymax>288</ymax>
		</bndbox>
	</object>
</annotation>