<annotation>
	<folder>my-project-name</folder>
	<filename>fire.170.png</filename>
	<path>/my-project-name/fire.170.png</path>
	<source>
		<database>Unspecified</database>
	</source>
	<size>
		<width>661</width>
		<height>328</height>
		<depth>3</depth>
	</size>
	<object>
		<name>fire</name>
		<pose>Unspecified</pose>
		<truncated>Unspecified</truncated>
		<difficult>Unspecified</difficult>
		<bndbox>
			<xmin>465</xmin>
			<ymin>52</ymin>
			<xmax>519</xmax>
			<ymax>160</ymax>
		</bndbox>
	</object>
	<object>
		<name>smoke</name>
		<pose>Unspecified</pose>
		<truncated>Unspecified</truncated>
		<difficult>Unspecified</difficult>
		<bndbox>
			<xmin>383</xmin>
			<ymin>0</ymin>
			<xmax>599</xmax>
			<ymax>66</ymax>
		</bndbox>
	</object>
</annotation>