<annotation>
	<folder>my-project-name</folder>
	<filename>fireBig1457.jpg</filename>
	<path>/my-project-name/fireBig1457.jpg</path>
	<source>
		<database>Unspecified</database>
	</source>
	<size>
		<width>1280</width>
		<height>720</height>
		<depth>3</depth>
	</size>
	<object>
		<name>fire</name>
		<pose>Unspecified</pose>
		<truncated>Unspecified</truncated>
		<difficult>Unspecified</difficult>
		<bndbox>
			<xmin>665</xmin>
			<ymin>473</ymin>
			<xmax>723</xmax>
			<ymax>515</ymax>
		</bndbox>
	</object>
	<object>
		<name>fire</name>
		<pose>Unspecified</pose>
		<truncated>Unspecified</truncated>
		<difficult>Unspecified</difficult>
		<bndbox>
			<xmin>493</xmin>
			<ymin>486</ymin>
			<xmax>538</xmax>
			<ymax>505</ymax>
		</bndbox>
	</object>
	<object>
		<name>smoke</name>
		<pose>Unspecified</pose>
		<truncated>Unspecified</truncated>
		<difficult>Unspecified</difficult>
		<bndbox>
			<xmin>406</xmin>
			<ymin>26</ymin>
			<xmax>733</xmax>
			<ymax>453</ymax>
		</bndbox>
	</object>
</annotation>