<annotation>
	<folder>my-project-name</folder>
	<filename>fireBig1380.jpg</filename>
	<path>/my-project-name/fireBig1380.jpg</path>
	<source>
		<database>Unspecified</database>
	</source>
	<size>
		<width>1280</width>
		<height>720</height>
		<depth>3</depth>
	</size>
	<object>
		<name>fire</name>
		<pose>Unspecified</pose>
		<truncated>Unspecified</truncated>
		<difficult>Unspecified</difficult>
		<bndbox>
			<xmin>0</xmin>
			<ymin>0</ymin>
			<xmax>446</xmax>
			<ymax>315</ymax>
		</bndbox>
	</object>
	<object>
		<name>fire</name>
		<pose>Unspecified</pose>
		<truncated>Unspecified</truncated>
		<difficult>Unspecified</difficult>
		<bndbox>
			<xmin>604</xmin>
			<ymin>0</ymin>
			<xmax>861</xmax>
			<ymax>279</ymax>
		</bndbox>
	</object>
</annotation>