<annotation>
	<folder>my-project-name</folder>
	<filename>fire.147.png</filename>
	<path>/my-project-name/fire.147.png</path>
	<source>
		<database>Unspecified</database>
	</source>
	<size>
		<width>750</width>
		<height>422</height>
		<depth>3</depth>
	</size>
	<object>
		<name>fire</name>
		<pose>Unspecified</pose>
		<truncated>Unspecified</truncated>
		<difficult>Unspecified</difficult>
		<bndbox>
			<xmin>249</xmin>
			<ymin>311</ymin>
			<xmax>424</xmax>
			<ymax>382</ymax>
		</bndbox>
	</object>
	<object>
		<name>fire</name>
		<pose>Unspecified</pose>
		<truncated>Unspecified</truncated>
		<difficult>Unspecified</difficult>
		<bndbox>
			<xmin>399</xmin>
			<ymin>166</ymin>
			<xmax>490</xmax>
			<ymax>243</ymax>
		</bndbox>
	</object>
	<object>
		<name>fire</name>
		<pose>Unspecified</pose>
		<truncated>Unspecified</truncated>
		<difficult>Unspecified</difficult>
		<bndbox>
			<xmin>379</xmin>
			<ymin>251</ymin>
			<xmax>435</xmax>
			<ymax>301</ymax>
		</bndbox>
	</object>
	<object>
		<name>smoke</name>
		<pose>Unspecified</pose>
		<truncated>Unspecified</truncated>
		<difficult>Unspecified</difficult>
		<bndbox>
			<xmin>238</xmin>
			<ymin>0</ymin>
			<xmax>621</xmax>
			<ymax>301</ymax>
		</bndbox>
	</object>
</annotation>