<annotation>
	<folder>my-project-name</folder>
	<filename>089_rgb.png</filename>
	<path>/my-project-name/089_rgb.png</path>
	<source>
		<database>Unspecified</database>
	</source>
	<size>
		<width>256</width>
		<height>256</height>
		<depth>3</depth>
	</size>
	<object>
		<name>fire</name>
		<pose>Unspecified</pose>
		<truncated>Unspecified</truncated>
		<difficult>Unspecified</difficult>
		<bndbox>
			<xmin>29</xmin>
			<ymin>112</ymin>
			<xmax>66</xmax>
			<ymax>155</ymax>
		</bndbox>
	</object>
	<object>
		<name>fire</name>
		<pose>Unspecified</pose>
		<truncated>Unspecified</truncated>
		<difficult>Unspecified</difficult>
		<bndbox>
			<xmin>68</xmin>
			<ymin>101</ymin>
			<xmax>102</xmax>
			<ymax>145</ymax>
		</bndbox>
	</object>
	<object>
		<name>fire</name>
		<pose>Unspecified</pose>
		<truncated>Unspecified</truncated>
		<difficult>Unspecified</difficult>
		<bndbox>
			<xmin>226</xmin>
			<ymin>119</ymin>
			<xmax>256</xmax>
			<ymax>147</ymax>
		</bndbox>
	</object>
	<object>
		<name>fire</name>
		<pose>Unspecified</pose>
		<truncated>Unspecified</truncated>
		<difficult>Unspecified</difficult>
		<bndbox>
			<xmin>167</xmin>
			<ymin>107</ymin>
			<xmax>217</xmax>
			<ymax>147</ymax>
		</bndbox>
	</object>
	<object>
		<name>fire</name>
		<pose>Unspecified</pose>
		<truncated>Unspecified</truncated>
		<difficult>Unspecified</difficult>
		<bndbox>
			<xmin>115</xmin>
			<ymin>76</ymin>
			<xmax>154</xmax>
			<ymax>123</ymax>
		</bndbox>
	</object>
</annotation>