<annotation>
	<folder>my-project-name</folder>
	<filename>091_rgb.png</filename>
	<path>/my-project-name/091_rgb.png</path>
	<source>
		<database>Unspecified</database>
	</source>
	<size>
		<width>256</width>
		<height>256</height>
		<depth>3</depth>
	</size>
	<object>
		<name>fire</name>
		<pose>Unspecified</pose>
		<truncated>Unspecified</truncated>
		<difficult>Unspecified</difficult>
		<bndbox>
			<xmin>69</xmin>
			<ymin>131</ymin>
			<xmax>228</xmax>
			<ymax>200</ymax>
		</bndbox>
	</object>
</annotation>