<annotation>
	<folder>my-project-name</folder>
	<filename>094_rgb.png</filename>
	<path>/my-project-name/094_rgb.png</path>
	<source>
		<database>Unspecified</database>
	</source>
	<size>
		<width>256</width>
		<height>256</height>
		<depth>3</depth>
	</size>
	<object>
		<name>fire</name>
		<pose>Unspecified</pose>
		<truncated>Unspecified</truncated>
		<difficult>Unspecified</difficult>
		<bndbox>
			<xmin>25</xmin>
			<ymin>170</ymin>
			<xmax>121</xmax>
			<ymax>201</ymax>
		</bndbox>
	</object>
	<object>
		<name>fire</name>
		<pose>Unspecified</pose>
		<truncated>Unspecified</truncated>
		<difficult>Unspecified</difficult>
		<bndbox>
			<xmin>70</xmin>
			<ymin>108</ymin>
			<xmax>131</xmax>
			<ymax>169</ymax>
		</bndbox>
	</object>
</annotation>