<annotation>
	<folder>my-project-name</folder>
	<filename>fire.583.png</filename>
	<path>/my-project-name/fire.583.png</path>
	<source>
		<database>Unspecified</database>
	</source>
	<size>
		<width>992</width>
		<height>415</height>
		<depth>3</depth>
	</size>
	<object>
		<name>fire</name>
		<pose>Unspecified</pose>
		<truncated>Unspecified</truncated>
		<difficult>Unspecified</difficult>
		<bndbox>
			<xmin>487</xmin>
			<ymin>288</ymin>
			<xmax>538</xmax>
			<ymax>344</ymax>
		</bndbox>
	</object>
	<object>
		<name>fire</name>
		<pose>Unspecified</pose>
		<truncated>Unspecified</truncated>
		<difficult>Unspecified</difficult>
		<bndbox>
			<xmin>511</xmin>
			<ymin>366</ymin>
			<xmax>556</xmax>
			<ymax>398</ymax>
		</bndbox>
	</object>
	<object>
		<name>fire</name>
		<pose>Unspecified</pose>
		<truncated>Unspecified</truncated>
		<difficult>Unspecified</difficult>
		<bndbox>
			<xmin>398</xmin>
			<ymin>248</ymin>
			<xmax>452</xmax>
			<ymax>284</ymax>
		</bndbox>
	</object>
	<object>
		<name>fire</name>
		<pose>Unspecified</pose>
		<truncated>Unspecified</truncated>
		<difficult>Unspecified</difficult>
		<bndbox>
			<xmin>269</xmin>
			<ymin>210</ymin>
			<xmax>354</xmax>
			<ymax>282</ymax>
		</bndbox>
	</object>
	<object>
		<name>fire</name>
		<pose>Unspecified</pose>
		<truncated>Unspecified</truncated>
		<difficult>Unspecified</difficult>
		<bndbox>
			<xmin>198</xmin>
			<ymin>203</ymin>
			<xmax>262</xmax>
			<ymax>251</ymax>
		</bndbox>
	</object>
	<object>
		<name>fire</name>
		<pose>Unspecified</pose>
		<truncated>Unspecified</truncated>
		<difficult>Unspecified</difficult>
		<bndbox>
			<xmin>89</xmin>
			<ymin>123</ymin>
			<xmax>146</xmax>
			<ymax>193</ymax>
		</bndbox>
	</object>
	<object>
		<name>fire</name>
		<pose>Unspecified</pose>
		<truncated>Unspecified</truncated>
		<difficult>Unspecified</difficult>
		<bndbox>
			<xmin>0</xmin>
			<ymin>76</ymin>
			<xmax>47</xmax>
			<ymax>158</ymax>
		</bndbox>
	</object>
</annotation>