<annotation>
	<folder>my-project-name</folder>
	<filename>fire.274.png</filename>
	<path>/my-project-name/fire.274.png</path>
	<source>
		<database>Unspecified</database>
	</source>
	<size>
		<width>495</width>
		<height>330</height>
		<depth>3</depth>
	</size>
	<object>
		<name>fire</name>
		<pose>Unspecified</pose>
		<truncated>Unspecified</truncated>
		<difficult>Unspecified</difficult>
		<bndbox>
			<xmin>84</xmin>
			<ymin>285</ymin>
			<xmax>135</xmax>
			<ymax>326</ymax>
		</bndbox>
	</object>
</annotation>