<annotation>
	<folder>my-project-name</folder>
	<filename>fire.266.png</filename>
	<path>/my-project-name/fire.266.png</path>
	<source>
		<database>Unspecified</database>
	</source>
	<size>
		<width>700</width>
		<height>450</height>
		<depth>3</depth>
	</size>
	<object>
		<name>fire</name>
		<pose>Unspecified</pose>
		<truncated>Unspecified</truncated>
		<difficult>Unspecified</difficult>
		<bndbox>
			<xmin>238</xmin>
			<ymin>203</ymin>
			<xmax>295</xmax>
			<ymax>249</ymax>
		</bndbox>
	</object>
	<object>
		<name>smoke</name>
		<pose>Unspecified</pose>
		<truncated>Unspecified</truncated>
		<difficult>Unspecified</difficult>
		<bndbox>
			<xmin>316</xmin>
			<ymin>121</ymin>
			<xmax>414</xmax>
			<ymax>207</ymax>
		</bndbox>
	</object>
</annotation>