<annotation>
	<folder>my-project-name</folder>
	<filename>fire.571.png</filename>
	<path>/my-project-name/fire.571.png</path>
	<source>
		<database>Unspecified</database>
	</source>
	<size>
		<width>1180</width>
		<height>885</height>
		<depth>3</depth>
	</size>
	<object>
		<name>fire</name>
		<pose>Unspecified</pose>
		<truncated>Unspecified</truncated>
		<difficult>Unspecified</difficult>
		<bndbox>
			<xmin>0</xmin>
			<ymin>452</ymin>
			<xmax>228</xmax>
			<ymax>716</ymax>
		</bndbox>
	</object>
	<object>
		<name>fire</name>
		<pose>Unspecified</pose>
		<truncated>Unspecified</truncated>
		<difficult>Unspecified</difficult>
		<bndbox>
			<xmin>247</xmin>
			<ymin>501</ymin>
			<xmax>466</xmax>
			<ymax>723</ymax>
		</bndbox>
	</object>
	<object>
		<name>fire</name>
		<pose>Unspecified</pose>
		<truncated>Unspecified</truncated>
		<difficult>Unspecified</difficult>
		<bndbox>
			<xmin>477</xmin>
			<ymin>469</ymin>
			<xmax>667</xmax>
			<ymax>706</ymax>
		</bndbox>
	</object>
	<object>
		<name>fire</name>
		<pose>Unspecified</pose>
		<truncated>Unspecified</truncated>
		<difficult>Unspecified</difficult>
		<bndbox>
			<xmin>524</xmin>
			<ymin>333</ymin>
			<xmax>1093</xmax>
			<ymax>458</ymax>
		</bndbox>
	</object>
	<object>
		<name>fire</name>
		<pose>Unspecified</pose>
		<truncated>Unspecified</truncated>
		<difficult>Unspecified</difficult>
		<bndbox>
			<xmin>688</xmin>
			<ymin>488</ymin>
			<xmax>750</xmax>
			<ymax>561</ymax>
		</bndbox>
	</object>
	<object>
		<name>fire</name>
		<pose>Unspecified</pose>
		<truncated>Unspecified</truncated>
		<difficult>Unspecified</difficult>
		<bndbox>
			<xmin>848</xmin>
			<ymin>486</ymin>
			<xmax>1038</xmax>
			<ymax>668</ymax>
		</bndbox>
	</object>
	<object>
		<name>fire</name>
		<pose>Unspecified</pose>
		<truncated>Unspecified</truncated>
		<difficult>Unspecified</difficult>
		<bndbox>
			<xmin>1066</xmin>
			<ymin>501</ymin>
			<xmax>1168</xmax>
			<ymax>627</ymax>
		</bndbox>
	</object>
	<object>
		<name>fire</name>
		<pose>Unspecified</pose>
		<truncated>Unspecified</truncated>
		<difficult>Unspecified</difficult>
		<bndbox>
			<xmin>1142</xmin>
			<ymin>273</ymin>
			<xmax>1180</xmax>
			<ymax>346</ymax>
		</bndbox>
	</object>
	<object>
		<name>fire</name>
		<pose>Unspecified</pose>
		<truncated>Unspecified</truncated>
		<difficult>Unspecified</difficult>
		<bndbox>
			<xmin>991</xmin>
			<ymin>15</ymin>
			<xmax>1164</xmax>
			<ymax>245</ymax>
		</bndbox>
	</object>
	<object>
		<name>fire</name>
		<pose>Unspecified</pose>
		<truncated>Unspecified</truncated>
		<difficult>Unspecified</difficult>
		<bndbox>
			<xmin>566</xmin>
			<ymin>26</ymin>
			<xmax>976</xmax>
			<ymax>324</ymax>
		</bndbox>
	</object>
	<object>
		<name>fire</name>
		<pose>Unspecified</pose>
		<truncated>Unspecified</truncated>
		<difficult>Unspecified</difficult>
		<bndbox>
			<xmin>1004</xmin>
			<ymin>262</ymin>
			<xmax>1098</xmax>
			<ymax>326</ymax>
		</bndbox>
	</object>
</annotation>