<annotation>
	<folder>my-project-name</folder>
	<filename>fire.726.png</filename>
	<path>/my-project-name/fire.726.png</path>
	<source>
		<database>Unspecified</database>
	</source>
	<size>
		<width>1200</width>
		<height>675</height>
		<depth>3</depth>
	</size>
	<object>
		<name>fire</name>
		<pose>Unspecified</pose>
		<truncated>Unspecified</truncated>
		<difficult>Unspecified</difficult>
		<bndbox>
			<xmin>789</xmin>
			<ymin>224</ymin>
			<xmax>888</xmax>
			<ymax>313</ymax>
		</bndbox>
	</object>
	<object>
		<name>fire</name>
		<pose>Unspecified</pose>
		<truncated>Unspecified</truncated>
		<difficult>Unspecified</difficult>
		<bndbox>
			<xmin>354</xmin>
			<ymin>194</ymin>
			<xmax>409</xmax>
			<ymax>267</ymax>
		</bndbox>
	</object>
	<object>
		<name>fire</name>
		<pose>Unspecified</pose>
		<truncated>Unspecified</truncated>
		<difficult>Unspecified</difficult>
		<bndbox>
			<xmin>465</xmin>
			<ymin>224</ymin>
			<xmax>538</xmax>
			<ymax>281</ymax>
		</bndbox>
	</object>
</annotation>