<annotation>
	<folder>my-project-name</folder>
	<filename>fire.280.png</filename>
	<path>/my-project-name/fire.280.png</path>
	<source>
		<database>Unspecified</database>
	</source>
	<size>
		<width>1680</width>
		<height>378</height>
		<depth>3</depth>
	</size>
	<object>
		<name>fire</name>
		<pose>Unspecified</pose>
		<truncated>Unspecified</truncated>
		<difficult>Unspecified</difficult>
		<bndbox>
			<xmin>1603</xmin>
			<ymin>286</ymin>
			<xmax>1680</xmax>
			<ymax>378</ymax>
		</bndbox>
	</object>
	<object>
		<name>fire</name>
		<pose>Unspecified</pose>
		<truncated>Unspecified</truncated>
		<difficult>Unspecified</difficult>
		<bndbox>
			<xmin>1373</xmin>
			<ymin>221</ymin>
			<xmax>1519</xmax>
			<ymax>340</ymax>
		</bndbox>
	</object>
	<object>
		<name>fire</name>
		<pose>Unspecified</pose>
		<truncated>Unspecified</truncated>
		<difficult>Unspecified</difficult>
		<bndbox>
			<xmin>1170</xmin>
			<ymin>85</ymin>
			<xmax>1360</xmax>
			<ymax>340</ymax>
		</bndbox>
	</object>
	<object>
		<name>fire</name>
		<pose>Unspecified</pose>
		<truncated>Unspecified</truncated>
		<difficult>Unspecified</difficult>
		<bndbox>
			<xmin>917</xmin>
			<ymin>97</ymin>
			<xmax>1175</xmax>
			<ymax>330</ymax>
		</bndbox>
	</object>
	<object>
		<name>fire</name>
		<pose>Unspecified</pose>
		<truncated>Unspecified</truncated>
		<difficult>Unspecified</difficult>
		<bndbox>
			<xmin>736</xmin>
			<ymin>120</ymin>
			<xmax>892</xmax>
			<ymax>323</ymax>
		</bndbox>
	</object>
	<object>
		<name>fire</name>
		<pose>Unspecified</pose>
		<truncated>Unspecified</truncated>
		<difficult>Unspecified</difficult>
		<bndbox>
			<xmin>560</xmin>
			<ymin>68</ymin>
			<xmax>731</xmax>
			<ymax>310</ymax>
		</bndbox>
	</object>
	<object>
		<name>fire</name>
		<pose>Unspecified</pose>
		<truncated>Unspecified</truncated>
		<difficult>Unspecified</difficult>
		<bndbox>
			<xmin>421</xmin>
			<ymin>127</ymin>
			<xmax>570</xmax>
			<ymax>286</ymax>
		</bndbox>
	</object>
</annotation>