<annotation>
	<folder>my-project-name</folder>
	<filename>fire.332.png</filename>
	<path>/my-project-name/fire.332.png</path>
	<source>
		<database>Unspecified</database>
	</source>
	<size>
		<width>768</width>
		<height>512</height>
		<depth>3</depth>
	</size>
	<object>
		<name>fire</name>
		<pose>Unspecified</pose>
		<truncated>Unspecified</truncated>
		<difficult>Unspecified</difficult>
		<bndbox>
			<xmin>54</xmin>
			<ymin>421</ymin>
			<xmax>126</xmax>
			<ymax>441</ymax>
		</bndbox>
	</object>
	<object>
		<name>fire</name>
		<pose>Unspecified</pose>
		<truncated>Unspecified</truncated>
		<difficult>Unspecified</difficult>
		<bndbox>
			<xmin>59</xmin>
			<ymin>406</ymin>
			<xmax>112</xmax>
			<ymax>423</ymax>
		</bndbox>
	</object>
	<object>
		<name>fire</name>
		<pose>Unspecified</pose>
		<truncated>Unspecified</truncated>
		<difficult>Unspecified</difficult>
		<bndbox>
			<xmin>344</xmin>
			<ymin>353</ymin>
			<xmax>394</xmax>
			<ymax>416</ymax>
		</bndbox>
	</object>
	<object>
		<name>fire</name>
		<pose>Unspecified</pose>
		<truncated>Unspecified</truncated>
		<difficult>Unspecified</difficult>
		<bndbox>
			<xmin>555</xmin>
			<ymin>395</ymin>
			<xmax>573</xmax>
			<ymax>411</ymax>
		</bndbox>
	</object>
</annotation>