<annotation>
	<folder>my-project-name</folder>
	<filename>fire.261.png</filename>
	<path>/my-project-name/fire.261.png</path>
	<source>
		<database>Unspecified</database>
	</source>
	<size>
		<width>1200</width>
		<height>805</height>
		<depth>3</depth>
	</size>
	<object>
		<name>fire</name>
		<pose>Unspecified</pose>
		<truncated>Unspecified</truncated>
		<difficult>Unspecified</difficult>
		<bndbox>
			<xmin>0</xmin>
			<ymin>0</ymin>
			<xmax>1200</xmax>
			<ymax>532</ymax>
		</bndbox>
	</object>
	<object>
		<name>fire</name>
		<pose>Unspecified</pose>
		<truncated>Unspecified</truncated>
		<difficult>Unspecified</difficult>
		<bndbox>
			<xmin>846</xmin>
			<ymin>663</ymin>
			<xmax>896</xmax>
			<ymax>714</ymax>
		</bndbox>
	</object>
</annotation>