<annotation>
	<folder>my-project-name</folder>
	<filename>fire.262.png</filename>
	<path>/my-project-name/fire.262.png</path>
	<source>
		<database>Unspecified</database>
	</source>
	<size>
		<width>800</width>
		<height>450</height>
		<depth>3</depth>
	</size>
	<object>
		<name>fire</name>
		<pose>Unspecified</pose>
		<truncated>Unspecified</truncated>
		<difficult>Unspecified</difficult>
		<bndbox>
			<xmin>145</xmin>
			<ymin>79</ymin>
			<xmax>557</xmax>
			<ymax>243</ymax>
		</bndbox>
	</object>
	<object>
		<name>smoke</name>
		<pose>Unspecified</pose>
		<truncated>Unspecified</truncated>
		<difficult>Unspecified</difficult>
		<bndbox>
			<xmin>610</xmin>
			<ymin>28</ymin>
			<xmax>716</xmax>
			<ymax>160</ymax>
		</bndbox>
	</object>
</annotation>