<annotation>
	<folder>my-project-name</folder>
	<filename>fire.318.png</filename>
	<path>/my-project-name/fire.318.png</path>
	<source>
		<database>Unspecified</database>
	</source>
	<size>
		<width>305</width>
		<height>228</height>
		<depth>3</depth>
	</size>
	<object>
		<name>fire</name>
		<pose>Unspecified</pose>
		<truncated>Unspecified</truncated>
		<difficult>Unspecified</difficult>
		<bndbox>
			<xmin>172</xmin>
			<ymin>121</ymin>
			<xmax>195</xmax>
			<ymax>159</ymax>
		</bndbox>
	</object>
	<object>
		<name>fire</name>
		<pose>Unspecified</pose>
		<truncated>Unspecified</truncated>
		<difficult>Unspecified</difficult>
		<bndbox>
			<xmin>275</xmin>
			<ymin>184</ymin>
			<xmax>297</xmax>
			<ymax>215</ymax>
		</bndbox>
	</object>
	<object>
		<name>fire</name>
		<pose>Unspecified</pose>
		<truncated>Unspecified</truncated>
		<difficult>Unspecified</difficult>
		<bndbox>
			<xmin>77</xmin>
			<ymin>99</ymin>
			<xmax>92</xmax>
			<ymax>117</ymax>
		</bndbox>
	</object>
	<object>
		<name>smoke</name>
		<pose>Unspecified</pose>
		<truncated>Unspecified</truncated>
		<difficult>Unspecified</difficult>
		<bndbox>
			<xmin>23</xmin>
			<ymin>32</ymin>
			<xmax>94</xmax>
			<ymax>78</ymax>
		</bndbox>
	</object>
	<object>
		<name>smoke</name>
		<pose>Unspecified</pose>
		<truncated>Unspecified</truncated>
		<difficult>Unspecified</difficult>
		<bndbox>
			<xmin>118</xmin>
			<ymin>82</ymin>
			<xmax>190</xmax>
			<ymax>108</ymax>
		</bndbox>
	</object>
</annotation>