<annotation>
	<folder>my-project-name</folder>
	<filename>fire.561.png</filename>
	<path>/my-project-name/fire.561.png</path>
	<source>
		<database>Unspecified</database>
	</source>
	<size>
		<width>1100</width>
		<height>619</height>
		<depth>3</depth>
	</size>
	<object>
		<name>smoke</name>
		<pose>Unspecified</pose>
		<truncated>Unspecified</truncated>
		<difficult>Unspecified</difficult>
		<bndbox>
			<xmin>591</xmin>
			<ymin>0</ymin>
			<xmax>881</xmax>
			<ymax>277</ymax>
		</bndbox>
	</object>
	<object>
		<name>fire</name>
		<pose>Unspecified</pose>
		<truncated>Unspecified</truncated>
		<difficult>Unspecified</difficult>
		<bndbox>
			<xmin>435</xmin>
			<ymin>30</ymin>
			<xmax>586</xmax>
			<ymax>318</ymax>
		</bndbox>
	</object>
	<object>
		<name>fire</name>
		<pose>Unspecified</pose>
		<truncated>Unspecified</truncated>
		<difficult>Unspecified</difficult>
		<bndbox>
			<xmin>483</xmin>
			<ymin>443</ymin>
			<xmax>534</xmax>
			<ymax>490</ymax>
		</bndbox>
	</object>
</annotation>