<annotation>
	<folder>my-project-name</folder>
	<filename>fire.317.png</filename>
	<path>/my-project-name/fire.317.png</path>
	<source>
		<database>Unspecified</database>
	</source>
	<size>
		<width>750</width>
		<height>494</height>
		<depth>3</depth>
	</size>
	<object>
		<name>fire</name>
		<pose>Unspecified</pose>
		<truncated>Unspecified</truncated>
		<difficult>Unspecified</difficult>
		<bndbox>
			<xmin>520</xmin>
			<ymin>416</ymin>
			<xmax>558</xmax>
			<ymax>466</ymax>
		</bndbox>
	</object>
	<object>
		<name>fire</name>
		<pose>Unspecified</pose>
		<truncated>Unspecified</truncated>
		<difficult>Unspecified</difficult>
		<bndbox>
			<xmin>450</xmin>
			<ymin>402</ymin>
			<xmax>472</xmax>
			<ymax>431</ymax>
		</bndbox>
	</object>
	<object>
		<name>fire</name>
		<pose>Unspecified</pose>
		<truncated>Unspecified</truncated>
		<difficult>Unspecified</difficult>
		<bndbox>
			<xmin>393</xmin>
			<ymin>399</ymin>
			<xmax>420</xmax>
			<ymax>424</ymax>
		</bndbox>
	</object>
	<object>
		<name>fire</name>
		<pose>Unspecified</pose>
		<truncated>Unspecified</truncated>
		<difficult>Unspecified</difficult>
		<bndbox>
			<xmin>267</xmin>
			<ymin>312</ymin>
			<xmax>308</xmax>
			<ymax>359</ymax>
		</bndbox>
	</object>
</annotation>