<annotation>
	<folder>my-project-name</folder>
	<filename>fire.291.png</filename>
	<path>/my-project-name/fire.291.png</path>
	<source>
		<database>Unspecified</database>
	</source>
	<size>
		<width>307</width>
		<height>173</height>
		<depth>3</depth>
	</size>
	<object>
		<name>fire</name>
		<pose>Unspecified</pose>
		<truncated>Unspecified</truncated>
		<difficult>Unspecified</difficult>
		<bndbox>
			<xmin>193</xmin>
			<ymin>43</ymin>
			<xmax>307</xmax>
			<ymax>145</ymax>
		</bndbox>
	</object>
	<object>
		<name>fire</name>
		<pose>Unspecified</pose>
		<truncated>Unspecified</truncated>
		<difficult>Unspecified</difficult>
		<bndbox>
			<xmin>36</xmin>
			<ymin>29</ymin>
			<xmax>109</xmax>
			<ymax>133</ymax>
		</bndbox>
	</object>
</annotation>