<annotation>
	<folder>my-project-name</folder>
	<filename>fire.568.png</filename>
	<path>/my-project-name/fire.568.png</path>
	<source>
		<database>Unspecified</database>
	</source>
	<size>
		<width>800</width>
		<height>532</height>
		<depth>3</depth>
	</size>
	<object>
		<name>fire</name>
		<pose>Unspecified</pose>
		<truncated>Unspecified</truncated>
		<difficult>Unspecified</difficult>
		<bndbox>
			<xmin>92</xmin>
			<ymin>13</ymin>
			<xmax>335</xmax>
			<ymax>265</ymax>
		</bndbox>
	</object>
	<object>
		<name>fire</name>
		<pose>Unspecified</pose>
		<truncated>Unspecified</truncated>
		<difficult>Unspecified</difficult>
		<bndbox>
			<xmin>6</xmin>
			<ymin>272</ymin>
			<xmax>70</xmax>
			<ymax>375</ymax>
		</bndbox>
	</object>
	<object>
		<name>fire</name>
		<pose>Unspecified</pose>
		<truncated>Unspecified</truncated>
		<difficult>Unspecified</difficult>
		<bndbox>
			<xmin>350</xmin>
			<ymin>5</ymin>
			<xmax>487</xmax>
			<ymax>67</ymax>
		</bndbox>
	</object>
	<object>
		<name>fire</name>
		<pose>Unspecified</pose>
		<truncated>Unspecified</truncated>
		<difficult>Unspecified</difficult>
		<bndbox>
			<xmin>499</xmin>
			<ymin>19</ymin>
			<xmax>732</xmax>
			<ymax>180</ymax>
		</bndbox>
	</object>
	<object>
		<name>fire</name>
		<pose>Unspecified</pose>
		<truncated>Unspecified</truncated>
		<difficult>Unspecified</difficult>
		<bndbox>
			<xmin>399</xmin>
			<ymin>116</ymin>
			<xmax>493</xmax>
			<ymax>218</ymax>
		</bndbox>
	</object>
	<object>
		<name>fire</name>
		<pose>Unspecified</pose>
		<truncated>Unspecified</truncated>
		<difficult>Unspecified</difficult>
		<bndbox>
			<xmin>503</xmin>
			<ymin>185</ymin>
			<xmax>606</xmax>
			<ymax>304</ymax>
		</bndbox>
	</object>
	<object>
		<name>fire</name>
		<pose>Unspecified</pose>
		<truncated>Unspecified</truncated>
		<difficult>Unspecified</difficult>
		<bndbox>
			<xmin>616</xmin>
			<ymin>187</ymin>
			<xmax>644</xmax>
			<ymax>212</ymax>
		</bndbox>
	</object>
	<object>
		<name>fire</name>
		<pose>Unspecified</pose>
		<truncated>Unspecified</truncated>
		<difficult>Unspecified</difficult>
		<bndbox>
			<xmin>485</xmin>
			<ymin>354</ymin>
			<xmax>529</xmax>
			<ymax>530</ymax>
		</bndbox>
	</object>
</annotation>