<annotation>
	<folder>my-project-name</folder>
	<filename>fire.576.png</filename>
	<path>/my-project-name/fire.576.png</path>
	<source>
		<database>Unspecified</database>
	</source>
	<size>
		<width>3000</width>
		<height>2363</height>
		<depth>3</depth>
	</size>
	<object>
		<name>fire</name>
		<pose>Unspecified</pose>
		<truncated>Unspecified</truncated>
		<difficult>Unspecified</difficult>
		<bndbox>
			<xmin>2541</xmin>
			<ymin>1644</ymin>
			<xmax>2842</xmax>
			<ymax>1760</ymax>
		</bndbox>
	</object>
	<object>
		<name>fire</name>
		<pose>Unspecified</pose>
		<truncated>Unspecified</truncated>
		<difficult>Unspecified</difficult>
		<bndbox>
			<xmin>2868</xmin>
			<ymin>1770</ymin>
			<xmax>2988</xmax>
			<ymax>1905</ymax>
		</bndbox>
	</object>
	<object>
		<name>fire</name>
		<pose>Unspecified</pose>
		<truncated>Unspecified</truncated>
		<difficult>Unspecified</difficult>
		<bndbox>
			<xmin>2425</xmin>
			<ymin>1755</ymin>
			<xmax>2817</xmax>
			<ymax>1931</ymax>
		</bndbox>
	</object>
	<object>
		<name>fire</name>
		<pose>Unspecified</pose>
		<truncated>Unspecified</truncated>
		<difficult>Unspecified</difficult>
		<bndbox>
			<xmin>1515</xmin>
			<ymin>1674</ymin>
			<xmax>2028</xmax>
			<ymax>1845</ymax>
		</bndbox>
	</object>
	<object>
		<name>fire</name>
		<pose>Unspecified</pose>
		<truncated>Unspecified</truncated>
		<difficult>Unspecified</difficult>
		<bndbox>
			<xmin>1223</xmin>
			<ymin>1528</ymin>
			<xmax>1425</xmax>
			<ymax>1785</ymax>
		</bndbox>
	</object>
	<object>
		<name>fire</name>
		<pose>Unspecified</pose>
		<truncated>Unspecified</truncated>
		<difficult>Unspecified</difficult>
		<bndbox>
			<xmin>756</xmin>
			<ymin>1116</ymin>
			<xmax>927</xmax>
			<ymax>1393</ymax>
		</bndbox>
	</object>
</annotation>