<annotation>
	<folder>my-project-name</folder>
	<filename>fire.281.png</filename>
	<path>/my-project-name/fire.281.png</path>
	<source>
		<database>Unspecified</database>
	</source>
	<size>
		<width>960</width>
		<height>540</height>
		<depth>3</depth>
	</size>
	<object>
		<name>fire</name>
		<pose>Unspecified</pose>
		<truncated>Unspecified</truncated>
		<difficult>Unspecified</difficult>
		<bndbox>
			<xmin>653</xmin>
			<ymin>164</ymin>
			<xmax>684</xmax>
			<ymax>196</ymax>
		</bndbox>
	</object>
</annotation>