<annotation>
	<folder>my-project-name</folder>
	<filename>fire.326.png</filename>
	<path>/my-project-name/fire.326.png</path>
	<source>
		<database>Unspecified</database>
	</source>
	<size>
		<width>500</width>
		<height>334</height>
		<depth>3</depth>
	</size>
	<object>
		<name>fire</name>
		<pose>Unspecified</pose>
		<truncated>Unspecified</truncated>
		<difficult>Unspecified</difficult>
		<bndbox>
			<xmin>257</xmin>
			<ymin>174</ymin>
			<xmax>324</xmax>
			<ymax>334</ymax>
		</bndbox>
	</object>
	<object>
		<name>fire</name>
		<pose>Unspecified</pose>
		<truncated>Unspecified</truncated>
		<difficult>Unspecified</difficult>
		<bndbox>
			<xmin>319</xmin>
			<ymin>56</ymin>
			<xmax>358</xmax>
			<ymax>109</ymax>
		</bndbox>
	</object>
	<object>
		<name>fire</name>
		<pose>Unspecified</pose>
		<truncated>Unspecified</truncated>
		<difficult>Unspecified</difficult>
		<bndbox>
			<xmin>267</xmin>
			<ymin>69</ymin>
			<xmax>318</xmax>
			<ymax>170</ymax>
		</bndbox>
	</object>
	<object>
		<name>fire</name>
		<pose>Unspecified</pose>
		<truncated>Unspecified</truncated>
		<difficult>Unspecified</difficult>
		<bndbox>
			<xmin>187</xmin>
			<ymin>54</ymin>
			<xmax>254</xmax>
			<ymax>173</ymax>
		</bndbox>
	</object>
	<object>
		<name>fire</name>
		<pose>Unspecified</pose>
		<truncated>Unspecified</truncated>
		<difficult>Unspecified</difficult>
		<bndbox>
			<xmin>195</xmin>
			<ymin>4</ymin>
			<xmax>246</xmax>
			<ymax>58</ymax>
		</bndbox>
	</object>
	<object>
		<name>fire</name>
		<pose>Unspecified</pose>
		<truncated>Unspecified</truncated>
		<difficult>Unspecified</difficult>
		<bndbox>
			<xmin>125</xmin>
			<ymin>7</ymin>
			<xmax>152</xmax>
			<ymax>39</ymax>
		</bndbox>
	</object>
	<object>
		<name>fire</name>
		<pose>Unspecified</pose>
		<truncated>Unspecified</truncated>
		<difficult>Unspecified</difficult>
		<bndbox>
			<xmin>400</xmin>
			<ymin>286</ymin>
			<xmax>418</xmax>
			<ymax>322</ymax>
		</bndbox>
	</object>
</annotation>