<annotation>
	<folder>my-project-name</folder>
	<filename>fire.572.png</filename>
	<path>/my-project-name/fire.572.png</path>
	<source>
		<database>Unspecified</database>
	</source>
	<size>
		<width>1140</width>
		<height>759</height>
		<depth>3</depth>
	</size>
	<object>
		<name>fire</name>
		<pose>Unspecified</pose>
		<truncated>Unspecified</truncated>
		<difficult>Unspecified</difficult>
		<bndbox>
			<xmin>1029</xmin>
			<ymin>174</ymin>
			<xmax>1140</xmax>
			<ymax>371</ymax>
		</bndbox>
	</object>
	<object>
		<name>fire</name>
		<pose>Unspecified</pose>
		<truncated>Unspecified</truncated>
		<difficult>Unspecified</difficult>
		<bndbox>
			<xmin>847</xmin>
			<ymin>319</ymin>
			<xmax>896</xmax>
			<ymax>484</ymax>
		</bndbox>
	</object>
	<object>
		<name>fire</name>
		<pose>Unspecified</pose>
		<truncated>Unspecified</truncated>
		<difficult>Unspecified</difficult>
		<bndbox>
			<xmin>721</xmin>
			<ymin>307</ymin>
			<xmax>832</xmax>
			<ymax>490</ymax>
		</bndbox>
	</object>
	<object>
		<name>fire</name>
		<pose>Unspecified</pose>
		<truncated>Unspecified</truncated>
		<difficult>Unspecified</difficult>
		<bndbox>
			<xmin>578</xmin>
			<ymin>307</ymin>
			<xmax>708</xmax>
			<ymax>506</ymax>
		</bndbox>
	</object>
</annotation>