<annotation>
	<folder>my-project-name</folder>
	<filename>fire.319.png</filename>
	<path>/my-project-name/fire.319.png</path>
	<source>
		<database>Unspecified</database>
	</source>
	<size>
		<width>627</width>
		<height>477</height>
		<depth>3</depth>
	</size>
	<object>
		<name>fire</name>
		<pose>Unspecified</pose>
		<truncated>Unspecified</truncated>
		<difficult>Unspecified</difficult>
		<bndbox>
			<xmin>441</xmin>
			<ymin>85</ymin>
			<xmax>542</xmax>
			<ymax>168</ymax>
		</bndbox>
	</object>
	<object>
		<name>fire</name>
		<pose>Unspecified</pose>
		<truncated>Unspecified</truncated>
		<difficult>Unspecified</difficult>
		<bndbox>
			<xmin>339</xmin>
			<ymin>84</ymin>
			<xmax>435</xmax>
			<ymax>174</ymax>
		</bndbox>
	</object>
	<object>
		<name>fire</name>
		<pose>Unspecified</pose>
		<truncated>Unspecified</truncated>
		<difficult>Unspecified</difficult>
		<bndbox>
			<xmin>284</xmin>
			<ymin>108</ymin>
			<xmax>332</xmax>
			<ymax>187</ymax>
		</bndbox>
	</object>
	<object>
		<name>fire</name>
		<pose>Unspecified</pose>
		<truncated>Unspecified</truncated>
		<difficult>Unspecified</difficult>
		<bndbox>
			<xmin>264</xmin>
			<ymin>191</ymin>
			<xmax>504</xmax>
			<ymax>260</ymax>
		</bndbox>
	</object>
	<object>
		<name>fire</name>
		<pose>Unspecified</pose>
		<truncated>Unspecified</truncated>
		<difficult>Unspecified</difficult>
		<bndbox>
			<xmin>281</xmin>
			<ymin>264</ymin>
			<xmax>533</xmax>
			<ymax>402</ymax>
		</bndbox>
	</object>
	<object>
		<name>fire</name>
		<pose>Unspecified</pose>
		<truncated>Unspecified</truncated>
		<difficult>Unspecified</difficult>
		<bndbox>
			<xmin>437</xmin>
			<ymin>402</ymin>
			<xmax>566</xmax>
			<ymax>477</ymax>
		</bndbox>
	</object>
	<object>
		<name>fire</name>
		<pose>Unspecified</pose>
		<truncated>Unspecified</truncated>
		<difficult>Unspecified</difficult>
		<bndbox>
			<xmin>575</xmin>
			<ymin>361</ymin>
			<xmax>627</xmax>
			<ymax>477</ymax>
		</bndbox>
	</object>
	<object>
		<name>fire</name>
		<pose>Unspecified</pose>
		<truncated>Unspecified</truncated>
		<difficult>Unspecified</difficult>
		<bndbox>
			<xmin>543</xmin>
			<ymin>343</ymin>
			<xmax>570</xmax>
			<ymax>398</ymax>
		</bndbox>
	</object>
	<object>
		<name>fire</name>
		<pose>Unspecified</pose>
		<truncated>Unspecified</truncated>
		<difficult>Unspecified</difficult>
		<bndbox>
			<xmin>80</xmin>
			<ymin>186</ymin>
			<xmax>116</xmax>
			<ymax>226</ymax>
		</bndbox>
	</object>
	<object>
		<name>fire</name>
		<pose>Unspecified</pose>
		<truncated>Unspecified</truncated>
		<difficult>Unspecified</difficult>
		<bndbox>
			<xmin>131</xmin>
			<ymin>162</ymin>
			<xmax>183</xmax>
			<ymax>218</ymax>
		</bndbox>
	</object>
	<object>
		<name>smoke</name>
		<pose>Unspecified</pose>
		<truncated>Unspecified</truncated>
		<difficult>Unspecified</difficult>
		<bndbox>
			<xmin>74</xmin>
			<ymin>120</ymin>
			<xmax>123</xmax>
			<ymax>175</ymax>
		</bndbox>
	</object>
</annotation>