<annotation>
	<folder>my-project-name</folder>
	<filename>fire.324.png</filename>
	<path>/my-project-name/fire.324.png</path>
	<source>
		<database>Unspecified</database>
	</source>
	<size>
		<width>770</width>
		<height>572</height>
		<depth>3</depth>
	</size>
	<object>
		<name>fire</name>
		<pose>Unspecified</pose>
		<truncated>Unspecified</truncated>
		<difficult>Unspecified</difficult>
		<bndbox>
			<xmin>676</xmin>
			<ymin>397</ymin>
			<xmax>731</xmax>
			<ymax>461</ymax>
		</bndbox>
	</object>
	<object>
		<name>fire</name>
		<pose>Unspecified</pose>
		<truncated>Unspecified</truncated>
		<difficult>Unspecified</difficult>
		<bndbox>
			<xmin>658</xmin>
			<ymin>325</ymin>
			<xmax>714</xmax>
			<ymax>388</ymax>
		</bndbox>
	</object>
	<object>
		<name>fire</name>
		<pose>Unspecified</pose>
		<truncated>Unspecified</truncated>
		<difficult>Unspecified</difficult>
		<bndbox>
			<xmin>692</xmin>
			<ymin>241</ymin>
			<xmax>722</xmax>
			<ymax>298</ymax>
		</bndbox>
	</object>
	<object>
		<name>fire</name>
		<pose>Unspecified</pose>
		<truncated>Unspecified</truncated>
		<difficult>Unspecified</difficult>
		<bndbox>
			<xmin>592</xmin>
			<ymin>335</ymin>
			<xmax>652</xmax>
			<ymax>398</ymax>
		</bndbox>
	</object>
	<object>
		<name>fire</name>
		<pose>Unspecified</pose>
		<truncated>Unspecified</truncated>
		<difficult>Unspecified</difficult>
		<bndbox>
			<xmin>531</xmin>
			<ymin>301</ymin>
			<xmax>589</xmax>
			<ymax>363</ymax>
		</bndbox>
	</object>
	<object>
		<name>fire</name>
		<pose>Unspecified</pose>
		<truncated>Unspecified</truncated>
		<difficult>Unspecified</difficult>
		<bndbox>
			<xmin>576</xmin>
			<ymin>240</ymin>
			<xmax>660</xmax>
			<ymax>319</ymax>
		</bndbox>
	</object>
	<object>
		<name>fire</name>
		<pose>Unspecified</pose>
		<truncated>Unspecified</truncated>
		<difficult>Unspecified</difficult>
		<bndbox>
			<xmin>552</xmin>
			<ymin>158</ymin>
			<xmax>639</xmax>
			<ymax>232</ymax>
		</bndbox>
	</object>
	<object>
		<name>fire</name>
		<pose>Unspecified</pose>
		<truncated>Unspecified</truncated>
		<difficult>Unspecified</difficult>
		<bndbox>
			<xmin>547</xmin>
			<ymin>16</ymin>
			<xmax>594</xmax>
			<ymax>147</ymax>
		</bndbox>
	</object>
	<object>
		<name>fire</name>
		<pose>Unspecified</pose>
		<truncated>Unspecified</truncated>
		<difficult>Unspecified</difficult>
		<bndbox>
			<xmin>484</xmin>
			<ymin>173</ymin>
			<xmax>569</xmax>
			<ymax>254</ymax>
		</bndbox>
	</object>
	<object>
		<name>fire</name>
		<pose>Unspecified</pose>
		<truncated>Unspecified</truncated>
		<difficult>Unspecified</difficult>
		<bndbox>
			<xmin>447</xmin>
			<ymin>270</ymin>
			<xmax>509</xmax>
			<ymax>347</ymax>
		</bndbox>
	</object>
	<object>
		<name>fire</name>
		<pose>Unspecified</pose>
		<truncated>Unspecified</truncated>
		<difficult>Unspecified</difficult>
		<bndbox>
			<xmin>383</xmin>
			<ymin>264</ymin>
			<xmax>446</xmax>
			<ymax>353</ymax>
		</bndbox>
	</object>
	<object>
		<name>fire</name>
		<pose>Unspecified</pose>
		<truncated>Unspecified</truncated>
		<difficult>Unspecified</difficult>
		<bndbox>
			<xmin>412</xmin>
			<ymin>159</ymin>
			<xmax>479</xmax>
			<ymax>249</ymax>
		</bndbox>
	</object>
	<object>
		<name>fire</name>
		<pose>Unspecified</pose>
		<truncated>Unspecified</truncated>
		<difficult>Unspecified</difficult>
		<bndbox>
			<xmin>429</xmin>
			<ymin>91</ymin>
			<xmax>509</xmax>
			<ymax>155</ymax>
		</bndbox>
	</object>
	<object>
		<name>fire</name>
		<pose>Unspecified</pose>
		<truncated>Unspecified</truncated>
		<difficult>Unspecified</difficult>
		<bndbox>
			<xmin>356</xmin>
			<ymin>67</ymin>
			<xmax>417</xmax>
			<ymax>142</ymax>
		</bndbox>
	</object>
	<object>
		<name>fire</name>
		<pose>Unspecified</pose>
		<truncated>Unspecified</truncated>
		<difficult>Unspecified</difficult>
		<bndbox>
			<xmin>310</xmin>
			<ymin>111</ymin>
			<xmax>413</xmax>
			<ymax>231</ymax>
		</bndbox>
	</object>
	<object>
		<name>fire</name>
		<pose>Unspecified</pose>
		<truncated>Unspecified</truncated>
		<difficult>Unspecified</difficult>
		<bndbox>
			<xmin>307</xmin>
			<ymin>246</ymin>
			<xmax>386</xmax>
			<ymax>349</ymax>
		</bndbox>
	</object>
	<object>
		<name>fire</name>
		<pose>Unspecified</pose>
		<truncated>Unspecified</truncated>
		<difficult>Unspecified</difficult>
		<bndbox>
			<xmin>187</xmin>
			<ymin>168</ymin>
			<xmax>296</xmax>
			<ymax>304</ymax>
		</bndbox>
	</object>
	<object>
		<name>fire</name>
		<pose>Unspecified</pose>
		<truncated>Unspecified</truncated>
		<difficult>Unspecified</difficult>
		<bndbox>
			<xmin>206</xmin>
			<ymin>22</ymin>
			<xmax>295</xmax>
			<ymax>140</ymax>
		</bndbox>
	</object>
	<object>
		<name>fire</name>
		<pose>Unspecified</pose>
		<truncated>Unspecified</truncated>
		<difficult>Unspecified</difficult>
		<bndbox>
			<xmin>115</xmin>
			<ymin>19</ymin>
			<xmax>207</xmax>
			<ymax>136</ymax>
		</bndbox>
	</object>
	<object>
		<name>fire</name>
		<pose>Unspecified</pose>
		<truncated>Unspecified</truncated>
		<difficult>Unspecified</difficult>
		<bndbox>
			<xmin>38</xmin>
			<ymin>15</ymin>
			<xmax>115</xmax>
			<ymax>129</ymax>
		</bndbox>
	</object>
</annotation>