<annotation>
	<folder>my-project-name</folder>
	<filename>fire.578.png</filename>
	<path>/my-project-name/fire.578.png</path>
	<source>
		<database>Unspecified</database>
	</source>
	<size>
		<width>1024</width>
		<height>676</height>
		<depth>3</depth>
	</size>
	<object>
		<name>fire</name>
		<pose>Unspecified</pose>
		<truncated>Unspecified</truncated>
		<difficult>Unspecified</difficult>
		<bndbox>
			<xmin>0</xmin>
			<ymin>497</ymin>
			<xmax>282</xmax>
			<ymax>586</ymax>
		</bndbox>
	</object>
	<object>
		<name>fire</name>
		<pose>Unspecified</pose>
		<truncated>Unspecified</truncated>
		<difficult>Unspecified</difficult>
		<bndbox>
			<xmin>453</xmin>
			<ymin>353</ymin>
			<xmax>523</xmax>
			<ymax>436</ymax>
		</bndbox>
	</object>
	<object>
		<name>fire</name>
		<pose>Unspecified</pose>
		<truncated>Unspecified</truncated>
		<difficult>Unspecified</difficult>
		<bndbox>
			<xmin>54</xmin>
			<ymin>391</ymin>
			<xmax>113</xmax>
			<ymax>432</ymax>
		</bndbox>
	</object>
</annotation>