<annotation>
	<folder>my-project-name</folder>
	<filename>fire.269.png</filename>
	<path>/my-project-name/fire.269.png</path>
	<source>
		<database>Unspecified</database>
	</source>
	<size>
		<width>2335</width>
		<height>1579</height>
		<depth>3</depth>
	</size>
	<object>
		<name>fire</name>
		<pose>Unspecified</pose>
		<truncated>Unspecified</truncated>
		<difficult>Unspecified</difficult>
		<bndbox>
			<xmin>1471</xmin>
			<ymin>218</ymin>
			<xmax>1701</xmax>
			<ymax>521</ymax>
		</bndbox>
	</object>
	<object>
		<name>fire</name>
		<pose>Unspecified</pose>
		<truncated>Unspecified</truncated>
		<difficult>Unspecified</difficult>
		<bndbox>
			<xmin>2004</xmin>
			<ymin>869</ymin>
			<xmax>2142</xmax>
			<ymax>1096</ymax>
		</bndbox>
	</object>
	<object>
		<name>fire</name>
		<pose>Unspecified</pose>
		<truncated>Unspecified</truncated>
		<difficult>Unspecified</difficult>
		<bndbox>
			<xmin>1763</xmin>
			<ymin>683</ymin>
			<xmax>1939</xmax>
			<ymax>1068</ymax>
		</bndbox>
	</object>
	<object>
		<name>fire</name>
		<pose>Unspecified</pose>
		<truncated>Unspecified</truncated>
		<difficult>Unspecified</difficult>
		<bndbox>
			<xmin>1236</xmin>
			<ymin>514</ymin>
			<xmax>1684</xmax>
			<ymax>755</ymax>
		</bndbox>
	</object>
	<object>
		<name>fire</name>
		<pose>Unspecified</pose>
		<truncated>Unspecified</truncated>
		<difficult>Unspecified</difficult>
		<bndbox>
			<xmin>1267</xmin>
			<ymin>349</ymin>
			<xmax>1374</xmax>
			<ymax>455</ymax>
		</bndbox>
	</object>
	<object>
		<name>fire</name>
		<pose>Unspecified</pose>
		<truncated>Unspecified</truncated>
		<difficult>Unspecified</difficult>
		<bndbox>
			<xmin>1250</xmin>
			<ymin>759</ymin>
			<xmax>1619</xmax>
			<ymax>989</ymax>
		</bndbox>
	</object>
	<object>
		<name>fire</name>
		<pose>Unspecified</pose>
		<truncated>Unspecified</truncated>
		<difficult>Unspecified</difficult>
		<bndbox>
			<xmin>1415</xmin>
			<ymin>1096</ymin>
			<xmax>1932</xmax>
			<ymax>1289</ymax>
		</bndbox>
	</object>
	<object>
		<name>fire</name>
		<pose>Unspecified</pose>
		<truncated>Unspecified</truncated>
		<difficult>Unspecified</difficult>
		<bndbox>
			<xmin>1161</xmin>
			<ymin>1096</ymin>
			<xmax>1395</xmax>
			<ymax>1299</ymax>
		</bndbox>
	</object>
	<object>
		<name>fire</name>
		<pose>Unspecified</pose>
		<truncated>Unspecified</truncated>
		<difficult>Unspecified</difficult>
		<bndbox>
			<xmin>961</xmin>
			<ymin>1058</ymin>
			<xmax>1150</xmax>
			<ymax>1230</ymax>
		</bndbox>
	</object>
	<object>
		<name>fire</name>
		<pose>Unspecified</pose>
		<truncated>Unspecified</truncated>
		<difficult>Unspecified</difficult>
		<bndbox>
			<xmin>816</xmin>
			<ymin>1151</ymin>
			<xmax>937</xmax>
			<ymax>1285</ymax>
		</bndbox>
	</object>
	<object>
		<name>fire</name>
		<pose>Unspecified</pose>
		<truncated>Unspecified</truncated>
		<difficult>Unspecified</difficult>
		<bndbox>
			<xmin>771</xmin>
			<ymin>948</ymin>
			<xmax>947</xmax>
			<ymax>1096</ymax>
		</bndbox>
	</object>
	<object>
		<name>fire</name>
		<pose>Unspecified</pose>
		<truncated>Unspecified</truncated>
		<difficult>Unspecified</difficult>
		<bndbox>
			<xmin>320</xmin>
			<ymin>931</ymin>
			<xmax>799</xmax>
			<ymax>1223</ymax>
		</bndbox>
	</object>
	<object>
		<name>fire</name>
		<pose>Unspecified</pose>
		<truncated>Unspecified</truncated>
		<difficult>Unspecified</difficult>
		<bndbox>
			<xmin>303</xmin>
			<ymin>617</ymin>
			<xmax>589</xmax>
			<ymax>817</ymax>
		</bndbox>
	</object>
	<object>
		<name>fire</name>
		<pose>Unspecified</pose>
		<truncated>Unspecified</truncated>
		<difficult>Unspecified</difficult>
		<bndbox>
			<xmin>675</xmin>
			<ymin>435</ymin>
			<xmax>809</xmax>
			<ymax>586</ymax>
		</bndbox>
	</object>
	<object>
		<name>fire</name>
		<pose>Unspecified</pose>
		<truncated>Unspecified</truncated>
		<difficult>Unspecified</difficult>
		<bndbox>
			<xmin>558</xmin>
			<ymin>345</ymin>
			<xmax>641</xmax>
			<ymax>397</ymax>
		</bndbox>
	</object>
	<object>
		<name>fire</name>
		<pose>Unspecified</pose>
		<truncated>Unspecified</truncated>
		<difficult>Unspecified</difficult>
		<bndbox>
			<xmin>923</xmin>
			<ymin>748</ymin>
			<xmax>1106</xmax>
			<ymax>941</ymax>
		</bndbox>
	</object>
</annotation>