<annotation>
	<folder>my-project-name</folder>
	<filename>fire.268.png</filename>
	<path>/my-project-name/fire.268.png</path>
	<source>
		<database>Unspecified</database>
	</source>
	<size>
		<width>1200</width>
		<height>675</height>
		<depth>3</depth>
	</size>
	<object>
		<name>smoke</name>
		<pose>Unspecified</pose>
		<truncated>Unspecified</truncated>
		<difficult>Unspecified</difficult>
		<bndbox>
			<xmin>271</xmin>
			<ymin>88</ymin>
			<xmax>673</xmax>
			<ymax>336</ymax>
		</bndbox>
	</object>
	<object>
		<name>smoke</name>
		<pose>Unspecified</pose>
		<truncated>Unspecified</truncated>
		<difficult>Unspecified</difficult>
		<bndbox>
			<xmin>835</xmin>
			<ymin>138</ymin>
			<xmax>1037</xmax>
			<ymax>407</ymax>
		</bndbox>
	</object>
	<object>
		<name>fire</name>
		<pose>Unspecified</pose>
		<truncated>Unspecified</truncated>
		<difficult>Unspecified</difficult>
		<bndbox>
			<xmin>512</xmin>
			<ymin>445</ymin>
			<xmax>554</xmax>
			<ymax>477</ymax>
		</bndbox>
	</object>
</annotation>