<annotation>
	<folder>my-project-name</folder>
	<filename>fire.585.png</filename>
	<path>/my-project-name/fire.585.png</path>
	<source>
		<database>Unspecified</database>
	</source>
	<size>
		<width>992</width>
		<height>414</height>
		<depth>3</depth>
	</size>
	<object>
		<name>fire</name>
		<pose>Unspecified</pose>
		<truncated>Unspecified</truncated>
		<difficult>Unspecified</difficult>
		<bndbox>
			<xmin>917</xmin>
			<ymin>18</ymin>
			<xmax>992</xmax>
			<ymax>113</ymax>
		</bndbox>
	</object>
	<object>
		<name>fire</name>
		<pose>Unspecified</pose>
		<truncated>Unspecified</truncated>
		<difficult>Unspecified</difficult>
		<bndbox>
			<xmin>790</xmin>
			<ymin>0</ymin>
			<xmax>901</xmax>
			<ymax>99</ymax>
		</bndbox>
	</object>
	<object>
		<name>fire</name>
		<pose>Unspecified</pose>
		<truncated>Unspecified</truncated>
		<difficult>Unspecified</difficult>
		<bndbox>
			<xmin>642</xmin>
			<ymin>0</ymin>
			<xmax>796</xmax>
			<ymax>131</ymax>
		</bndbox>
	</object>
	<object>
		<name>fire</name>
		<pose>Unspecified</pose>
		<truncated>Unspecified</truncated>
		<difficult>Unspecified</difficult>
		<bndbox>
			<xmin>569</xmin>
			<ymin>125</ymin>
			<xmax>717</xmax>
			<ymax>188</ymax>
		</bndbox>
	</object>
	<object>
		<name>fire</name>
		<pose>Unspecified</pose>
		<truncated>Unspecified</truncated>
		<difficult>Unspecified</difficult>
		<bndbox>
			<xmin>565</xmin>
			<ymin>31</ymin>
			<xmax>623</xmax>
			<ymax>93</ymax>
		</bndbox>
	</object>
	<object>
		<name>fire</name>
		<pose>Unspecified</pose>
		<truncated>Unspecified</truncated>
		<difficult>Unspecified</difficult>
		<bndbox>
			<xmin>413</xmin>
			<ymin>56</ymin>
			<xmax>471</xmax>
			<ymax>122</ymax>
		</bndbox>
	</object>
	<object>
		<name>fire</name>
		<pose>Unspecified</pose>
		<truncated>Unspecified</truncated>
		<difficult>Unspecified</difficult>
		<bndbox>
			<xmin>524</xmin>
			<ymin>290</ymin>
			<xmax>581</xmax>
			<ymax>330</ymax>
		</bndbox>
	</object>
	<object>
		<name>fire</name>
		<pose>Unspecified</pose>
		<truncated>Unspecified</truncated>
		<difficult>Unspecified</difficult>
		<bndbox>
			<xmin>0</xmin>
			<ymin>0</ymin>
			<xmax>176</xmax>
			<ymax>267</ymax>
		</bndbox>
	</object>
</annotation>