<annotation>
	<folder>my-project-name</folder>
	<filename>fire.325.png</filename>
	<path>/my-project-name/fire.325.png</path>
	<source>
		<database>Unspecified</database>
	</source>
	<size>
		<width>458</width>
		<height>276</height>
		<depth>3</depth>
	</size>
	<object>
		<name>smoke</name>
		<pose>Unspecified</pose>
		<truncated>Unspecified</truncated>
		<difficult>Unspecified</difficult>
		<bndbox>
			<xmin>111</xmin>
			<ymin>110</ymin>
			<xmax>227</xmax>
			<ymax>193</ymax>
		</bndbox>
	</object>
</annotation>