<annotation>
	<folder>my-project-name</folder>
	<filename>fire.328.png</filename>
	<path>/my-project-name/fire.328.png</path>
	<source>
		<database>Unspecified</database>
	</source>
	<size>
		<width>3771</width>
		<height>2457</height>
		<depth>3</depth>
	</size>
	<object>
		<name>fire</name>
		<pose>Unspecified</pose>
		<truncated>Unspecified</truncated>
		<difficult>Unspecified</difficult>
		<bndbox>
			<xmin>3487</xmin>
			<ymin>1596</ymin>
			<xmax>3771</xmax>
			<ymax>2296</ymax>
		</bndbox>
	</object>
</annotation>