<annotation>
	<folder>my-project-name</folder>
	<filename>fire.273.png</filename>
	<path>/my-project-name/fire.273.png</path>
	<source>
		<database>Unspecified</database>
	</source>
	<size>
		<width>2400</width>
		<height>1800</height>
		<depth>3</depth>
	</size>
	<object>
		<name>smoke</name>
		<pose>Unspecified</pose>
		<truncated>Unspecified</truncated>
		<difficult>Unspecified</difficult>
		<bndbox>
			<xmin>1820</xmin>
			<ymin>636</ymin>
			<xmax>2100</xmax>
			<ymax>1126</ymax>
		</bndbox>
	</object>
	<object>
		<name>fire</name>
		<pose>Unspecified</pose>
		<truncated>Unspecified</truncated>
		<difficult>Unspecified</difficult>
		<bndbox>
			<xmin>1640</xmin>
			<ymin>1199</ymin>
			<xmax>1744</xmax>
			<ymax>1260</ymax>
		</bndbox>
	</object>
	<object>
		<name>fire</name>
		<pose>Unspecified</pose>
		<truncated>Unspecified</truncated>
		<difficult>Unspecified</difficult>
		<bndbox>
			<xmin>2242</xmin>
			<ymin>1241</ymin>
			<xmax>2299</xmax>
			<ymax>1279</ymax>
		</bndbox>
	</object>
</annotation>