<annotation>
	<folder>my-project-name</folder>
	<filename>fire.246.png</filename>
	<path>/my-project-name/fire.246.png</path>
	<source>
		<database>Unspecified</database>
	</source>
	<size>
		<width>650</width>
		<height>420</height>
		<depth>3</depth>
	</size>
	<object>
		<name>smoke</name>
		<pose>Unspecified</pose>
		<truncated>Unspecified</truncated>
		<difficult>Unspecified</difficult>
		<bndbox>
			<xmin>373</xmin>
			<ymin>101</ymin>
			<xmax>429</xmax>
			<ymax>196</ymax>
		</bndbox>
	</object>
	<object>
		<name>smoke</name>
		<pose>Unspecified</pose>
		<truncated>Unspecified</truncated>
		<difficult>Unspecified</difficult>
		<bndbox>
			<xmin>165</xmin>
			<ymin>28</ymin>
			<xmax>258</xmax>
			<ymax>95</ymax>
		</bndbox>
	</object>
	<object>
		<name>smoke</name>
		<pose>Unspecified</pose>
		<truncated>Unspecified</truncated>
		<difficult>Unspecified</difficult>
		<bndbox>
			<xmin>275</xmin>
			<ymin>70</ymin>
			<xmax>359</xmax>
			<ymax>129</ymax>
		</bndbox>
	</object>
	<object>
		<name>smoke</name>
		<pose>Unspecified</pose>
		<truncated>Unspecified</truncated>
		<difficult>Unspecified</difficult>
		<bndbox>
			<xmin>375</xmin>
			<ymin>8</ymin>
			<xmax>425</xmax>
			<ymax>59</ymax>
		</bndbox>
	</object>
	<object>
		<name>smoke</name>
		<pose>Unspecified</pose>
		<truncated>Unspecified</truncated>
		<difficult>Unspecified</difficult>
		<bndbox>
			<xmin>117</xmin>
			<ymin>61</ymin>
			<xmax>152</xmax>
			<ymax>129</ymax>
		</bndbox>
	</object>
	<object>
		<name>smoke</name>
		<pose>Unspecified</pose>
		<truncated>Unspecified</truncated>
		<difficult>Unspecified</difficult>
		<bndbox>
			<xmin>302</xmin>
			<ymin>258</ymin>
			<xmax>366</xmax>
			<ymax>303</ymax>
		</bndbox>
	</object>
	<object>
		<name>smoke</name>
		<pose>Unspecified</pose>
		<truncated>Unspecified</truncated>
		<difficult>Unspecified</difficult>
		<bndbox>
			<xmin>251</xmin>
			<ymin>138</ymin>
			<xmax>300</xmax>
			<ymax>181</ymax>
		</bndbox>
	</object>
	<object>
		<name>fire</name>
		<pose>Unspecified</pose>
		<truncated>Unspecified</truncated>
		<difficult>Unspecified</difficult>
		<bndbox>
			<xmin>195</xmin>
			<ymin>198</ymin>
			<xmax>290</xmax>
			<ymax>287</ymax>
		</bndbox>
	</object>
	<object>
		<name>fire</name>
		<pose>Unspecified</pose>
		<truncated>Unspecified</truncated>
		<difficult>Unspecified</difficult>
		<bndbox>
			<xmin>299</xmin>
			<ymin>198</ymin>
			<xmax>337</xmax>
			<ymax>240</ymax>
		</bndbox>
	</object>
	<object>
		<name>fire</name>
		<pose>Unspecified</pose>
		<truncated>Unspecified</truncated>
		<difficult>Unspecified</difficult>
		<bndbox>
			<xmin>253</xmin>
			<ymin>293</ymin>
			<xmax>298</xmax>
			<ymax>328</ymax>
		</bndbox>
	</object>
</annotation>