<annotation>
	<folder>my-project-name</folder>
	<filename>fire.720.png</filename>
	<path>/my-project-name/fire.720.png</path>
	<source>
		<database>Unspecified</database>
	</source>
	<size>
		<width>727</width>
		<height>437</height>
		<depth>3</depth>
	</size>
	<object>
		<name>fire</name>
		<pose>Unspecified</pose>
		<truncated>Unspecified</truncated>
		<difficult>Unspecified</difficult>
		<bndbox>
			<xmin>602</xmin>
			<ymin>276</ymin>
			<xmax>712</xmax>
			<ymax>379</ymax>
		</bndbox>
	</object>
	<object>
		<name>fire</name>
		<pose>Unspecified</pose>
		<truncated>Unspecified</truncated>
		<difficult>Unspecified</difficult>
		<bndbox>
			<xmin>513</xmin>
			<ymin>324</ymin>
			<xmax>578</xmax>
			<ymax>374</ymax>
		</bndbox>
	</object>
	<object>
		<name>fire</name>
		<pose>Unspecified</pose>
		<truncated>Unspecified</truncated>
		<difficult>Unspecified</difficult>
		<bndbox>
			<xmin>547</xmin>
			<ymin>223</ymin>
			<xmax>585</xmax>
			<ymax>260</ymax>
		</bndbox>
	</object>
	<object>
		<name>smoke</name>
		<pose>Unspecified</pose>
		<truncated>Unspecified</truncated>
		<difficult>Unspecified</difficult>
		<bndbox>
			<xmin>448</xmin>
			<ymin>120</ymin>
			<xmax>520</xmax>
			<ymax>297</ymax>
		</bndbox>
	</object>
	<object>
		<name>fire</name>
		<pose>Unspecified</pose>
		<truncated>Unspecified</truncated>
		<difficult>Unspecified</difficult>
		<bndbox>
			<xmin>372</xmin>
			<ymin>142</ymin>
			<xmax>425</xmax>
			<ymax>188</ymax>
		</bndbox>
	</object>
	<object>
		<name>fire</name>
		<pose>Unspecified</pose>
		<truncated>Unspecified</truncated>
		<difficult>Unspecified</difficult>
		<bndbox>
			<xmin>418</xmin>
			<ymin>236</ymin>
			<xmax>440</xmax>
			<ymax>289</ymax>
		</bndbox>
	</object>
	<object>
		<name>smoke</name>
		<pose>Unspecified</pose>
		<truncated>Unspecified</truncated>
		<difficult>Unspecified</difficult>
		<bndbox>
			<xmin>214</xmin>
			<ymin>0</ymin>
			<xmax>484</xmax>
			<ymax>114</ymax>
		</bndbox>
	</object>
</annotation>