<annotation>
	<folder>my-project-name</folder>
	<filename>fire.257.png</filename>
	<path>/my-project-name/fire.257.png</path>
	<source>
		<database>Unspecified</database>
	</source>
	<size>
		<width>646</width>
		<height>423</height>
		<depth>3</depth>
	</size>
	<object>
		<name>smoke</name>
		<pose>Unspecified</pose>
		<truncated>Unspecified</truncated>
		<difficult>Unspecified</difficult>
		<bndbox>
			<xmin>249</xmin>
			<ymin>30</ymin>
			<xmax>315</xmax>
			<ymax>76</ymax>
		</bndbox>
	</object>
	<object>
		<name>fire</name>
		<pose>Unspecified</pose>
		<truncated>Unspecified</truncated>
		<difficult>Unspecified</difficult>
		<bndbox>
			<xmin>355</xmin>
			<ymin>144</ymin>
			<xmax>400</xmax>
			<ymax>188</ymax>
		</bndbox>
	</object>
</annotation>