<annotation>
	<folder>my-project-name</folder>
	<filename>fire.288.png</filename>
	<path>/my-project-name/fire.288.png</path>
	<source>
		<database>Unspecified</database>
	</source>
	<size>
		<width>458</width>
		<height>305</height>
		<depth>3</depth>
	</size>
	<object>
		<name>fire</name>
		<pose>Unspecified</pose>
		<truncated>Unspecified</truncated>
		<difficult>Unspecified</difficult>
		<bndbox>
			<xmin>331</xmin>
			<ymin>194</ymin>
			<xmax>347</xmax>
			<ymax>219</ymax>
		</bndbox>
	</object>
	<object>
		<name>smoke</name>
		<pose>Unspecified</pose>
		<truncated>Unspecified</truncated>
		<difficult>Unspecified</difficult>
		<bndbox>
			<xmin>258</xmin>
			<ymin>36</ymin>
			<xmax>322</xmax>
			<ymax>115</ymax>
		</bndbox>
	</object>
</annotation>