<annotation>
	<folder>my-project-name</folder>
	<filename>fire.282.png</filename>
	<path>/my-project-name/fire.282.png</path>
	<source>
		<database>Unspecified</database>
	</source>
	<size>
		<width>458</width>
		<height>276</height>
		<depth>3</depth>
	</size>
	<object>
		<name>fire</name>
		<pose>Unspecified</pose>
		<truncated>Unspecified</truncated>
		<difficult>Unspecified</difficult>
		<bndbox>
			<xmin>226</xmin>
			<ymin>169</ymin>
			<xmax>254</xmax>
			<ymax>211</ymax>
		</bndbox>
	</object>
</annotation>