<annotation>
	<folder>my-project-name</folder>
	<filename>fire.279.png</filename>
	<path>/my-project-name/fire.279.png</path>
	<source>
		<database>Unspecified</database>
	</source>
	<size>
		<width>1022</width>
		<height>681</height>
		<depth>3</depth>
	</size>
	<object>
		<name>fire</name>
		<pose>Unspecified</pose>
		<truncated>Unspecified</truncated>
		<difficult>Unspecified</difficult>
		<bndbox>
			<xmin>0</xmin>
			<ymin>253</ymin>
			<xmax>202</xmax>
			<ymax>523</ymax>
		</bndbox>
	</object>
</annotation>