<annotation>
	<folder>my-project-name</folder>
	<filename>fire.295.png</filename>
	<path>/my-project-name/fire.295.png</path>
	<source>
		<database>Unspecified</database>
	</source>
	<size>
		<width>721</width>
		<height>336</height>
		<depth>3</depth>
	</size>
	<object>
		<name>smoke</name>
		<pose>Unspecified</pose>
		<truncated>Unspecified</truncated>
		<difficult>Unspecified</difficult>
		<bndbox>
			<xmin>322</xmin>
			<ymin>121</ymin>
			<xmax>381</xmax>
			<ymax>172</ymax>
		</bndbox>
	</object>
</annotation>