<annotation>
	<folder>my-project-name</folder>
	<filename>fire.732.png</filename>
	<path>/my-project-name/fire.732.png</path>
	<source>
		<database>Unspecified</database>
	</source>
	<size>
		<width>1900</width>
		<height>1356</height>
		<depth>3</depth>
	</size>
	<object>
		<name>fire</name>
		<pose>Unspecified</pose>
		<truncated>Unspecified</truncated>
		<difficult>Unspecified</difficult>
		<bndbox>
			<xmin>159</xmin>
			<ymin>808</ymin>
			<xmax>820</xmax>
			<ymax>1264</ymax>
		</bndbox>
	</object>
	<object>
		<name>smoke</name>
		<pose>Unspecified</pose>
		<truncated>Unspecified</truncated>
		<difficult>Unspecified</difficult>
		<bndbox>
			<xmin>728</xmin>
			<ymin>208</ymin>
			<xmax>1123</xmax>
			<ymax>453</ymax>
		</bndbox>
	</object>
</annotation>