<annotation>
	<folder>my-project-name</folder>
	<filename>fire.272.png</filename>
	<path>/my-project-name/fire.272.png</path>
	<source>
		<database>Unspecified</database>
	</source>
	<size>
		<width>700</width>
		<height>450</height>
		<depth>3</depth>
	</size>
	<object>
		<name>smoke</name>
		<pose>Unspecified</pose>
		<truncated>Unspecified</truncated>
		<difficult>Unspecified</difficult>
		<bndbox>
			<xmin>351</xmin>
			<ymin>20</ymin>
			<xmax>698</xmax>
			<ymax>193</ymax>
		</bndbox>
	</object>
	<object>
		<name>fire</name>
		<pose>Unspecified</pose>
		<truncated>Unspecified</truncated>
		<difficult>Unspecified</difficult>
		<bndbox>
			<xmin>329</xmin>
			<ymin>213</ymin>
			<xmax>392</xmax>
			<ymax>251</ymax>
		</bndbox>
	</object>
	<object>
		<name>smoke</name>
		<pose>Unspecified</pose>
		<truncated>Unspecified</truncated>
		<difficult>Unspecified</difficult>
		<bndbox>
			<xmin>201</xmin>
			<ymin>27</ymin>
			<xmax>281</xmax>
			<ymax>116</ymax>
		</bndbox>
	</object>
</annotation>