<annotation>
	<folder>my-project-name</folder>
	<filename>fire.321.png</filename>
	<path>/my-project-name/fire.321.png</path>
	<source>
		<database>Unspecified</database>
	</source>
	<size>
		<width>992</width>
		<height>661</height>
		<depth>3</depth>
	</size>
	<object>
		<name>fire</name>
		<pose>Unspecified</pose>
		<truncated>Unspecified</truncated>
		<difficult>Unspecified</difficult>
		<bndbox>
			<xmin>576</xmin>
			<ymin>393</ymin>
			<xmax>707</xmax>
			<ymax>468</ymax>
		</bndbox>
	</object>
	<object>
		<name>fire</name>
		<pose>Unspecified</pose>
		<truncated>Unspecified</truncated>
		<difficult>Unspecified</difficult>
		<bndbox>
			<xmin>713</xmin>
			<ymin>360</ymin>
			<xmax>771</xmax>
			<ymax>446</ymax>
		</bndbox>
	</object>
	<object>
		<name>fire</name>
		<pose>Unspecified</pose>
		<truncated>Unspecified</truncated>
		<difficult>Unspecified</difficult>
		<bndbox>
			<xmin>790</xmin>
			<ymin>351</ymin>
			<xmax>843</xmax>
			<ymax>456</ymax>
		</bndbox>
	</object>
	<object>
		<name>fire</name>
		<pose>Unspecified</pose>
		<truncated>Unspecified</truncated>
		<difficult>Unspecified</difficult>
		<bndbox>
			<xmin>844</xmin>
			<ymin>313</ymin>
			<xmax>890</xmax>
			<ymax>388</ymax>
		</bndbox>
	</object>
	<object>
		<name>fire</name>
		<pose>Unspecified</pose>
		<truncated>Unspecified</truncated>
		<difficult>Unspecified</difficult>
		<bndbox>
			<xmin>876</xmin>
			<ymin>265</ymin>
			<xmax>942</xmax>
			<ymax>354</ymax>
		</bndbox>
	</object>
	<object>
		<name>fire</name>
		<pose>Unspecified</pose>
		<truncated>Unspecified</truncated>
		<difficult>Unspecified</difficult>
		<bndbox>
			<xmin>936</xmin>
			<ymin>241</ymin>
			<xmax>992</xmax>
			<ymax>291</ymax>
		</bndbox>
	</object>
	<object>
		<name>fire</name>
		<pose>Unspecified</pose>
		<truncated>Unspecified</truncated>
		<difficult>Unspecified</difficult>
		<bndbox>
			<xmin>816</xmin>
			<ymin>292</ymin>
			<xmax>846</xmax>
			<ymax>317</ymax>
		</bndbox>
	</object>
	<object>
		<name>fire</name>
		<pose>Unspecified</pose>
		<truncated>Unspecified</truncated>
		<difficult>Unspecified</difficult>
		<bndbox>
			<xmin>675</xmin>
			<ymin>287</ymin>
			<xmax>710</xmax>
			<ymax>323</ymax>
		</bndbox>
	</object>
	<object>
		<name>fire</name>
		<pose>Unspecified</pose>
		<truncated>Unspecified</truncated>
		<difficult>Unspecified</difficult>
		<bndbox>
			<xmin>451</xmin>
			<ymin>304</ymin>
			<xmax>492</xmax>
			<ymax>338</ymax>
		</bndbox>
	</object>
</annotation>