<annotation>
	<folder>my-project-name</folder>
	<filename>fire.235.png</filename>
	<path>/my-project-name/fire.235.png</path>
	<source>
		<database>Unspecified</database>
	</source>
	<size>
		<width>658</width>
		<height>400</height>
		<depth>3</depth>
	</size>
	<object>
		<name>fire</name>
		<pose>Unspecified</pose>
		<truncated>Unspecified</truncated>
		<difficult>Unspecified</difficult>
		<bndbox>
			<xmin>249</xmin>
			<ymin>0</ymin>
			<xmax>473</xmax>
			<ymax>33</ymax>
		</bndbox>
	</object>
	<object>
		<name>fire</name>
		<pose>Unspecified</pose>
		<truncated>Unspecified</truncated>
		<difficult>Unspecified</difficult>
		<bndbox>
			<xmin>595</xmin>
			<ymin>121</ymin>
			<xmax>626</xmax>
			<ymax>157</ymax>
		</bndbox>
	</object>
	<object>
		<name>fire</name>
		<pose>Unspecified</pose>
		<truncated>Unspecified</truncated>
		<difficult>Unspecified</difficult>
		<bndbox>
			<xmin>298</xmin>
			<ymin>135</ymin>
			<xmax>319</xmax>
			<ymax>180</ymax>
		</bndbox>
	</object>
</annotation>