<annotation>
	<folder>my-project-name</folder>
	<filename>fire.287.png</filename>
	<path>/my-project-name/fire.287.png</path>
	<source>
		<database>Unspecified</database>
	</source>
	<size>
		<width>700</width>
		<height>450</height>
		<depth>3</depth>
	</size>
	<object>
		<name>fire</name>
		<pose>Unspecified</pose>
		<truncated>Unspecified</truncated>
		<difficult>Unspecified</difficult>
		<bndbox>
			<xmin>396</xmin>
			<ymin>431</ymin>
			<xmax>452</xmax>
			<ymax>450</ymax>
		</bndbox>
	</object>
	<object>
		<name>fire</name>
		<pose>Unspecified</pose>
		<truncated>Unspecified</truncated>
		<difficult>Unspecified</difficult>
		<bndbox>
			<xmin>488</xmin>
			<ymin>374</ymin>
			<xmax>515</xmax>
			<ymax>393</ymax>
		</bndbox>
	</object>
</annotation>