<annotation>
	<folder>my-project-name</folder>
	<filename>fire.283.png</filename>
	<path>/my-project-name/fire.283.png</path>
	<source>
		<database>Unspecified</database>
	</source>
	<size>
		<width>3000</width>
		<height>2024</height>
		<depth>3</depth>
	</size>
	<object>
		<name>fire</name>
		<pose>Unspecified</pose>
		<truncated>Unspecified</truncated>
		<difficult>Unspecified</difficult>
		<bndbox>
			<xmin>1965</xmin>
			<ymin>1127</ymin>
			<xmax>2106</xmax>
			<ymax>1331</ymax>
		</bndbox>
	</object>
	<object>
		<name>fire</name>
		<pose>Unspecified</pose>
		<truncated>Unspecified</truncated>
		<difficult>Unspecified</difficult>
		<bndbox>
			<xmin>1265</xmin>
			<ymin>1207</ymin>
			<xmax>1442</xmax>
			<ymax>1415</ymax>
		</bndbox>
	</object>
</annotation>