<annotation>
	<folder>my-project-name</folder>
	<filename>fire.284.png</filename>
	<path>/my-project-name/fire.284.png</path>
	<source>
		<database>Unspecified</database>
	</source>
	<size>
		<width>800</width>
		<height>533</height>
		<depth>3</depth>
	</size>
	<object>
		<name>fire</name>
		<pose>Unspecified</pose>
		<truncated>Unspecified</truncated>
		<difficult>Unspecified</difficult>
		<bndbox>
			<xmin>328</xmin>
			<ymin>213</ymin>
			<xmax>434</xmax>
			<ymax>348</ymax>
		</bndbox>
	</object>
</annotation>