<annotation>
	<folder>my-project-name</folder>
	<filename>fire.320.png</filename>
	<path>/my-project-name/fire.320.png</path>
	<source>
		<database>Unspecified</database>
	</source>
	<size>
		<width>800</width>
		<height>600</height>
		<depth>3</depth>
	</size>
	<object>
		<name>smoke</name>
		<pose>Unspecified</pose>
		<truncated>Unspecified</truncated>
		<difficult>Unspecified</difficult>
		<bndbox>
			<xmin>470</xmin>
			<ymin>175</ymin>
			<xmax>577</xmax>
			<ymax>300</ymax>
		</bndbox>
	</object>
</annotation>