<annotation>
	<folder>my-project-name</folder>
	<filename>fire.323.png</filename>
	<path>/my-project-name/fire.323.png</path>
	<source>
		<database>Unspecified</database>
	</source>
	<size>
		<width>1280</width>
		<height>1280</height>
		<depth>3</depth>
	</size>
	<object>
		<name>fire</name>
		<pose>Unspecified</pose>
		<truncated>Unspecified</truncated>
		<difficult>Unspecified</difficult>
		<bndbox>
			<xmin>1089</xmin>
			<ymin>517</ymin>
			<xmax>1155</xmax>
			<ymax>596</ymax>
		</bndbox>
	</object>
	<object>
		<name>fire</name>
		<pose>Unspecified</pose>
		<truncated>Unspecified</truncated>
		<difficult>Unspecified</difficult>
		<bndbox>
			<xmin>607</xmin>
			<ymin>934</ymin>
			<xmax>667</xmax>
			<ymax>994</ymax>
		</bndbox>
	</object>
	<object>
		<name>fire</name>
		<pose>Unspecified</pose>
		<truncated>Unspecified</truncated>
		<difficult>Unspecified</difficult>
		<bndbox>
			<xmin>478</xmin>
			<ymin>884</ymin>
			<xmax>507</xmax>
			<ymax>907</ymax>
		</bndbox>
	</object>
</annotation>