<annotation>
	<folder>my-project-name</folder>
	<filename>fireBig163.jpg</filename>
	<path>/my-project-name/fireBig163.jpg</path>
	<source>
		<database>Unspecified</database>
	</source>
	<size>
		<width>1280</width>
		<height>720</height>
		<depth>3</depth>
	</size>
	<object>
		<name>fire</name>
		<pose>Unspecified</pose>
		<truncated>Unspecified</truncated>
		<difficult>Unspecified</difficult>
		<bndbox>
			<xmin>799</xmin>
			<ymin>345</ymin>
			<xmax>855</xmax>
			<ymax>385</ymax>
		</bndbox>
	</object>
	<object>
		<name>fire</name>
		<pose>Unspecified</pose>
		<truncated>Unspecified</truncated>
		<difficult>Unspecified</difficult>
		<bndbox>
			<xmin>914</xmin>
			<ymin>345</ymin>
			<xmax>980</xmax>
			<ymax>383</ymax>
		</bndbox>
	</object>
	<object>
		<name>fire</name>
		<pose>Unspecified</pose>
		<truncated>Unspecified</truncated>
		<difficult>Unspecified</difficult>
		<bndbox>
			<xmin>463</xmin>
			<ymin>337</ymin>
			<xmax>581</xmax>
			<ymax>417</ymax>
		</bndbox>
	</object>
	<object>
		<name>fire</name>
		<pose>Unspecified</pose>
		<truncated>Unspecified</truncated>
		<difficult>Unspecified</difficult>
		<bndbox>
			<xmin>153</xmin>
			<ymin>239</ymin>
			<xmax>400</xmax>
			<ymax>434</ymax>
		</bndbox>
	</object>
</annotation>