<annotation>
	<folder>my-project-name</folder>
	<filename>fireBig1691.jpg</filename>
	<path>/my-project-name/fireBig1691.jpg</path>
	<source>
		<database>Unspecified</database>
	</source>
	<size>
		<width>1280</width>
		<height>720</height>
		<depth>3</depth>
	</size>
	<object>
		<name>smoke</name>
		<pose>Unspecified</pose>
		<truncated>Unspecified</truncated>
		<difficult>Unspecified</difficult>
		<bndbox>
			<xmin>372</xmin>
			<ymin>0</ymin>
			<xmax>634</xmax>
			<ymax>368</ymax>
		</bndbox>
	</object>
	<object>
		<name>smoke</name>
		<pose>Unspecified</pose>
		<truncated>Unspecified</truncated>
		<difficult>Unspecified</difficult>
		<bndbox>
			<xmin>708</xmin>
			<ymin>3</ymin>
			<xmax>910</xmax>
			<ymax>103</ymax>
		</bndbox>
	</object>
	<object>
		<name>smoke</name>
		<pose>Unspecified</pose>
		<truncated>Unspecified</truncated>
		<difficult>Unspecified</difficult>
		<bndbox>
			<xmin>1038</xmin>
			<ymin>0</ymin>
			<xmax>1265</xmax>
			<ymax>88</ymax>
		</bndbox>
	</object>
</annotation>