<annotation>
	<folder>my-project-name</folder>
	<filename>fireTurkos10.jpg</filename>
	<path>/my-project-name/fireTurkos10.jpg</path>
	<source>
		<database>Unspecified</database>
	</source>
	<size>
		<width>1280</width>
		<height>720</height>
		<depth>3</depth>
	</size>
	<object>
		<name>smoke</name>
		<pose>Unspecified</pose>
		<truncated>Unspecified</truncated>
		<difficult>Unspecified</difficult>
		<bndbox>
			<xmin>304</xmin>
			<ymin>5</ymin>
			<xmax>555</xmax>
			<ymax>428</ymax>
		</bndbox>
	</object>
</annotation>