<annotation>
	<folder>my-project-name</folder>
	<filename>fireBig1921.jpg</filename>
	<path>/my-project-name/fireBig1921.jpg</path>
	<source>
		<database>Unspecified</database>
	</source>
	<size>
		<width>1280</width>
		<height>720</height>
		<depth>3</depth>
	</size>
	<object>
		<name>fire</name>
		<pose>Unspecified</pose>
		<truncated>Unspecified</truncated>
		<difficult>Unspecified</difficult>
		<bndbox>
			<xmin>670</xmin>
			<ymin>171</ymin>
			<xmax>799</xmax>
			<ymax>351</ymax>
		</bndbox>
	</object>
	<object>
		<name>fire</name>
		<pose>Unspecified</pose>
		<truncated>Unspecified</truncated>
		<difficult>Unspecified</difficult>
		<bndbox>
			<xmin>963</xmin>
			<ymin>198</ymin>
			<xmax>1021</xmax>
			<ymax>258</ymax>
		</bndbox>
	</object>
	<object>
		<name>fire</name>
		<pose>Unspecified</pose>
		<truncated>Unspecified</truncated>
		<difficult>Unspecified</difficult>
		<bndbox>
			<xmin>687</xmin>
			<ymin>26</ymin>
			<xmax>751</xmax>
			<ymax>92</ymax>
		</bndbox>
	</object>
</annotation>