<annotation>
	<folder>my-project-name</folder>
	<filename>fireBig1919.jpg</filename>
	<path>/my-project-name/fireBig1919.jpg</path>
	<source>
		<database>Unspecified</database>
	</source>
	<size>
		<width>1280</width>
		<height>720</height>
		<depth>3</depth>
	</size>
	<object>
		<name>fire</name>
		<pose>Unspecified</pose>
		<truncated>Unspecified</truncated>
		<difficult>Unspecified</difficult>
		<bndbox>
			<xmin>689</xmin>
			<ymin>230</ymin>
			<xmax>850</xmax>
			<ymax>324</ymax>
		</bndbox>
	</object>
	<object>
		<name>fire</name>
		<pose>Unspecified</pose>
		<truncated>Unspecified</truncated>
		<difficult>Unspecified</difficult>
		<bndbox>
			<xmin>636</xmin>
			<ymin>113</ymin>
			<xmax>719</xmax>
			<ymax>162</ymax>
		</bndbox>
	</object>
	<object>
		<name>fire</name>
		<pose>Unspecified</pose>
		<truncated>Unspecified</truncated>
		<difficult>Unspecified</difficult>
		<bndbox>
			<xmin>385</xmin>
			<ymin>200</ymin>
			<xmax>413</xmax>
			<ymax>237</ymax>
		</bndbox>
	</object>
	<object>
		<name>fire</name>
		<pose>Unspecified</pose>
		<truncated>Unspecified</truncated>
		<difficult>Unspecified</difficult>
		<bndbox>
			<xmin>1161</xmin>
			<ymin>249</ymin>
			<xmax>1221</xmax>
			<ymax>281</ymax>
		</bndbox>
	</object>
	<object>
		<name>fire</name>
		<pose>Unspecified</pose>
		<truncated>Unspecified</truncated>
		<difficult>Unspecified</difficult>
		<bndbox>
			<xmin>897</xmin>
			<ymin>234</ymin>
			<xmax>1053</xmax>
			<ymax>330</ymax>
		</bndbox>
	</object>
</annotation>