<annotation>
	<folder>my-project-name</folder>
	<filename>fireBig1926.jpg</filename>
	<path>/my-project-name/fireBig1926.jpg</path>
	<source>
		<database>Unspecified</database>
	</source>
	<size>
		<width>1280</width>
		<height>720</height>
		<depth>3</depth>
	</size>
	<object>
		<name>smoke</name>
		<pose>Unspecified</pose>
		<truncated>Unspecified</truncated>
		<difficult>Unspecified</difficult>
		<bndbox>
			<xmin>689</xmin>
			<ymin>20</ymin>
			<xmax>1148</xmax>
			<ymax>286</ymax>
		</bndbox>
	</object>
</annotation>