<annotation>
	<folder>my-project-name</folder>
	<filename>fire.389.png</filename>
	<path>/my-project-name/fire.389.png</path>
	<source>
		<database>Unspecified</database>
	</source>
	<size>
		<width>970</width>
		<height>697</height>
		<depth>3</depth>
	</size>
	<object>
		<name>fire</name>
		<pose>Unspecified</pose>
		<truncated>Unspecified</truncated>
		<difficult>Unspecified</difficult>
		<bndbox>
			<xmin>759</xmin>
			<ymin>512</ymin>
			<xmax>823</xmax>
			<ymax>584</ymax>
		</bndbox>
	</object>
	<object>
		<name>fire</name>
		<pose>Unspecified</pose>
		<truncated>Unspecified</truncated>
		<difficult>Unspecified</difficult>
		<bndbox>
			<xmin>194</xmin>
			<ymin>326</ymin>
			<xmax>266</xmax>
			<ymax>437</ymax>
		</bndbox>
	</object>
	<object>
		<name>fire</name>
		<pose>Unspecified</pose>
		<truncated>Unspecified</truncated>
		<difficult>Unspecified</difficult>
		<bndbox>
			<xmin>874</xmin>
			<ymin>464</ymin>
			<xmax>948</xmax>
			<ymax>521</ymax>
		</bndbox>
	</object>
</annotation>