<annotation>
	<folder>my-project-name</folder>
	<filename>fireBig1622.jpg</filename>
	<path>/my-project-name/fireBig1622.jpg</path>
	<source>
		<database>Unspecified</database>
	</source>
	<size>
		<width>1280</width>
		<height>720</height>
		<depth>3</depth>
	</size>
	<object>
		<name>fire</name>
		<pose>Unspecified</pose>
		<truncated>Unspecified</truncated>
		<difficult>Unspecified</difficult>
		<bndbox>
			<xmin>291</xmin>
			<ymin>400</ymin>
			<xmax>649</xmax>
			<ymax>479</ymax>
		</bndbox>
	</object>
	<object>
		<name>fire</name>
		<pose>Unspecified</pose>
		<truncated>Unspecified</truncated>
		<difficult>Unspecified</difficult>
		<bndbox>
			<xmin>733</xmin>
			<ymin>130</ymin>
			<xmax>1002</xmax>
			<ymax>449</ymax>
		</bndbox>
	</object>
	<object>
		<name>fire</name>
		<pose>Unspecified</pose>
		<truncated>Unspecified</truncated>
		<difficult>Unspecified</difficult>
		<bndbox>
			<xmin>1125</xmin>
			<ymin>101</ymin>
			<xmax>1184</xmax>
			<ymax>143</ymax>
		</bndbox>
	</object>
	<object>
		<name>fire</name>
		<pose>Unspecified</pose>
		<truncated>Unspecified</truncated>
		<difficult>Unspecified</difficult>
		<bndbox>
			<xmin>319</xmin>
			<ymin>99</ymin>
			<xmax>383</xmax>
			<ymax>147</ymax>
		</bndbox>
	</object>
	<object>
		<name>fire</name>
		<pose>Unspecified</pose>
		<truncated>Unspecified</truncated>
		<difficult>Unspecified</difficult>
		<bndbox>
			<xmin>259</xmin>
			<ymin>226</ymin>
			<xmax>330</xmax>
			<ymax>267</ymax>
		</bndbox>
	</object>
	<object>
		<name>fire</name>
		<pose>Unspecified</pose>
		<truncated>Unspecified</truncated>
		<difficult>Unspecified</difficult>
		<bndbox>
			<xmin>19</xmin>
			<ymin>234</ymin>
			<xmax>70</xmax>
			<ymax>279</ymax>
		</bndbox>
	</object>
	<object>
		<name>fire</name>
		<pose>Unspecified</pose>
		<truncated>Unspecified</truncated>
		<difficult>Unspecified</difficult>
		<bndbox>
			<xmin>106</xmin>
			<ymin>237</ymin>
			<xmax>147</xmax>
			<ymax>341</ymax>
		</bndbox>
	</object>
</annotation>