<annotation>
	<folder>my-project-name</folder>
	<filename>fireBig1935.jpg</filename>
	<path>/my-project-name/fireBig1935.jpg</path>
	<source>
		<database>Unspecified</database>
	</source>
	<size>
		<width>1280</width>
		<height>720</height>
		<depth>3</depth>
	</size>
	<object>
		<name>smoke</name>
		<pose>Unspecified</pose>
		<truncated>Unspecified</truncated>
		<difficult>Unspecified</difficult>
		<bndbox>
			<xmin>763</xmin>
			<ymin>0</ymin>
			<xmax>1106</xmax>
			<ymax>290</ymax>
		</bndbox>
	</object>
</annotation>