<annotation>
	<folder>my-project-name</folder>
	<filename>fire.386.png</filename>
	<path>/my-project-name/fire.386.png</path>
	<source>
		<database>Unspecified</database>
	</source>
	<size>
		<width>736</width>
		<height>526</height>
		<depth>3</depth>
	</size>
	<object>
		<name>fire</name>
		<pose>Unspecified</pose>
		<truncated>Unspecified</truncated>
		<difficult>Unspecified</difficult>
		<bndbox>
			<xmin>426</xmin>
			<ymin>90</ymin>
			<xmax>460</xmax>
			<ymax>147</ymax>
		</bndbox>
	</object>
	<object>
		<name>fire</name>
		<pose>Unspecified</pose>
		<truncated>Unspecified</truncated>
		<difficult>Unspecified</difficult>
		<bndbox>
			<xmin>426</xmin>
			<ymin>319</ymin>
			<xmax>501</xmax>
			<ymax>360</ymax>
		</bndbox>
	</object>
	<object>
		<name>fire</name>
		<pose>Unspecified</pose>
		<truncated>Unspecified</truncated>
		<difficult>Unspecified</difficult>
		<bndbox>
			<xmin>190</xmin>
			<ymin>434</ymin>
			<xmax>224</xmax>
			<ymax>463</ymax>
		</bndbox>
	</object>
</annotation>