<annotation>
	<folder>my-project-name</folder>
	<filename>fireBig1702.jpg</filename>
	<path>/my-project-name/fireBig1702.jpg</path>
	<source>
		<database>Unspecified</database>
	</source>
	<size>
		<width>1280</width>
		<height>720</height>
		<depth>3</depth>
	</size>
	<object>
		<name>smoke</name>
		<pose>Unspecified</pose>
		<truncated>Unspecified</truncated>
		<difficult>Unspecified</difficult>
		<bndbox>
			<xmin>587</xmin>
			<ymin>3</ymin>
			<xmax>1204</xmax>
			<ymax>188</ymax>
		</bndbox>
	</object>
	<object>
		<name>smoke</name>
		<pose>Unspecified</pose>
		<truncated>Unspecified</truncated>
		<difficult>Unspecified</difficult>
		<bndbox>
			<xmin>531</xmin>
			<ymin>198</ymin>
			<xmax>674</xmax>
			<ymax>409</ymax>
		</bndbox>
	</object>
</annotation>