<annotation>
	<folder>my-project-name</folder>
	<filename>fireTurko10.jpg</filename>
	<path>/my-project-name/fireTurko10.jpg</path>
	<source>
		<database>Unspecified</database>
	</source>
	<size>
		<width>1280</width>
		<height>720</height>
		<depth>3</depth>
	</size>
	<object>
		<name>smoke</name>
		<pose>Unspecified</pose>
		<truncated>Unspecified</truncated>
		<difficult>Unspecified</difficult>
		<bndbox>
			<xmin>0</xmin>
			<ymin>313</ymin>
			<xmax>642</xmax>
			<ymax>720</ymax>
		</bndbox>
	</object>
</annotation>