<annotation>
	<folder>my-project-name</folder>
	<filename>fire.379.png</filename>
	<path>/my-project-name/fire.379.png</path>
	<source>
		<database>Unspecified</database>
	</source>
	<size>
		<width>1500</width>
		<height>1000</height>
		<depth>3</depth>
	</size>
	<object>
		<name>fire</name>
		<pose>Unspecified</pose>
		<truncated>Unspecified</truncated>
		<difficult>Unspecified</difficult>
		<bndbox>
			<xmin>80</xmin>
			<ymin>509</ymin>
			<xmax>1159</xmax>
			<ymax>825</ymax>
		</bndbox>
	</object>
</annotation>