<annotation>
	<folder>my-project-name</folder>
	<filename>fireBnglas9.jpg</filename>
	<path>/my-project-name/fireBnglas9.jpg</path>
	<source>
		<database>Unspecified</database>
	</source>
	<size>
		<width>1280</width>
		<height>720</height>
		<depth>3</depth>
	</size>
	<object>
		<name>fire</name>
		<pose>Unspecified</pose>
		<truncated>Unspecified</truncated>
		<difficult>Unspecified</difficult>
		<bndbox>
			<xmin>733</xmin>
			<ymin>264</ymin>
			<xmax>772</xmax>
			<ymax>324</ymax>
		</bndbox>
	</object>
</annotation>