<annotation>
	<folder>my-project-name</folder>
	<filename>fireFactory6.jpg</filename>
	<path>/my-project-name/fireFactory6.jpg</path>
	<source>
		<database>Unspecified</database>
	</source>
	<size>
		<width>1280</width>
		<height>720</height>
		<depth>3</depth>
	</size>
	<object>
		<name>fire</name>
		<pose>Unspecified</pose>
		<truncated>Unspecified</truncated>
		<difficult>Unspecified</difficult>
		<bndbox>
			<xmin>393</xmin>
			<ymin>407</ymin>
			<xmax>474</xmax>
			<ymax>483</ymax>
		</bndbox>
	</object>
	<object>
		<name>fire</name>
		<pose>Unspecified</pose>
		<truncated>Unspecified</truncated>
		<difficult>Unspecified</difficult>
		<bndbox>
			<xmin>702</xmin>
			<ymin>347</ymin>
			<xmax>746</xmax>
			<ymax>394</ymax>
		</bndbox>
	</object>
	<object>
		<name>smoke</name>
		<pose>Unspecified</pose>
		<truncated>Unspecified</truncated>
		<difficult>Unspecified</difficult>
		<bndbox>
			<xmin>4</xmin>
			<ymin>120</ymin>
			<xmax>483</xmax>
			<ymax>334</ymax>
		</bndbox>
	</object>
	<object>
		<name>smoke</name>
		<pose>Unspecified</pose>
		<truncated>Unspecified</truncated>
		<difficult>Unspecified</difficult>
		<bndbox>
			<xmin>38</xmin>
			<ymin>394</ymin>
			<xmax>298</xmax>
			<ymax>532</ymax>
		</bndbox>
	</object>
	<object>
		<name>smoke</name>
		<pose>Unspecified</pose>
		<truncated>Unspecified</truncated>
		<difficult>Unspecified</difficult>
		<bndbox>
			<xmin>564</xmin>
			<ymin>313</ymin>
			<xmax>704</xmax>
			<ymax>394</ymax>
		</bndbox>
	</object>
</annotation>