<annotation>
	<folder>my-project-name</folder>
	<filename>fireBig539.jpg</filename>
	<path>/my-project-name/fireBig539.jpg</path>
	<source>
		<database>Unspecified</database>
	</source>
	<size>
		<width>1280</width>
		<height>720</height>
		<depth>3</depth>
	</size>
	<object>
		<name>fire</name>
		<pose>Unspecified</pose>
		<truncated>Unspecified</truncated>
		<difficult>Unspecified</difficult>
		<bndbox>
			<xmin>568</xmin>
			<ymin>547</ymin>
			<xmax>653</xmax>
			<ymax>598</ymax>
		</bndbox>
	</object>
</annotation>