<annotation>
	<folder>my-project-name</folder>
	<filename>fire.599.png</filename>
	<path>/my-project-name/fire.599.png</path>
	<source>
		<database>Unspecified</database>
	</source>
	<size>
		<width>992</width>
		<height>744</height>
		<depth>3</depth>
	</size>
	<object>
		<name>fire</name>
		<pose>Unspecified</pose>
		<truncated>Unspecified</truncated>
		<difficult>Unspecified</difficult>
		<bndbox>
			<xmin>113</xmin>
			<ymin>103</ymin>
			<xmax>607</xmax>
			<ymax>538</ymax>
		</bndbox>
	</object>
</annotation>