<annotation>
	<folder>my-project-name</folder>
	<filename>fireBig1606.jpg</filename>
	<path>/my-project-name/fireBig1606.jpg</path>
	<source>
		<database>Unspecified</database>
	</source>
	<size>
		<width>1280</width>
		<height>720</height>
		<depth>3</depth>
	</size>
	<object>
		<name>fire</name>
		<pose>Unspecified</pose>
		<truncated>Unspecified</truncated>
		<difficult>Unspecified</difficult>
		<bndbox>
			<xmin>644</xmin>
			<ymin>347</ymin>
			<xmax>689</xmax>
			<ymax>390</ymax>
		</bndbox>
	</object>
	<object>
		<name>fire</name>
		<pose>Unspecified</pose>
		<truncated>Unspecified</truncated>
		<difficult>Unspecified</difficult>
		<bndbox>
			<xmin>378</xmin>
			<ymin>460</ymin>
			<xmax>580</xmax>
			<ymax>536</ymax>
		</bndbox>
	</object>
	<object>
		<name>fire</name>
		<pose>Unspecified</pose>
		<truncated>Unspecified</truncated>
		<difficult>Unspecified</difficult>
		<bndbox>
			<xmin>245</xmin>
			<ymin>243</ymin>
			<xmax>406</xmax>
			<ymax>341</ymax>
		</bndbox>
	</object>
	<object>
		<name>smoke</name>
		<pose>Unspecified</pose>
		<truncated>Unspecified</truncated>
		<difficult>Unspecified</difficult>
		<bndbox>
			<xmin>298</xmin>
			<ymin>0</ymin>
			<xmax>844</xmax>
			<ymax>252</ymax>
		</bndbox>
	</object>
</annotation>