<annotation>
	<folder>my-project-name</folder>
	<filename>fire.352.png</filename>
	<path>/my-project-name/fire.352.png</path>
	<source>
		<database>Unspecified</database>
	</source>
	<size>
		<width>976</width>
		<height>549</height>
		<depth>3</depth>
	</size>
	<object>
		<name>fire</name>
		<pose>Unspecified</pose>
		<truncated>Unspecified</truncated>
		<difficult>Unspecified</difficult>
		<bndbox>
			<xmin>26</xmin>
			<ymin>57</ymin>
			<xmax>403</xmax>
			<ymax>328</ymax>
		</bndbox>
	</object>
</annotation>