<annotation>
	<folder>my-project-name</folder>
	<filename>fire.607.png</filename>
	<path>/my-project-name/fire.607.png</path>
	<source>
		<database>Unspecified</database>
	</source>
	<size>
		<width>5262</width>
		<height>3382</height>
		<depth>3</depth>
	</size>
	<object>
		<name>fire</name>
		<pose>Unspecified</pose>
		<truncated>Unspecified</truncated>
		<difficult>Unspecified</difficult>
		<bndbox>
			<xmin>1164</xmin>
			<ymin>0</ymin>
			<xmax>3857</xmax>
			<ymax>2133</ymax>
		</bndbox>
	</object>
	<object>
		<name>fire</name>
		<pose>Unspecified</pose>
		<truncated>Unspecified</truncated>
		<difficult>Unspecified</difficult>
		<bndbox>
			<xmin>1141</xmin>
			<ymin>2149</ymin>
			<xmax>3562</xmax>
			<ymax>3266</ymax>
		</bndbox>
	</object>
	<object>
		<name>fire</name>
		<pose>Unspecified</pose>
		<truncated>Unspecified</truncated>
		<difficult>Unspecified</difficult>
		<bndbox>
			<xmin>2693</xmin>
			<ymin>2964</ymin>
			<xmax>3438</xmax>
			<ymax>3298</ymax>
		</bndbox>
	</object>
	<object>
		<name>fire</name>
		<pose>Unspecified</pose>
		<truncated>Unspecified</truncated>
		<difficult>Unspecified</difficult>
		<bndbox>
			<xmin>4121</xmin>
			<ymin>2964</ymin>
			<xmax>4719</xmax>
			<ymax>3282</ymax>
		</bndbox>
	</object>
	<object>
		<name>fire</name>
		<pose>Unspecified</pose>
		<truncated>Unspecified</truncated>
		<difficult>Unspecified</difficult>
		<bndbox>
			<xmin>3989</xmin>
			<ymin>2118</ymin>
			<xmax>4369</xmax>
			<ymax>2521</ymax>
		</bndbox>
	</object>
	<object>
		<name>fire</name>
		<pose>Unspecified</pose>
		<truncated>Unspecified</truncated>
		<difficult>Unspecified</difficult>
		<bndbox>
			<xmin>4695</xmin>
			<ymin>92</ymin>
			<xmax>5192</xmax>
			<ymax>1171</ymax>
		</bndbox>
	</object>
	<object>
		<name>fire</name>
		<pose>Unspecified</pose>
		<truncated>Unspecified</truncated>
		<difficult>Unspecified</difficult>
		<bndbox>
			<xmin>629</xmin>
			<ymin>0</ymin>
			<xmax>947</xmax>
			<ymax>201</ymax>
		</bndbox>
	</object>
</annotation>