<annotation>
	<folder>my-project-name</folder>
	<filename>fireBig1685.jpg</filename>
	<path>/my-project-name/fireBig1685.jpg</path>
	<source>
		<database>Unspecified</database>
	</source>
	<size>
		<width>1280</width>
		<height>720</height>
		<depth>3</depth>
	</size>
	<object>
		<name>smoke</name>
		<pose>Unspecified</pose>
		<truncated>Unspecified</truncated>
		<difficult>Unspecified</difficult>
		<bndbox>
			<xmin>525</xmin>
			<ymin>128</ymin>
			<xmax>695</xmax>
			<ymax>377</ymax>
		</bndbox>
	</object>
	<object>
		<name>smoke</name>
		<pose>Unspecified</pose>
		<truncated>Unspecified</truncated>
		<difficult>Unspecified</difficult>
		<bndbox>
			<xmin>532</xmin>
			<ymin>0</ymin>
			<xmax>889</xmax>
			<ymax>92</ymax>
		</bndbox>
	</object>
</annotation>