<annotation>
	<folder>my-project-name</folder>
	<filename>fire.388.png</filename>
	<path>/my-project-name/fire.388.png</path>
	<source>
		<database>Unspecified</database>
	</source>
	<size>
		<width>1200</width>
		<height>806</height>
		<depth>3</depth>
	</size>
	<object>
		<name>fire</name>
		<pose>Unspecified</pose>
		<truncated>Unspecified</truncated>
		<difficult>Unspecified</difficult>
		<bndbox>
			<xmin>469</xmin>
			<ymin>0</ymin>
			<xmax>1028</xmax>
			<ymax>237</ymax>
		</bndbox>
	</object>
</annotation>