<annotation>
	<folder>my-project-name</folder>
	<filename>fire.609.png</filename>
	<path>/my-project-name/fire.609.png</path>
	<source>
		<database>Unspecified</database>
	</source>
	<size>
		<width>1200</width>
		<height>805</height>
		<depth>3</depth>
	</size>
	<object>
		<name>fire</name>
		<pose>Unspecified</pose>
		<truncated>Unspecified</truncated>
		<difficult>Unspecified</difficult>
		<bndbox>
			<xmin>0</xmin>
			<ymin>0</ymin>
			<xmax>1200</xmax>
			<ymax>549</ymax>
		</bndbox>
	</object>
	<object>
		<name>fire</name>
		<pose>Unspecified</pose>
		<truncated>Unspecified</truncated>
		<difficult>Unspecified</difficult>
		<bndbox>
			<xmin>835</xmin>
			<ymin>673</ymin>
			<xmax>903</xmax>
			<ymax>705</ymax>
		</bndbox>
	</object>
	<object>
		<name>fire</name>
		<pose>Unspecified</pose>
		<truncated>Unspecified</truncated>
		<difficult>Unspecified</difficult>
		<bndbox>
			<xmin>795</xmin>
			<ymin>760</ymin>
			<xmax>860</xmax>
			<ymax>788</ymax>
		</bndbox>
	</object>
	<object>
		<name>fire</name>
		<pose>Unspecified</pose>
		<truncated>Unspecified</truncated>
		<difficult>Unspecified</difficult>
		<bndbox>
			<xmin>653</xmin>
			<ymin>622</ymin>
			<xmax>697</xmax>
			<ymax>647</ymax>
		</bndbox>
	</object>
</annotation>