<annotation>
	<folder>my-project-name</folder>
	<filename>fireBig1696.jpg</filename>
	<path>/my-project-name/fireBig1696.jpg</path>
	<source>
		<database>Unspecified</database>
	</source>
	<size>
		<width>1280</width>
		<height>720</height>
		<depth>3</depth>
	</size>
	<object>
		<name>smoke</name>
		<pose>Unspecified</pose>
		<truncated>Unspecified</truncated>
		<difficult>Unspecified</difficult>
		<bndbox>
			<xmin>644</xmin>
			<ymin>99</ymin>
			<xmax>759</xmax>
			<ymax>330</ymax>
		</bndbox>
	</object>
	<object>
		<name>smoke</name>
		<pose>Unspecified</pose>
		<truncated>Unspecified</truncated>
		<difficult>Unspecified</difficult>
		<bndbox>
			<xmin>702</xmin>
			<ymin>15</ymin>
			<xmax>882</xmax>
			<ymax>105</ymax>
		</bndbox>
	</object>
	<object>
		<name>smoke</name>
		<pose>Unspecified</pose>
		<truncated>Unspecified</truncated>
		<difficult>Unspecified</difficult>
		<bndbox>
			<xmin>1053</xmin>
			<ymin>0</ymin>
			<xmax>1176</xmax>
			<ymax>73</ymax>
		</bndbox>
	</object>
</annotation>