<annotation>
	<folder>my-project-name</folder>
	<filename>fire.395.png</filename>
	<path>/my-project-name/fire.395.png</path>
	<source>
		<database>Unspecified</database>
	</source>
	<size>
		<width>754</width>
		<height>503</height>
		<depth>3</depth>
	</size>
	<object>
		<name>fire</name>
		<pose>Unspecified</pose>
		<truncated>Unspecified</truncated>
		<difficult>Unspecified</difficult>
		<bndbox>
			<xmin>197</xmin>
			<ymin>18</ymin>
			<xmax>377</xmax>
			<ymax>408</ymax>
		</bndbox>
	</object>
</annotation>