<annotation>
	<folder>my-project-name</folder>
	<filename>fireBig1704.jpg</filename>
	<path>/my-project-name/fireBig1704.jpg</path>
	<source>
		<database>Unspecified</database>
	</source>
	<size>
		<width>1280</width>
		<height>720</height>
		<depth>3</depth>
	</size>
	<object>
		<name>smoke</name>
		<pose>Unspecified</pose>
		<truncated>Unspecified</truncated>
		<difficult>Unspecified</difficult>
		<bndbox>
			<xmin>510</xmin>
			<ymin>235</ymin>
			<xmax>697</xmax>
			<ymax>360</ymax>
		</bndbox>
	</object>
	<object>
		<name>smoke</name>
		<pose>Unspecified</pose>
		<truncated>Unspecified</truncated>
		<difficult>Unspecified</difficult>
		<bndbox>
			<xmin>604</xmin>
			<ymin>24</ymin>
			<xmax>733</xmax>
			<ymax>196</ymax>
		</bndbox>
	</object>
	<object>
		<name>fire</name>
		<pose>Unspecified</pose>
		<truncated>Unspecified</truncated>
		<difficult>Unspecified</difficult>
		<bndbox>
			<xmin>686</xmin>
			<ymin>388</ymin>
			<xmax>699</xmax>
			<ymax>408</ymax>
		</bndbox>
	</object>
	<object>
		<name>smoke</name>
		<pose>Unspecified</pose>
		<truncated>Unspecified</truncated>
		<difficult>Unspecified</difficult>
		<bndbox>
			<xmin>716</xmin>
			<ymin>264</ymin>
			<xmax>783</xmax>
			<ymax>369</ymax>
		</bndbox>
	</object>
</annotation>