<annotation>
	<folder>my-project-name</folder>
	<filename>fireFactory23.jpg</filename>
	<path>/my-project-name/fireFactory23.jpg</path>
	<source>
		<database>Unspecified</database>
	</source>
	<size>
		<width>1280</width>
		<height>720</height>
		<depth>3</depth>
	</size>
	<object>
		<name>fire</name>
		<pose>Unspecified</pose>
		<truncated>Unspecified</truncated>
		<difficult>Unspecified</difficult>
		<bndbox>
			<xmin>757</xmin>
			<ymin>407</ymin>
			<xmax>785</xmax>
			<ymax>483</ymax>
		</bndbox>
	</object>
	<object>
		<name>fire</name>
		<pose>Unspecified</pose>
		<truncated>Unspecified</truncated>
		<difficult>Unspecified</difficult>
		<bndbox>
			<xmin>640</xmin>
			<ymin>405</ymin>
			<xmax>678</xmax>
			<ymax>503</ymax>
		</bndbox>
	</object>
	<object>
		<name>fire</name>
		<pose>Unspecified</pose>
		<truncated>Unspecified</truncated>
		<difficult>Unspecified</difficult>
		<bndbox>
			<xmin>570</xmin>
			<ymin>430</ymin>
			<xmax>621</xmax>
			<ymax>524</ymax>
		</bndbox>
	</object>
	<object>
		<name>smoke</name>
		<pose>Unspecified</pose>
		<truncated>Unspecified</truncated>
		<difficult>Unspecified</difficult>
		<bndbox>
			<xmin>391</xmin>
			<ymin>0</ymin>
			<xmax>733</xmax>
			<ymax>430</ymax>
		</bndbox>
	</object>
</annotation>