<annotation>
	<folder>my-project-name</folder>
	<filename>fireBig54.jpg</filename>
	<path>/my-project-name/fireBig54.jpg</path>
	<source>
		<database>Unspecified</database>
	</source>
	<size>
		<width>1280</width>
		<height>720</height>
		<depth>3</depth>
	</size>
	<object>
		<name>fire</name>
		<pose>Unspecified</pose>
		<truncated>Unspecified</truncated>
		<difficult>Unspecified</difficult>
		<bndbox>
			<xmin>300</xmin>
			<ymin>249</ymin>
			<xmax>514</xmax>
			<ymax>453</ymax>
		</bndbox>
	</object>
</annotation>