<annotation>
	<folder>my-project-name</folder>
	<filename>fire.385.png</filename>
	<path>/my-project-name/fire.385.png</path>
	<source>
		<database>Unspecified</database>
	</source>
	<size>
		<width>924</width>
		<height>592</height>
		<depth>3</depth>
	</size>
	<object>
		<name>fire</name>
		<pose>Unspecified</pose>
		<truncated>Unspecified</truncated>
		<difficult>Unspecified</difficult>
		<bndbox>
			<xmin>185</xmin>
			<ymin>115</ymin>
			<xmax>270</xmax>
			<ymax>171</ymax>
		</bndbox>
	</object>
	<object>
		<name>fire</name>
		<pose>Unspecified</pose>
		<truncated>Unspecified</truncated>
		<difficult>Unspecified</difficult>
		<bndbox>
			<xmin>413</xmin>
			<ymin>225</ymin>
			<xmax>924</xmax>
			<ymax>534</ymax>
		</bndbox>
	</object>
	<object>
		<name>fire</name>
		<pose>Unspecified</pose>
		<truncated>Unspecified</truncated>
		<difficult>Unspecified</difficult>
		<bndbox>
			<xmin>159</xmin>
			<ymin>270</ymin>
			<xmax>323</xmax>
			<ymax>500</ymax>
		</bndbox>
	</object>
	<object>
		<name>fire</name>
		<pose>Unspecified</pose>
		<truncated>Unspecified</truncated>
		<difficult>Unspecified</difficult>
		<bndbox>
			<xmin>14</xmin>
			<ymin>348</ymin>
			<xmax>50</xmax>
			<ymax>430</ymax>
		</bndbox>
	</object>
</annotation>