<annotation>
	<folder>my-project-name</folder>
	<filename>fireFactory2.jpg</filename>
	<path>/my-project-name/fireFactory2.jpg</path>
	<source>
		<database>Unspecified</database>
	</source>
	<size>
		<width>1280</width>
		<height>720</height>
		<depth>3</depth>
	</size>
	<object>
		<name>smoke</name>
		<pose>Unspecified</pose>
		<truncated>Unspecified</truncated>
		<difficult>Unspecified</difficult>
		<bndbox>
			<xmin>629</xmin>
			<ymin>203</ymin>
			<xmax>795</xmax>
			<ymax>349</ymax>
		</bndbox>
	</object>
	<object>
		<name>smoke</name>
		<pose>Unspecified</pose>
		<truncated>Unspecified</truncated>
		<difficult>Unspecified</difficult>
		<bndbox>
			<xmin>0</xmin>
			<ymin>30</ymin>
			<xmax>429</xmax>
			<ymax>524</ymax>
		</bndbox>
	</object>
	<object>
		<name>fire</name>
		<pose>Unspecified</pose>
		<truncated>Unspecified</truncated>
		<difficult>Unspecified</difficult>
		<bndbox>
			<xmin>457</xmin>
			<ymin>237</ymin>
			<xmax>721</xmax>
			<ymax>464</ymax>
		</bndbox>
	</object>
</annotation>