<annotation>
	<folder>my-project-name</folder>
	<filename>fireBig1900.jpg</filename>
	<path>/my-project-name/fireBig1900.jpg</path>
	<source>
		<database>Unspecified</database>
	</source>
	<size>
		<width>1280</width>
		<height>720</height>
		<depth>3</depth>
	</size>
	<object>
		<name>fire</name>
		<pose>Unspecified</pose>
		<truncated>Unspecified</truncated>
		<difficult>Unspecified</difficult>
		<bndbox>
			<xmin>717</xmin>
			<ymin>290</ymin>
			<xmax>868</xmax>
			<ymax>398</ymax>
		</bndbox>
	</object>
	<object>
		<name>fire</name>
		<pose>Unspecified</pose>
		<truncated>Unspecified</truncated>
		<difficult>Unspecified</difficult>
		<bndbox>
			<xmin>987</xmin>
			<ymin>243</ymin>
			<xmax>1104</xmax>
			<ymax>394</ymax>
		</bndbox>
	</object>
	<object>
		<name>fire</name>
		<pose>Unspecified</pose>
		<truncated>Unspecified</truncated>
		<difficult>Unspecified</difficult>
		<bndbox>
			<xmin>895</xmin>
			<ymin>301</ymin>
			<xmax>967</xmax>
			<ymax>403</ymax>
		</bndbox>
	</object>
	<object>
		<name>fire</name>
		<pose>Unspecified</pose>
		<truncated>Unspecified</truncated>
		<difficult>Unspecified</difficult>
		<bndbox>
			<xmin>891</xmin>
			<ymin>75</ymin>
			<xmax>936</xmax>
			<ymax>158</ymax>
		</bndbox>
	</object>
	<object>
		<name>fire</name>
		<pose>Unspecified</pose>
		<truncated>Unspecified</truncated>
		<difficult>Unspecified</difficult>
		<bndbox>
			<xmin>661</xmin>
			<ymin>109</ymin>
			<xmax>710</xmax>
			<ymax>171</ymax>
		</bndbox>
	</object>
	<object>
		<name>fire</name>
		<pose>Unspecified</pose>
		<truncated>Unspecified</truncated>
		<difficult>Unspecified</difficult>
		<bndbox>
			<xmin>1021</xmin>
			<ymin>201</ymin>
			<xmax>1087</xmax>
			<ymax>234</ymax>
		</bndbox>
	</object>
</annotation>