<annotation>
	<folder>my-project-name</folder>
	<filename>fireBig841.jpg</filename>
	<path>/my-project-name/fireBig841.jpg</path>
	<source>
		<database>Unspecified</database>
	</source>
	<size>
		<width>1280</width>
		<height>720</height>
		<depth>3</depth>
	</size>
	<object>
		<name>fire</name>
		<pose>Unspecified</pose>
		<truncated>Unspecified</truncated>
		<difficult>Unspecified</difficult>
		<bndbox>
			<xmin>423</xmin>
			<ymin>335</ymin>
			<xmax>780</xmax>
			<ymax>466</ymax>
		</bndbox>
	</object>
	<object>
		<name>fire</name>
		<pose>Unspecified</pose>
		<truncated>Unspecified</truncated>
		<difficult>Unspecified</difficult>
		<bndbox>
			<xmin>132</xmin>
			<ymin>303</ymin>
			<xmax>244</xmax>
			<ymax>347</ymax>
		</bndbox>
	</object>
	<object>
		<name>fire</name>
		<pose>Unspecified</pose>
		<truncated>Unspecified</truncated>
		<difficult>Unspecified</difficult>
		<bndbox>
			<xmin>330</xmin>
			<ymin>403</ymin>
			<xmax>406</xmax>
			<ymax>462</ymax>
		</bndbox>
	</object>
</annotation>