<annotation>
	<folder>my-project-name</folder>
	<filename>fireBig412.jpg</filename>
	<path>/my-project-name/fireBig412.jpg</path>
	<source>
		<database>Unspecified</database>
	</source>
	<size>
		<width>1280</width>
		<height>720</height>
		<depth>3</depth>
	</size>
	<object>
		<name>fire</name>
		<pose>Unspecified</pose>
		<truncated>Unspecified</truncated>
		<difficult>Unspecified</difficult>
		<bndbox>
			<xmin>581</xmin>
			<ymin>352</ymin>
			<xmax>800</xmax>
			<ymax>615</ymax>
		</bndbox>
	</object>
	<object>
		<name>fire</name>
		<pose>Unspecified</pose>
		<truncated>Unspecified</truncated>
		<difficult>Unspecified</difficult>
		<bndbox>
			<xmin>336</xmin>
			<ymin>330</ymin>
			<xmax>442</xmax>
			<ymax>424</ymax>
		</bndbox>
	</object>
	<object>
		<name>fire</name>
		<pose>Unspecified</pose>
		<truncated>Unspecified</truncated>
		<difficult>Unspecified</difficult>
		<bndbox>
			<xmin>391</xmin>
			<ymin>422</ymin>
			<xmax>463</xmax>
			<ymax>537</ymax>
		</bndbox>
	</object>
	<object>
		<name>fire</name>
		<pose>Unspecified</pose>
		<truncated>Unspecified</truncated>
		<difficult>Unspecified</difficult>
		<bndbox>
			<xmin>321</xmin>
			<ymin>636</ymin>
			<xmax>587</xmax>
			<ymax>720</ymax>
		</bndbox>
	</object>
</annotation>