<annotation>
	<folder>my-project-name</folder>
	<filename>fireBig1740.jpg</filename>
	<path>/my-project-name/fireBig1740.jpg</path>
	<source>
		<database>Unspecified</database>
	</source>
	<size>
		<width>1280</width>
		<height>720</height>
		<depth>3</depth>
	</size>
	<object>
		<name>fire</name>
		<pose>Unspecified</pose>
		<truncated>Unspecified</truncated>
		<difficult>Unspecified</difficult>
		<bndbox>
			<xmin>368</xmin>
			<ymin>483</ymin>
			<xmax>402</xmax>
			<ymax>502</ymax>
		</bndbox>
	</object>
	<object>
		<name>fire</name>
		<pose>Unspecified</pose>
		<truncated>Unspecified</truncated>
		<difficult>Unspecified</difficult>
		<bndbox>
			<xmin>629</xmin>
			<ymin>43</ymin>
			<xmax>682</xmax>
			<ymax>107</ymax>
		</bndbox>
	</object>
	<object>
		<name>fire</name>
		<pose>Unspecified</pose>
		<truncated>Unspecified</truncated>
		<difficult>Unspecified</difficult>
		<bndbox>
			<xmin>761</xmin>
			<ymin>113</ymin>
			<xmax>851</xmax>
			<ymax>175</ymax>
		</bndbox>
	</object>
	<object>
		<name>fire</name>
		<pose>Unspecified</pose>
		<truncated>Unspecified</truncated>
		<difficult>Unspecified</difficult>
		<bndbox>
			<xmin>946</xmin>
			<ymin>296</ymin>
			<xmax>984</xmax>
			<ymax>343</ymax>
		</bndbox>
	</object>
	<object>
		<name>fire</name>
		<pose>Unspecified</pose>
		<truncated>Unspecified</truncated>
		<difficult>Unspecified</difficult>
		<bndbox>
			<xmin>821</xmin>
			<ymin>288</ymin>
			<xmax>868</xmax>
			<ymax>330</ymax>
		</bndbox>
	</object>
	<object>
		<name>fire</name>
		<pose>Unspecified</pose>
		<truncated>Unspecified</truncated>
		<difficult>Unspecified</difficult>
		<bndbox>
			<xmin>1067</xmin>
			<ymin>283</ymin>
			<xmax>1099</xmax>
			<ymax>324</ymax>
		</bndbox>
	</object>
</annotation>