<annotation>
	<folder>my-project-name</folder>
	<filename>fireBig1570.jpg</filename>
	<path>/my-project-name/fireBig1570.jpg</path>
	<source>
		<database>Unspecified</database>
	</source>
	<size>
		<width>1280</width>
		<height>720</height>
		<depth>3</depth>
	</size>
	<object>
		<name>fire</name>
		<pose>Unspecified</pose>
		<truncated>Unspecified</truncated>
		<difficult>Unspecified</difficult>
		<bndbox>
			<xmin>655</xmin>
			<ymin>254</ymin>
			<xmax>697</xmax>
			<ymax>275</ymax>
		</bndbox>
	</object>
	<object>
		<name>fire</name>
		<pose>Unspecified</pose>
		<truncated>Unspecified</truncated>
		<difficult>Unspecified</difficult>
		<bndbox>
			<xmin>725</xmin>
			<ymin>358</ymin>
			<xmax>774</xmax>
			<ymax>386</ymax>
		</bndbox>
	</object>
	<object>
		<name>fire</name>
		<pose>Unspecified</pose>
		<truncated>Unspecified</truncated>
		<difficult>Unspecified</difficult>
		<bndbox>
			<xmin>724</xmin>
			<ymin>340</ymin>
			<xmax>747</xmax>
			<ymax>355</ymax>
		</bndbox>
	</object>
</annotation>