<annotation>
	<folder>my-project-name</folder>
	<filename>fireBig783.jpg</filename>
	<path>/my-project-name/fireBig783.jpg</path>
	<source>
		<database>Unspecified</database>
	</source>
	<size>
		<width>1280</width>
		<height>720</height>
		<depth>3</depth>
	</size>
	<object>
		<name>fire</name>
		<pose>Unspecified</pose>
		<truncated>Unspecified</truncated>
		<difficult>Unspecified</difficult>
		<bndbox>
			<xmin>808</xmin>
			<ymin>356</ymin>
			<xmax>884</xmax>
			<ymax>424</ymax>
		</bndbox>
	</object>
	<object>
		<name>fire</name>
		<pose>Unspecified</pose>
		<truncated>Unspecified</truncated>
		<difficult>Unspecified</difficult>
		<bndbox>
			<xmin>581</xmin>
			<ymin>156</ymin>
			<xmax>749</xmax>
			<ymax>271</ymax>
		</bndbox>
	</object>
	<object>
		<name>fire</name>
		<pose>Unspecified</pose>
		<truncated>Unspecified</truncated>
		<difficult>Unspecified</difficult>
		<bndbox>
			<xmin>1065</xmin>
			<ymin>213</ymin>
			<xmax>1171</xmax>
			<ymax>345</ymax>
		</bndbox>
	</object>
	<object>
		<name>fire</name>
		<pose>Unspecified</pose>
		<truncated>Unspecified</truncated>
		<difficult>Unspecified</difficult>
		<bndbox>
			<xmin>1220</xmin>
			<ymin>309</ymin>
			<xmax>1272</xmax>
			<ymax>407</ymax>
		</bndbox>
	</object>
</annotation>