<annotation>
	<folder>my-project-name</folder>
	<filename>fireFactory24.jpg</filename>
	<path>/my-project-name/fireFactory24.jpg</path>
	<source>
		<database>Unspecified</database>
	</source>
	<size>
		<width>1280</width>
		<height>720</height>
		<depth>3</depth>
	</size>
	<object>
		<name>smoke</name>
		<pose>Unspecified</pose>
		<truncated>Unspecified</truncated>
		<difficult>Unspecified</difficult>
		<bndbox>
			<xmin>376</xmin>
			<ymin>0</ymin>
			<xmax>714</xmax>
			<ymax>385</ymax>
		</bndbox>
	</object>
	<object>
		<name>fire</name>
		<pose>Unspecified</pose>
		<truncated>Unspecified</truncated>
		<difficult>Unspecified</difficult>
		<bndbox>
			<xmin>748</xmin>
			<ymin>428</ymin>
			<xmax>789</xmax>
			<ymax>486</ymax>
		</bndbox>
	</object>
	<object>
		<name>fire</name>
		<pose>Unspecified</pose>
		<truncated>Unspecified</truncated>
		<difficult>Unspecified</difficult>
		<bndbox>
			<xmin>547</xmin>
			<ymin>362</ymin>
			<xmax>689</xmax>
			<ymax>451</ymax>
		</bndbox>
	</object>
	<object>
		<name>fire</name>
		<pose>Unspecified</pose>
		<truncated>Unspecified</truncated>
		<difficult>Unspecified</difficult>
		<bndbox>
			<xmin>493</xmin>
			<ymin>475</ymin>
			<xmax>547</xmax>
			<ymax>507</ymax>
		</bndbox>
	</object>
</annotation>