<annotation>
	<folder>my-project-name</folder>
	<filename>fireBnglas16.jpg</filename>
	<path>/my-project-name/fireBnglas16.jpg</path>
	<source>
		<database>Unspecified</database>
	</source>
	<size>
		<width>1280</width>
		<height>720</height>
		<depth>3</depth>
	</size>
	<object>
		<name>smoke</name>
		<pose>Unspecified</pose>
		<truncated>Unspecified</truncated>
		<difficult>Unspecified</difficult>
		<bndbox>
			<xmin>157</xmin>
			<ymin>0</ymin>
			<xmax>608</xmax>
			<ymax>247</ymax>
		</bndbox>
	</object>
	<object>
		<name>smoke</name>
		<pose>Unspecified</pose>
		<truncated>Unspecified</truncated>
		<difficult>Unspecified</difficult>
		<bndbox>
			<xmin>672</xmin>
			<ymin>77</ymin>
			<xmax>1019</xmax>
			<ymax>292</ymax>
		</bndbox>
	</object>
</annotation>