<annotation>
	<folder>my-project-name</folder>
	<filename>fireFactory29.jpg</filename>
	<path>/my-project-name/fireFactory29.jpg</path>
	<source>
		<database>Unspecified</database>
	</source>
	<size>
		<width>1280</width>
		<height>720</height>
		<depth>3</depth>
	</size>
	<object>
		<name>fire</name>
		<pose>Unspecified</pose>
		<truncated>Unspecified</truncated>
		<difficult>Unspecified</difficult>
		<bndbox>
			<xmin>617</xmin>
			<ymin>47</ymin>
			<xmax>1025</xmax>
			<ymax>352</ymax>
		</bndbox>
	</object>
</annotation>