<annotation>
	<folder>my-project-name</folder>
	<filename>fireBig1566.jpg</filename>
	<path>/my-project-name/fireBig1566.jpg</path>
	<source>
		<database>Unspecified</database>
	</source>
	<size>
		<width>1280</width>
		<height>720</height>
		<depth>3</depth>
	</size>
	<object>
		<name>smoke</name>
		<pose>Unspecified</pose>
		<truncated>Unspecified</truncated>
		<difficult>Unspecified</difficult>
		<bndbox>
			<xmin>455</xmin>
			<ymin>1</ymin>
			<xmax>904</xmax>
			<ymax>262</ymax>
		</bndbox>
	</object>
	<object>
		<name>fire</name>
		<pose>Unspecified</pose>
		<truncated>Unspecified</truncated>
		<difficult>Unspecified</difficult>
		<bndbox>
			<xmin>699</xmin>
			<ymin>313</ymin>
			<xmax>812</xmax>
			<ymax>385</ymax>
		</bndbox>
	</object>
</annotation>