<annotation>
	<folder>my-project-name</folder>
	<filename>fireBig1763.jpg</filename>
	<path>/my-project-name/fireBig1763.jpg</path>
	<source>
		<database>Unspecified</database>
	</source>
	<size>
		<width>1280</width>
		<height>720</height>
		<depth>3</depth>
	</size>
	<object>
		<name>smoke</name>
		<pose>Unspecified</pose>
		<truncated>Unspecified</truncated>
		<difficult>Unspecified</difficult>
		<bndbox>
			<xmin>500</xmin>
			<ymin>37</ymin>
			<xmax>1040</xmax>
			<ymax>386</ymax>
		</bndbox>
	</object>
</annotation>