<annotation>
	<folder>my-project-name</folder>
	<filename>fireTurkos22.jpg</filename>
	<path>/my-project-name/fireTurkos22.jpg</path>
	<source>
		<database>Unspecified</database>
	</source>
	<size>
		<width>1280</width>
		<height>720</height>
		<depth>3</depth>
	</size>
	<object>
		<name>smoke</name>
		<pose>Unspecified</pose>
		<truncated>Unspecified</truncated>
		<difficult>Unspecified</difficult>
		<bndbox>
			<xmin>712</xmin>
			<ymin>88</ymin>
			<xmax>936</xmax>
			<ymax>284</ymax>
		</bndbox>
	</object>
	<object>
		<name>smoke</name>
		<pose>Unspecified</pose>
		<truncated>Unspecified</truncated>
		<difficult>Unspecified</difficult>
		<bndbox>
			<xmin>449</xmin>
			<ymin>116</ymin>
			<xmax>614</xmax>
			<ymax>232</ymax>
		</bndbox>
	</object>
	<object>
		<name>smoke</name>
		<pose>Unspecified</pose>
		<truncated>Unspecified</truncated>
		<difficult>Unspecified</difficult>
		<bndbox>
			<xmin>413</xmin>
			<ymin>266</ymin>
			<xmax>466</xmax>
			<ymax>360</ymax>
		</bndbox>
	</object>
</annotation>