<annotation>
	<folder>my-project-name</folder>
	<filename>fireBig1923.jpg</filename>
	<path>/my-project-name/fireBig1923.jpg</path>
	<source>
		<database>Unspecified</database>
	</source>
	<size>
		<width>1280</width>
		<height>720</height>
		<depth>3</depth>
	</size>
	<object>
		<name>fire</name>
		<pose>Unspecified</pose>
		<truncated>Unspecified</truncated>
		<difficult>Unspecified</difficult>
		<bndbox>
			<xmin>733</xmin>
			<ymin>209</ymin>
			<xmax>825</xmax>
			<ymax>330</ymax>
		</bndbox>
	</object>
	<object>
		<name>fire</name>
		<pose>Unspecified</pose>
		<truncated>Unspecified</truncated>
		<difficult>Unspecified</difficult>
		<bndbox>
			<xmin>987</xmin>
			<ymin>211</ymin>
			<xmax>1055</xmax>
			<ymax>283</ymax>
		</bndbox>
	</object>
	<object>
		<name>smoke</name>
		<pose>Unspecified</pose>
		<truncated>Unspecified</truncated>
		<difficult>Unspecified</difficult>
		<bndbox>
			<xmin>793</xmin>
			<ymin>0</ymin>
			<xmax>1186</xmax>
			<ymax>194</ymax>
		</bndbox>
	</object>
</annotation>