<annotation>
	<folder>my-project-name</folder>
	<filename>fireFactory36.jpg</filename>
	<path>/my-project-name/fireFactory36.jpg</path>
	<source>
		<database>Unspecified</database>
	</source>
	<size>
		<width>1280</width>
		<height>720</height>
		<depth>3</depth>
	</size>
	<object>
		<name>fire</name>
		<pose>Unspecified</pose>
		<truncated>Unspecified</truncated>
		<difficult>Unspecified</difficult>
		<bndbox>
			<xmin>829</xmin>
			<ymin>602</ymin>
			<xmax>876</xmax>
			<ymax>679</ymax>
		</bndbox>
	</object>
	<object>
		<name>fire</name>
		<pose>Unspecified</pose>
		<truncated>Unspecified</truncated>
		<difficult>Unspecified</difficult>
		<bndbox>
			<xmin>1208</xmin>
			<ymin>413</ymin>
			<xmax>1280</xmax>
			<ymax>502</ymax>
		</bndbox>
	</object>
	<object>
		<name>fire</name>
		<pose>Unspecified</pose>
		<truncated>Unspecified</truncated>
		<difficult>Unspecified</difficult>
		<bndbox>
			<xmin>498</xmin>
			<ymin>615</ymin>
			<xmax>553</xmax>
			<ymax>705</ymax>
		</bndbox>
	</object>
	<object>
		<name>fire</name>
		<pose>Unspecified</pose>
		<truncated>Unspecified</truncated>
		<difficult>Unspecified</difficult>
		<bndbox>
			<xmin>9</xmin>
			<ymin>207</ymin>
			<xmax>196</xmax>
			<ymax>379</ymax>
		</bndbox>
	</object>
	<object>
		<name>smoke</name>
		<pose>Unspecified</pose>
		<truncated>Unspecified</truncated>
		<difficult>Unspecified</difficult>
		<bndbox>
			<xmin>179</xmin>
			<ymin>0</ymin>
			<xmax>474</xmax>
			<ymax>377</ymax>
		</bndbox>
	</object>
	<object>
		<name>smoke</name>
		<pose>Unspecified</pose>
		<truncated>Unspecified</truncated>
		<difficult>Unspecified</difficult>
		<bndbox>
			<xmin>591</xmin>
			<ymin>0</ymin>
			<xmax>1159</xmax>
			<ymax>543</ymax>
		</bndbox>
	</object>
	<object>
		<name>fire</name>
		<pose>Unspecified</pose>
		<truncated>Unspecified</truncated>
		<difficult>Unspecified</difficult>
		<bndbox>
			<xmin>500</xmin>
			<ymin>147</ymin>
			<xmax>568</xmax>
			<ymax>266</ymax>
		</bndbox>
	</object>
</annotation>