<annotation>
	<folder>my-project-name</folder>
	<filename>fireBig1646.jpg</filename>
	<path>/my-project-name/fireBig1646.jpg</path>
	<source>
		<database>Unspecified</database>
	</source>
	<size>
		<width>1280</width>
		<height>720</height>
		<depth>3</depth>
	</size>
	<object>
		<name>fire</name>
		<pose>Unspecified</pose>
		<truncated>Unspecified</truncated>
		<difficult>Unspecified</difficult>
		<bndbox>
			<xmin>880</xmin>
			<ymin>105</ymin>
			<xmax>1048</xmax>
			<ymax>247</ymax>
		</bndbox>
	</object>
	<object>
		<name>fire</name>
		<pose>Unspecified</pose>
		<truncated>Unspecified</truncated>
		<difficult>Unspecified</difficult>
		<bndbox>
			<xmin>1237</xmin>
			<ymin>284</ymin>
			<xmax>1280</xmax>
			<ymax>337</ymax>
		</bndbox>
	</object>
	<object>
		<name>fire</name>
		<pose>Unspecified</pose>
		<truncated>Unspecified</truncated>
		<difficult>Unspecified</difficult>
		<bndbox>
			<xmin>1120</xmin>
			<ymin>402</ymin>
			<xmax>1176</xmax>
			<ymax>492</ymax>
		</bndbox>
	</object>
	<object>
		<name>fire</name>
		<pose>Unspecified</pose>
		<truncated>Unspecified</truncated>
		<difficult>Unspecified</difficult>
		<bndbox>
			<xmin>989</xmin>
			<ymin>445</ymin>
			<xmax>1103</xmax>
			<ymax>490</ymax>
		</bndbox>
	</object>
	<object>
		<name>fire</name>
		<pose>Unspecified</pose>
		<truncated>Unspecified</truncated>
		<difficult>Unspecified</difficult>
		<bndbox>
			<xmin>840</xmin>
			<ymin>347</ymin>
			<xmax>876</xmax>
			<ymax>371</ymax>
		</bndbox>
	</object>
	<object>
		<name>smoke</name>
		<pose>Unspecified</pose>
		<truncated>Unspecified</truncated>
		<difficult>Unspecified</difficult>
		<bndbox>
			<xmin>685</xmin>
			<ymin>15</ymin>
			<xmax>1254</xmax>
			<ymax>264</ymax>
		</bndbox>
	</object>
</annotation>