<annotation>
	<folder>my-project-name</folder>
	<filename>fireBig1764.jpg</filename>
	<path>/my-project-name/fireBig1764.jpg</path>
	<source>
		<database>Unspecified</database>
	</source>
	<size>
		<width>1280</width>
		<height>720</height>
		<depth>3</depth>
	</size>
	<object>
		<name>fire</name>
		<pose>Unspecified</pose>
		<truncated>Unspecified</truncated>
		<difficult>Unspecified</difficult>
		<bndbox>
			<xmin>882</xmin>
			<ymin>400</ymin>
			<xmax>942</xmax>
			<ymax>436</ymax>
		</bndbox>
	</object>
	<object>
		<name>smoke</name>
		<pose>Unspecified</pose>
		<truncated>Unspecified</truncated>
		<difficult>Unspecified</difficult>
		<bndbox>
			<xmin>423</xmin>
			<ymin>0</ymin>
			<xmax>1019</xmax>
			<ymax>347</ymax>
		</bndbox>
	</object>
</annotation>