<annotation>
	<folder>my-project-name</folder>
	<filename>fireBig282.jpg</filename>
	<path>/my-project-name/fireBig282.jpg</path>
	<source>
		<database>Unspecified</database>
	</source>
	<size>
		<width>1280</width>
		<height>720</height>
		<depth>3</depth>
	</size>
	<object>
		<name>smoke</name>
		<pose>Unspecified</pose>
		<truncated>Unspecified</truncated>
		<difficult>Unspecified</difficult>
		<bndbox>
			<xmin>615</xmin>
			<ymin>111</ymin>
			<xmax>1074</xmax>
			<ymax>381</ymax>
		</bndbox>
	</object>
	<object>
		<name>fire</name>
		<pose>Unspecified</pose>
		<truncated>Unspecified</truncated>
		<difficult>Unspecified</difficult>
		<bndbox>
			<xmin>319</xmin>
			<ymin>60</ymin>
			<xmax>642</xmax>
			<ymax>473</ymax>
		</bndbox>
	</object>
</annotation>