<annotation>
	<folder>my-project-name</folder>
	<filename>fireBnglas47.jpg</filename>
	<path>/my-project-name/fireBnglas47.jpg</path>
	<source>
		<database>Unspecified</database>
	</source>
	<size>
		<width>1280</width>
		<height>720</height>
		<depth>3</depth>
	</size>
	<object>
		<name>smoke</name>
		<pose>Unspecified</pose>
		<truncated>Unspecified</truncated>
		<difficult>Unspecified</difficult>
		<bndbox>
			<xmin>245</xmin>
			<ymin>118</ymin>
			<xmax>436</xmax>
			<ymax>222</ymax>
		</bndbox>
	</object>
	<object>
		<name>fire</name>
		<pose>Unspecified</pose>
		<truncated>Unspecified</truncated>
		<difficult>Unspecified</difficult>
		<bndbox>
			<xmin>425</xmin>
			<ymin>234</ymin>
			<xmax>519</xmax>
			<ymax>283</ymax>
		</bndbox>
	</object>
</annotation>