<annotation>
	<folder>my-project-name</folder>
	<filename>fire.602.png</filename>
	<path>/my-project-name/fire.602.png</path>
	<source>
		<database>Unspecified</database>
	</source>
	<size>
		<width>968</width>
		<height>681</height>
		<depth>3</depth>
	</size>
	<object>
		<name>fire</name>
		<pose>Unspecified</pose>
		<truncated>Unspecified</truncated>
		<difficult>Unspecified</difficult>
		<bndbox>
			<xmin>417</xmin>
			<ymin>70</ymin>
			<xmax>677</xmax>
			<ymax>327</ymax>
		</bndbox>
	</object>
	<object>
		<name>fire</name>
		<pose>Unspecified</pose>
		<truncated>Unspecified</truncated>
		<difficult>Unspecified</difficult>
		<bndbox>
			<xmin>0</xmin>
			<ymin>414</ymin>
			<xmax>291</xmax>
			<ymax>607</ymax>
		</bndbox>
	</object>
	<object>
		<name>fire</name>
		<pose>Unspecified</pose>
		<truncated>Unspecified</truncated>
		<difficult>Unspecified</difficult>
		<bndbox>
			<xmin>359</xmin>
			<ymin>600</ymin>
			<xmax>468</xmax>
			<ymax>681</ymax>
		</bndbox>
	</object>
	<object>
		<name>fire</name>
		<pose>Unspecified</pose>
		<truncated>Unspecified</truncated>
		<difficult>Unspecified</difficult>
		<bndbox>
			<xmin>293</xmin>
			<ymin>561</ymin>
			<xmax>341</xmax>
			<ymax>591</ymax>
		</bndbox>
	</object>
	<object>
		<name>fire</name>
		<pose>Unspecified</pose>
		<truncated>Unspecified</truncated>
		<difficult>Unspecified</difficult>
		<bndbox>
			<xmin>449</xmin>
			<ymin>387</ymin>
			<xmax>710</xmax>
			<ymax>469</ymax>
		</bndbox>
	</object>
	<object>
		<name>fire</name>
		<pose>Unspecified</pose>
		<truncated>Unspecified</truncated>
		<difficult>Unspecified</difficult>
		<bndbox>
			<xmin>726</xmin>
			<ymin>88</ymin>
			<xmax>768</xmax>
			<ymax>152</ymax>
		</bndbox>
	</object>
	<object>
		<name>fire</name>
		<pose>Unspecified</pose>
		<truncated>Unspecified</truncated>
		<difficult>Unspecified</difficult>
		<bndbox>
			<xmin>852</xmin>
			<ymin>0</ymin>
			<xmax>919</xmax>
			<ymax>26</ymax>
		</bndbox>
	</object>
</annotation>