<annotation>
	<folder>my-project-name</folder>
	<filename>fireBig1698.jpg</filename>
	<path>/my-project-name/fireBig1698.jpg</path>
	<source>
		<database>Unspecified</database>
	</source>
	<size>
		<width>1280</width>
		<height>720</height>
		<depth>3</depth>
	</size>
	<object>
		<name>smoke</name>
		<pose>Unspecified</pose>
		<truncated>Unspecified</truncated>
		<difficult>Unspecified</difficult>
		<bndbox>
			<xmin>566</xmin>
			<ymin>0</ymin>
			<xmax>802</xmax>
			<ymax>364</ymax>
		</bndbox>
	</object>
	<object>
		<name>smoke</name>
		<pose>Unspecified</pose>
		<truncated>Unspecified</truncated>
		<difficult>Unspecified</difficult>
		<bndbox>
			<xmin>889</xmin>
			<ymin>0</ymin>
			<xmax>972</xmax>
			<ymax>81</ymax>
		</bndbox>
	</object>
	<object>
		<name>smoke</name>
		<pose>Unspecified</pose>
		<truncated>Unspecified</truncated>
		<difficult>Unspecified</difficult>
		<bndbox>
			<xmin>1080</xmin>
			<ymin>0</ymin>
			<xmax>1180</xmax>
			<ymax>62</ymax>
		</bndbox>
	</object>
</annotation>