<annotation>
	<folder>my-project-name</folder>
	<filename>fireBig1703.jpg</filename>
	<path>/my-project-name/fireBig1703.jpg</path>
	<source>
		<database>Unspecified</database>
	</source>
	<size>
		<width>1280</width>
		<height>720</height>
		<depth>3</depth>
	</size>
	<object>
		<name>smoke</name>
		<pose>Unspecified</pose>
		<truncated>Unspecified</truncated>
		<difficult>Unspecified</difficult>
		<bndbox>
			<xmin>572</xmin>
			<ymin>167</ymin>
			<xmax>702</xmax>
			<ymax>392</ymax>
		</bndbox>
	</object>
	<object>
		<name>smoke</name>
		<pose>Unspecified</pose>
		<truncated>Unspecified</truncated>
		<difficult>Unspecified</difficult>
		<bndbox>
			<xmin>661</xmin>
			<ymin>0</ymin>
			<xmax>1280</xmax>
			<ymax>120</ymax>
		</bndbox>
	</object>
	<object>
		<name>smoke</name>
		<pose>Unspecified</pose>
		<truncated>Unspecified</truncated>
		<difficult>Unspecified</difficult>
		<bndbox>
			<xmin>480</xmin>
			<ymin>330</ymin>
			<xmax>536</xmax>
			<ymax>398</ymax>
		</bndbox>
	</object>
</annotation>