<annotation>
	<folder>my-project-name</folder>
	<filename>fireTurkos21.jpg</filename>
	<path>/my-project-name/fireTurkos21.jpg</path>
	<source>
		<database>Unspecified</database>
	</source>
	<size>
		<width>1280</width>
		<height>720</height>
		<depth>3</depth>
	</size>
	<object>
		<name>smoke</name>
		<pose>Unspecified</pose>
		<truncated>Unspecified</truncated>
		<difficult>Unspecified</difficult>
		<bndbox>
			<xmin>729</xmin>
			<ymin>98</ymin>
			<xmax>940</xmax>
			<ymax>232</ymax>
		</bndbox>
	</object>
</annotation>