<annotation>
	<folder>my-project-name</folder>
	<filename>fireBig815.jpg</filename>
	<path>/my-project-name/fireBig815.jpg</path>
	<source>
		<database>Unspecified</database>
	</source>
	<size>
		<width>1280</width>
		<height>720</height>
		<depth>3</depth>
	</size>
	<object>
		<name>fire</name>
		<pose>Unspecified</pose>
		<truncated>Unspecified</truncated>
		<difficult>Unspecified</difficult>
		<bndbox>
			<xmin>904</xmin>
			<ymin>126</ymin>
			<xmax>965</xmax>
			<ymax>192</ymax>
		</bndbox>
	</object>
	<object>
		<name>fire</name>
		<pose>Unspecified</pose>
		<truncated>Unspecified</truncated>
		<difficult>Unspecified</difficult>
		<bndbox>
			<xmin>738</xmin>
			<ymin>88</ymin>
			<xmax>834</xmax>
			<ymax>194</ymax>
		</bndbox>
	</object>
	<object>
		<name>fire</name>
		<pose>Unspecified</pose>
		<truncated>Unspecified</truncated>
		<difficult>Unspecified</difficult>
		<bndbox>
			<xmin>1016</xmin>
			<ymin>196</ymin>
			<xmax>1063</xmax>
			<ymax>228</ymax>
		</bndbox>
	</object>
	<object>
		<name>fire</name>
		<pose>Unspecified</pose>
		<truncated>Unspecified</truncated>
		<difficult>Unspecified</difficult>
		<bndbox>
			<xmin>1169</xmin>
			<ymin>241</ymin>
			<xmax>1216</xmax>
			<ymax>266</ymax>
		</bndbox>
	</object>
	<object>
		<name>fire</name>
		<pose>Unspecified</pose>
		<truncated>Unspecified</truncated>
		<difficult>Unspecified</difficult>
		<bndbox>
			<xmin>1214</xmin>
			<ymin>305</ymin>
			<xmax>1280</xmax>
			<ymax>385</ymax>
		</bndbox>
	</object>
	<object>
		<name>fire</name>
		<pose>Unspecified</pose>
		<truncated>Unspecified</truncated>
		<difficult>Unspecified</difficult>
		<bndbox>
			<xmin>853</xmin>
			<ymin>158</ymin>
			<xmax>902</xmax>
			<ymax>209</ymax>
		</bndbox>
	</object>
</annotation>