<annotation>
	<folder>my-project-name</folder>
	<filename>fireFactory3.jpg</filename>
	<path>/my-project-name/fireFactory3.jpg</path>
	<source>
		<database>Unspecified</database>
	</source>
	<size>
		<width>1280</width>
		<height>720</height>
		<depth>3</depth>
	</size>
	<object>
		<name>fire</name>
		<pose>Unspecified</pose>
		<truncated>Unspecified</truncated>
		<difficult>Unspecified</difficult>
		<bndbox>
			<xmin>478</xmin>
			<ymin>277</ymin>
			<xmax>655</xmax>
			<ymax>436</ymax>
		</bndbox>
	</object>
	<object>
		<name>smoke</name>
		<pose>Unspecified</pose>
		<truncated>Unspecified</truncated>
		<difficult>Unspecified</difficult>
		<bndbox>
			<xmin>621</xmin>
			<ymin>149</ymin>
			<xmax>734</xmax>
			<ymax>386</ymax>
		</bndbox>
	</object>
	<object>
		<name>smoke</name>
		<pose>Unspecified</pose>
		<truncated>Unspecified</truncated>
		<difficult>Unspecified</difficult>
		<bndbox>
			<xmin>30</xmin>
			<ymin>132</ymin>
			<xmax>506</xmax>
			<ymax>604</ymax>
		</bndbox>
	</object>
</annotation>