<annotation>
	<folder>my-project-name</folder>
	<filename>fireBig812.jpg</filename>
	<path>/my-project-name/fireBig812.jpg</path>
	<source>
		<database>Unspecified</database>
	</source>
	<size>
		<width>1280</width>
		<height>720</height>
		<depth>3</depth>
	</size>
	<object>
		<name>fire</name>
		<pose>Unspecified</pose>
		<truncated>Unspecified</truncated>
		<difficult>Unspecified</difficult>
		<bndbox>
			<xmin>434</xmin>
			<ymin>288</ymin>
			<xmax>800</xmax>
			<ymax>454</ymax>
		</bndbox>
	</object>
	<object>
		<name>fire</name>
		<pose>Unspecified</pose>
		<truncated>Unspecified</truncated>
		<difficult>Unspecified</difficult>
		<bndbox>
			<xmin>125</xmin>
			<ymin>277</ymin>
			<xmax>289</xmax>
			<ymax>364</ymax>
		</bndbox>
	</object>
</annotation>