<annotation>
	<folder>my-project-name</folder>
	<filename>fire.380.png</filename>
	<path>/my-project-name/fire.380.png</path>
	<source>
		<database>Unspecified</database>
	</source>
	<size>
		<width>1240</width>
		<height>930</height>
		<depth>3</depth>
	</size>
	<object>
		<name>fire</name>
		<pose>Unspecified</pose>
		<truncated>Unspecified</truncated>
		<difficult>Unspecified</difficult>
		<bndbox>
			<xmin>13</xmin>
			<ymin>754</ymin>
			<xmax>290</xmax>
			<ymax>924</ymax>
		</bndbox>
	</object>
	<object>
		<name>fire</name>
		<pose>Unspecified</pose>
		<truncated>Unspecified</truncated>
		<difficult>Unspecified</difficult>
		<bndbox>
			<xmin>1067</xmin>
			<ymin>698</ymin>
			<xmax>1180</xmax>
			<ymax>847</ymax>
		</bndbox>
	</object>
	<object>
		<name>fire</name>
		<pose>Unspecified</pose>
		<truncated>Unspecified</truncated>
		<difficult>Unspecified</difficult>
		<bndbox>
			<xmin>656</xmin>
			<ymin>708</ymin>
			<xmax>792</xmax>
			<ymax>782</ymax>
		</bndbox>
	</object>
	<object>
		<name>fire</name>
		<pose>Unspecified</pose>
		<truncated>Unspecified</truncated>
		<difficult>Unspecified</difficult>
		<bndbox>
			<xmin>466</xmin>
			<ymin>833</ymin>
			<xmax>636</xmax>
			<ymax>930</ymax>
		</bndbox>
	</object>
</annotation>