<annotation>
	<folder>my-project-name</folder>
	<filename>fireBig1762.jpg</filename>
	<path>/my-project-name/fireBig1762.jpg</path>
	<source>
		<database>Unspecified</database>
	</source>
	<size>
		<width>1280</width>
		<height>720</height>
		<depth>3</depth>
	</size>
	<object>
		<name>smoke</name>
		<pose>Unspecified</pose>
		<truncated>Unspecified</truncated>
		<difficult>Unspecified</difficult>
		<bndbox>
			<xmin>540</xmin>
			<ymin>149</ymin>
			<xmax>1014</xmax>
			<ymax>383</ymax>
		</bndbox>
	</object>
	<object>
		<name>fire</name>
		<pose>Unspecified</pose>
		<truncated>Unspecified</truncated>
		<difficult>Unspecified</difficult>
		<bndbox>
			<xmin>1029</xmin>
			<ymin>9</ymin>
			<xmax>1252</xmax>
			<ymax>135</ymax>
		</bndbox>
	</object>
	<object>
		<name>fire</name>
		<pose>Unspecified</pose>
		<truncated>Unspecified</truncated>
		<difficult>Unspecified</difficult>
		<bndbox>
			<xmin>547</xmin>
			<ymin>377</ymin>
			<xmax>617</xmax>
			<ymax>439</ymax>
		</bndbox>
	</object>
	<object>
		<name>fire</name>
		<pose>Unspecified</pose>
		<truncated>Unspecified</truncated>
		<difficult>Unspecified</difficult>
		<bndbox>
			<xmin>598</xmin>
			<ymin>485</ymin>
			<xmax>659</xmax>
			<ymax>537</ymax>
		</bndbox>
	</object>
	<object>
		<name>fire</name>
		<pose>Unspecified</pose>
		<truncated>Unspecified</truncated>
		<difficult>Unspecified</difficult>
		<bndbox>
			<xmin>693</xmin>
			<ymin>496</ymin>
			<xmax>746</xmax>
			<ymax>551</ymax>
		</bndbox>
	</object>
	<object>
		<name>fire</name>
		<pose>Unspecified</pose>
		<truncated>Unspecified</truncated>
		<difficult>Unspecified</difficult>
		<bndbox>
			<xmin>234</xmin>
			<ymin>260</ymin>
			<xmax>330</xmax>
			<ymax>307</ymax>
		</bndbox>
	</object>
</annotation>