<annotation>
	<folder>my-project-name</folder>
	<filename>fire.387.png</filename>
	<path>/my-project-name/fire.387.png</path>
	<source>
		<database>Unspecified</database>
	</source>
	<size>
		<width>750</width>
		<height>375</height>
		<depth>3</depth>
	</size>
	<object>
		<name>smoke</name>
		<pose>Unspecified</pose>
		<truncated>Unspecified</truncated>
		<difficult>Unspecified</difficult>
		<bndbox>
			<xmin>320</xmin>
			<ymin>0</ymin>
			<xmax>600</xmax>
			<ymax>266</ymax>
		</bndbox>
	</object>
</annotation>