<annotation>
	<folder>my-project-name</folder>
	<filename>fireTurko2.jpg</filename>
	<path>/my-project-name/fireTurko2.jpg</path>
	<source>
		<database>Unspecified</database>
	</source>
	<size>
		<width>1280</width>
		<height>720</height>
		<depth>3</depth>
	</size>
	<object>
		<name>smoke</name>
		<pose>Unspecified</pose>
		<truncated>Unspecified</truncated>
		<difficult>Unspecified</difficult>
		<bndbox>
			<xmin>604</xmin>
			<ymin>145</ymin>
			<xmax>1255</xmax>
			<ymax>426</ymax>
		</bndbox>
	</object>
	<object>
		<name>smoke</name>
		<pose>Unspecified</pose>
		<truncated>Unspecified</truncated>
		<difficult>Unspecified</difficult>
		<bndbox>
			<xmin>512</xmin>
			<ymin>0</ymin>
			<xmax>902</xmax>
			<ymax>111</ymax>
		</bndbox>
	</object>
	<object>
		<name>smoke</name>
		<pose>Unspecified</pose>
		<truncated>Unspecified</truncated>
		<difficult>Unspecified</difficult>
		<bndbox>
			<xmin>410</xmin>
			<ymin>141</ymin>
			<xmax>595</xmax>
			<ymax>335</ymax>
		</bndbox>
	</object>
</annotation>