<annotation>
	<folder>my-project-name</folder>
	<filename>fireBig1689.jpg</filename>
	<path>/my-project-name/fireBig1689.jpg</path>
	<source>
		<database>Unspecified</database>
	</source>
	<size>
		<width>1280</width>
		<height>720</height>
		<depth>3</depth>
	</size>
	<object>
		<name>smoke</name>
		<pose>Unspecified</pose>
		<truncated>Unspecified</truncated>
		<difficult>Unspecified</difficult>
		<bndbox>
			<xmin>429</xmin>
			<ymin>11</ymin>
			<xmax>632</xmax>
			<ymax>324</ymax>
		</bndbox>
	</object>
	<object>
		<name>smoke</name>
		<pose>Unspecified</pose>
		<truncated>Unspecified</truncated>
		<difficult>Unspecified</difficult>
		<bndbox>
			<xmin>785</xmin>
			<ymin>0</ymin>
			<xmax>897</xmax>
			<ymax>90</ymax>
		</bndbox>
	</object>
	<object>
		<name>smoke</name>
		<pose>Unspecified</pose>
		<truncated>Unspecified</truncated>
		<difficult>Unspecified</difficult>
		<bndbox>
			<xmin>984</xmin>
			<ymin>0</ymin>
			<xmax>1280</xmax>
			<ymax>107</ymax>
		</bndbox>
	</object>
</annotation>