<annotation>
	<folder>my-project-name</folder>
	<filename>fireTurko16.jpg</filename>
	<path>/my-project-name/fireTurko16.jpg</path>
	<source>
		<database>Unspecified</database>
	</source>
	<size>
		<width>1280</width>
		<height>720</height>
		<depth>3</depth>
	</size>
	<object>
		<name>smoke</name>
		<pose>Unspecified</pose>
		<truncated>Unspecified</truncated>
		<difficult>Unspecified</difficult>
		<bndbox>
			<xmin>421</xmin>
			<ymin>7</ymin>
			<xmax>1076</xmax>
			<ymax>720</ymax>
		</bndbox>
	</object>
	<object>
		<name>smoke</name>
		<pose>Unspecified</pose>
		<truncated>Unspecified</truncated>
		<difficult>Unspecified</difficult>
		<bndbox>
			<xmin>21</xmin>
			<ymin>385</ymin>
			<xmax>413</xmax>
			<ymax>720</ymax>
		</bndbox>
	</object>
</annotation>