<annotation>
	<folder>my-project-name</folder>
	<filename>fireTurkos8.jpg</filename>
	<path>/my-project-name/fireTurkos8.jpg</path>
	<source>
		<database>Unspecified</database>
	</source>
	<size>
		<width>1280</width>
		<height>720</height>
		<depth>3</depth>
	</size>
	<object>
		<name>smoke</name>
		<pose>Unspecified</pose>
		<truncated>Unspecified</truncated>
		<difficult>Unspecified</difficult>
		<bndbox>
			<xmin>585</xmin>
			<ymin>69</ymin>
			<xmax>965</xmax>
			<ymax>456</ymax>
		</bndbox>
	</object>
	<object>
		<name>smoke</name>
		<pose>Unspecified</pose>
		<truncated>Unspecified</truncated>
		<difficult>Unspecified</difficult>
		<bndbox>
			<xmin>313</xmin>
			<ymin>1</ymin>
			<xmax>514</xmax>
			<ymax>252</ymax>
		</bndbox>
	</object>
</annotation>