<annotation>
	<folder>my-project-name</folder>
	<filename>fireBig839.jpg</filename>
	<path>/my-project-name/fireBig839.jpg</path>
	<source>
		<database>Unspecified</database>
	</source>
	<size>
		<width>1280</width>
		<height>720</height>
		<depth>3</depth>
	</size>
	<object>
		<name>fire</name>
		<pose>Unspecified</pose>
		<truncated>Unspecified</truncated>
		<difficult>Unspecified</difficult>
		<bndbox>
			<xmin>366</xmin>
			<ymin>300</ymin>
			<xmax>878</xmax>
			<ymax>492</ymax>
		</bndbox>
	</object>
	<object>
		<name>fire</name>
		<pose>Unspecified</pose>
		<truncated>Unspecified</truncated>
		<difficult>Unspecified</difficult>
		<bndbox>
			<xmin>236</xmin>
			<ymin>381</ymin>
			<xmax>342</xmax>
			<ymax>522</ymax>
		</bndbox>
	</object>
</annotation>