<annotation>
	<folder>my-project-name</folder>
	<filename>fireFactory33.jpg</filename>
	<path>/my-project-name/fireFactory33.jpg</path>
	<source>
		<database>Unspecified</database>
	</source>
	<size>
		<width>1280</width>
		<height>720</height>
		<depth>3</depth>
	</size>
	<object>
		<name>fire</name>
		<pose>Unspecified</pose>
		<truncated>Unspecified</truncated>
		<difficult>Unspecified</difficult>
		<bndbox>
			<xmin>731</xmin>
			<ymin>0</ymin>
			<xmax>1221</xmax>
			<ymax>371</ymax>
		</bndbox>
	</object>
	<object>
		<name>fire</name>
		<pose>Unspecified</pose>
		<truncated>Unspecified</truncated>
		<difficult>Unspecified</difficult>
		<bndbox>
			<xmin>570</xmin>
			<ymin>120</ymin>
			<xmax>666</xmax>
			<ymax>286</ymax>
		</bndbox>
	</object>
</annotation>