<annotation>
	<folder>my-project-name</folder>
	<filename>045_rgb.png</filename>
	<path>/my-project-name/045_rgb.png</path>
	<source>
		<database>Unspecified</database>
	</source>
	<size>
		<width>256</width>
		<height>256</height>
		<depth>3</depth>
	</size>
	<object>
		<name>fire</name>
		<pose>Unspecified</pose>
		<truncated>Unspecified</truncated>
		<difficult>Unspecified</difficult>
		<bndbox>
			<xmin>3</xmin>
			<ymin>78</ymin>
			<xmax>255</xmax>
			<ymax>180</ymax>
		</bndbox>
	</object>
	<object>
		<name>smoke</name>
		<pose>Unspecified</pose>
		<truncated>Unspecified</truncated>
		<difficult>Unspecified</difficult>
		<bndbox>
			<xmin>44</xmin>
			<ymin>19</ymin>
			<xmax>70</xmax>
			<ymax>72</ymax>
		</bndbox>
	</object>
</annotation>