<annotation>
	<folder>my-project-name</folder>
	<filename>049_rgb.png</filename>
	<path>/my-project-name/049_rgb.png</path>
	<source>
		<database>Unspecified</database>
	</source>
	<size>
		<width>256</width>
		<height>256</height>
		<depth>3</depth>
	</size>
	<object>
		<name>fire</name>
		<pose>Unspecified</pose>
		<truncated>Unspecified</truncated>
		<difficult>Unspecified</difficult>
		<bndbox>
			<xmin>15</xmin>
			<ymin>161</ymin>
			<xmax>47</xmax>
			<ymax>198</ymax>
		</bndbox>
	</object>
	<object>
		<name>fire</name>
		<pose>Unspecified</pose>
		<truncated>Unspecified</truncated>
		<difficult>Unspecified</difficult>
		<bndbox>
			<xmin>54</xmin>
			<ymin>149</ymin>
			<xmax>73</xmax>
			<ymax>171</ymax>
		</bndbox>
	</object>
	<object>
		<name>fire</name>
		<pose>Unspecified</pose>
		<truncated>Unspecified</truncated>
		<difficult>Unspecified</difficult>
		<bndbox>
			<xmin>82</xmin>
			<ymin>92</ymin>
			<xmax>188</xmax>
			<ymax>169</ymax>
		</bndbox>
	</object>
</annotation>