<annotation>
	<folder>my-project-name</folder>
	<filename>050_rgb.png</filename>
	<path>/my-project-name/050_rgb.png</path>
	<source>
		<database>Unspecified</database>
	</source>
	<size>
		<width>256</width>
		<height>256</height>
		<depth>3</depth>
	</size>
	<object>
		<name>fire</name>
		<pose>Unspecified</pose>
		<truncated>Unspecified</truncated>
		<difficult>Unspecified</difficult>
		<bndbox>
			<xmin>114</xmin>
			<ymin>69</ymin>
			<xmax>151</xmax>
			<ymax>148</ymax>
		</bndbox>
	</object>
	<object>
		<name>fire</name>
		<pose>Unspecified</pose>
		<truncated>Unspecified</truncated>
		<difficult>Unspecified</difficult>
		<bndbox>
			<xmin>152</xmin>
			<ymin>47</ymin>
			<xmax>208</xmax>
			<ymax>149</ymax>
		</bndbox>
	</object>
</annotation>