<annotation>
	<folder>my-project-name</folder>
	<filename>051_rgb.png</filename>
	<path>/my-project-name/051_rgb.png</path>
	<source>
		<database>Unspecified</database>
	</source>
	<size>
		<width>256</width>
		<height>256</height>
		<depth>3</depth>
	</size>
	<object>
		<name>fire</name>
		<pose>Unspecified</pose>
		<truncated>Unspecified</truncated>
		<difficult>Unspecified</difficult>
		<bndbox>
			<xmin>148</xmin>
			<ymin>87</ymin>
			<xmax>228</xmax>
			<ymax>144</ymax>
		</bndbox>
	</object>
	<object>
		<name>smoke</name>
		<pose>Unspecified</pose>
		<truncated>Unspecified</truncated>
		<difficult>Unspecified</difficult>
		<bndbox>
			<xmin>130</xmin>
			<ymin>34</ymin>
			<xmax>187</xmax>
			<ymax>73</ymax>
		</bndbox>
	</object>
</annotation>