<annotation>
	<folder>my-project-name</folder>
	<filename>052_rgb.png</filename>
	<path>/my-project-name/052_rgb.png</path>
	<source>
		<database>Unspecified</database>
	</source>
	<size>
		<width>256</width>
		<height>256</height>
		<depth>3</depth>
	</size>
	<object>
		<name>smoke</name>
		<pose>Unspecified</pose>
		<truncated>Unspecified</truncated>
		<difficult>Unspecified</difficult>
		<bndbox>
			<xmin>93</xmin>
			<ymin>11</ymin>
			<xmax>154</xmax>
			<ymax>41</ymax>
		</bndbox>
	</object>
	<object>
		<name>fire</name>
		<pose>Unspecified</pose>
		<truncated>Unspecified</truncated>
		<difficult>Unspecified</difficult>
		<bndbox>
			<xmin>141</xmin>
			<ymin>63</ymin>
			<xmax>236</xmax>
			<ymax>135</ymax>
		</bndbox>
	</object>
</annotation>