<annotation>
	<folder>my-project-name</folder>
	<filename>194_rgb.png</filename>
	<path>/my-project-name/194_rgb.png</path>
	<source>
		<database>Unspecified</database>
	</source>
	<size>
		<width>256</width>
		<height>256</height>
		<depth>3</depth>
	</size>
	<object>
		<name>fire</name>
		<pose>Unspecified</pose>
		<truncated>Unspecified</truncated>
		<difficult>Unspecified</difficult>
		<bndbox>
			<xmin>192</xmin>
			<ymin>108</ymin>
			<xmax>256</xmax>
			<ymax>194</ymax>
		</bndbox>
	</object>
	<object>
		<name>fire</name>
		<pose>Unspecified</pose>
		<truncated>Unspecified</truncated>
		<difficult>Unspecified</difficult>
		<bndbox>
			<xmin>25</xmin>
			<ymin>55</ymin>
			<xmax>188</xmax>
			<ymax>193</ymax>
		</bndbox>
	</object>
</annotation>