<annotation>
	<folder>my-project-name</folder>
	<filename>338_rgb.png</filename>
	<path>/my-project-name/338_rgb.png</path>
	<source>
		<database>Unspecified</database>
	</source>
	<size>
		<width>256</width>
		<height>256</height>
		<depth>3</depth>
	</size>
	<object>
		<name>fire</name>
		<pose>Unspecified</pose>
		<truncated>Unspecified</truncated>
		<difficult>Unspecified</difficult>
		<bndbox>
			<xmin>0</xmin>
			<ymin>39</ymin>
			<xmax>95</xmax>
			<ymax>154</ymax>
		</bndbox>
	</object>
	<object>
		<name>smoke</name>
		<pose>Unspecified</pose>
		<truncated>Unspecified</truncated>
		<difficult>Unspecified</difficult>
		<bndbox>
			<xmin>28</xmin>
			<ymin>10</ymin>
			<xmax>133</xmax>
			<ymax>32</ymax>
		</bndbox>
	</object>
</annotation>