<annotation>
	<folder>my-project-name</folder>
	<filename>348_rgb.png</filename>
	<path>/my-project-name/348_rgb.png</path>
	<source>
		<database>Unspecified</database>
	</source>
	<size>
		<width>256</width>
		<height>256</height>
		<depth>3</depth>
	</size>
	<object>
		<name>fire</name>
		<pose>Unspecified</pose>
		<truncated>Unspecified</truncated>
		<difficult>Unspecified</difficult>
		<bndbox>
			<xmin>6</xmin>
			<ymin>87</ymin>
			<xmax>256</xmax>
			<ymax>251</ymax>
		</bndbox>
	</object>
	<object>
		<name>smoke</name>
		<pose>Unspecified</pose>
		<truncated>Unspecified</truncated>
		<difficult>Unspecified</difficult>
		<bndbox>
			<xmin>207</xmin>
			<ymin>16</ymin>
			<xmax>256</xmax>
			<ymax>60</ymax>
		</bndbox>
	</object>
</annotation>