<annotation>
	<folder>my-project-name</folder>
	<filename>354_rgb.png</filename>
	<path>/my-project-name/354_rgb.png</path>
	<source>
		<database>Unspecified</database>
	</source>
	<size>
		<width>256</width>
		<height>256</height>
		<depth>3</depth>
	</size>
	<object>
		<name>fire</name>
		<pose>Unspecified</pose>
		<truncated>Unspecified</truncated>
		<difficult>Unspecified</difficult>
		<bndbox>
			<xmin>3</xmin>
			<ymin>59</ymin>
			<xmax>237</xmax>
			<ymax>188</ymax>
		</bndbox>
	</object>
	<object>
		<name>smoke</name>
		<pose>Unspecified</pose>
		<truncated>Unspecified</truncated>
		<difficult>Unspecified</difficult>
		<bndbox>
			<xmin>122</xmin>
			<ymin>15</ymin>
			<xmax>178</xmax>
			<ymax>53</ymax>
		</bndbox>
	</object>
</annotation>