<annotation>
	<folder>my-project-name</folder>
	<filename>363_rgb.png</filename>
	<path>/my-project-name/363_rgb.png</path>
	<source>
		<database>Unspecified</database>
	</source>
	<size>
		<width>256</width>
		<height>256</height>
		<depth>3</depth>
	</size>
	<object>
		<name>fire</name>
		<pose>Unspecified</pose>
		<truncated>Unspecified</truncated>
		<difficult>Unspecified</difficult>
		<bndbox>
			<xmin>0</xmin>
			<ymin>51</ymin>
			<xmax>169</xmax>
			<ymax>143</ymax>
		</bndbox>
	</object>
</annotation>