<annotation>
	<folder>my-project-name</folder>
	<filename>364_rgb.png</filename>
	<path>/my-project-name/364_rgb.png</path>
	<source>
		<database>Unspecified</database>
	</source>
	<size>
		<width>256</width>
		<height>256</height>
		<depth>3</depth>
	</size>
	<object>
		<name>fire</name>
		<pose>Unspecified</pose>
		<truncated>Unspecified</truncated>
		<difficult>Unspecified</difficult>
		<bndbox>
			<xmin>73</xmin>
			<ymin>126</ymin>
			<xmax>167</xmax>
			<ymax>175</ymax>
		</bndbox>
	</object>
	<object>
		<name>smoke</name>
		<pose>Unspecified</pose>
		<truncated>Unspecified</truncated>
		<difficult>Unspecified</difficult>
		<bndbox>
			<xmin>0</xmin>
			<ymin>52</ymin>
			<xmax>73</xmax>
			<ymax>136</ymax>
		</bndbox>
	</object>
</annotation>