<annotation>
	<folder>my-project-name</folder>
	<filename>375_rgb.png</filename>
	<path>/my-project-name/375_rgb.png</path>
	<source>
		<database>Unspecified</database>
	</source>
	<size>
		<width>256</width>
		<height>256</height>
		<depth>3</depth>
	</size>
	<object>
		<name>smoke</name>
		<pose>Unspecified</pose>
		<truncated>Unspecified</truncated>
		<difficult>Unspecified</difficult>
		<bndbox>
			<xmin>199</xmin>
			<ymin>4</ymin>
			<xmax>250</xmax>
			<ymax>66</ymax>
		</bndbox>
	</object>
	<object>
		<name>fire</name>
		<pose>Unspecified</pose>
		<truncated>Unspecified</truncated>
		<difficult>Unspecified</difficult>
		<bndbox>
			<xmin>0</xmin>
			<ymin>148</ymin>
			<xmax>90</xmax>
			<ymax>223</ymax>
		</bndbox>
	</object>
</annotation>