<annotation>
	<folder>my-project-name</folder>
	<filename>398_rgb.png</filename>
	<path>/my-project-name/398_rgb.png</path>
	<source>
		<database>Unspecified</database>
	</source>
	<size>
		<width>256</width>
		<height>256</height>
		<depth>3</depth>
	</size>
	<object>
		<name>fire</name>
		<pose>Unspecified</pose>
		<truncated>Unspecified</truncated>
		<difficult>Unspecified</difficult>
		<bndbox>
			<xmin>92</xmin>
			<ymin>71</ymin>
			<xmax>234</xmax>
			<ymax>243</ymax>
		</bndbox>
	</object>
	<object>
		<name>smoke</name>
		<pose>Unspecified</pose>
		<truncated>Unspecified</truncated>
		<difficult>Unspecified</difficult>
		<bndbox>
			<xmin>63</xmin>
			<ymin>0</ymin>
			<xmax>132</xmax>
			<ymax>62</ymax>
		</bndbox>
	</object>
</annotation>