<annotation>
	<folder>my-project-name</folder>
	<filename>434_rgb.png</filename>
	<path>/my-project-name/434_rgb.png</path>
	<source>
		<database>Unspecified</database>
	</source>
	<size>
		<width>256</width>
		<height>256</height>
		<depth>3</depth>
	</size>
	<object>
		<name>fire</name>
		<pose>Unspecified</pose>
		<truncated>Unspecified</truncated>
		<difficult>Unspecified</difficult>
		<bndbox>
			<xmin>50</xmin>
			<ymin>83</ymin>
			<xmax>204</xmax>
			<ymax>165</ymax>
		</bndbox>
	</object>
	<object>
		<name>smoke</name>
		<pose>Unspecified</pose>
		<truncated>Unspecified</truncated>
		<difficult>Unspecified</difficult>
		<bndbox>
			<xmin>23</xmin>
			<ymin>2</ymin>
			<xmax>244</xmax>
			<ymax>74</ymax>
		</bndbox>
	</object>
</annotation>