<annotation>
	<folder>my-project-name</folder>
	<filename>firehome6.jpg</filename>
	<path>/my-project-name/firehome6.jpg</path>
	<source>
		<database>Unspecified</database>
	</source>
	<size>
		<width>640</width>
		<height>424</height>
		<depth>3</depth>
	</size>
	<object>
		<name>smoke</name>
		<pose>Unspecified</pose>
		<truncated>Unspecified</truncated>
		<difficult>Unspecified</difficult>
		<bndbox>
			<xmin>478</xmin>
			<ymin>6</ymin>
			<xmax>638</xmax>
			<ymax>280</ymax>
		</bndbox>
	</object>
	<object>
		<name>fire</name>
		<pose>Unspecified</pose>
		<truncated>Unspecified</truncated>
		<difficult>Unspecified</difficult>
		<bndbox>
			<xmin>163</xmin>
			<ymin>221</ymin>
			<xmax>257</xmax>
			<ymax>279</ymax>
		</bndbox>
	</object>
</annotation>