<annotation>
	<folder>my-project-name</folder>
	<filename>fire.347.png</filename>
	<path>/my-project-name/fire.347.png</path>
	<source>
		<database>Unspecified</database>
	</source>
	<size>
		<width>1170</width>
		<height>660</height>
		<depth>3</depth>
	</size>
	<object>
		<name>fire</name>
		<pose>Unspecified</pose>
		<truncated>Unspecified</truncated>
		<difficult>Unspecified</difficult>
		<bndbox>
			<xmin>942</xmin>
			<ymin>375</ymin>
			<xmax>1117</xmax>
			<ymax>553</ymax>
		</bndbox>
	</object>
	<object>
		<name>fire</name>
		<pose>Unspecified</pose>
		<truncated>Unspecified</truncated>
		<difficult>Unspecified</difficult>
		<bndbox>
			<xmin>747</xmin>
			<ymin>247</ymin>
			<xmax>865</xmax>
			<ymax>639</ymax>
		</bndbox>
	</object>
	<object>
		<name>fire</name>
		<pose>Unspecified</pose>
		<truncated>Unspecified</truncated>
		<difficult>Unspecified</difficult>
		<bndbox>
			<xmin>321</xmin>
			<ymin>173</ymin>
			<xmax>733</xmax>
			<ymax>542</ymax>
		</bndbox>
	</object>
	<object>
		<name>fire</name>
		<pose>Unspecified</pose>
		<truncated>Unspecified</truncated>
		<difficult>Unspecified</difficult>
		<bndbox>
			<xmin>808</xmin>
			<ymin>35</ymin>
			<xmax>937</xmax>
			<ymax>182</ymax>
		</bndbox>
	</object>
	<object>
		<name>fire</name>
		<pose>Unspecified</pose>
		<truncated>Unspecified</truncated>
		<difficult>Unspecified</difficult>
		<bndbox>
			<xmin>561</xmin>
			<ymin>0</ymin>
			<xmax>773</xmax>
			<ymax>113</ymax>
		</bndbox>
	</object>
	<object>
		<name>fire</name>
		<pose>Unspecified</pose>
		<truncated>Unspecified</truncated>
		<difficult>Unspecified</difficult>
		<bndbox>
			<xmin>5</xmin>
			<ymin>453</ymin>
			<xmax>116</xmax>
			<ymax>603</ymax>
		</bndbox>
	</object>
	<object>
		<name>fire</name>
		<pose>Unspecified</pose>
		<truncated>Unspecified</truncated>
		<difficult>Unspecified</difficult>
		<bndbox>
			<xmin>1139</xmin>
			<ymin>629</ymin>
			<xmax>1170</xmax>
			<ymax>660</ymax>
		</bndbox>
	</object>
</annotation>