<annotation>
	<folder>my-project-name</folder>
	<filename>fireBig1836.jpg</filename>
	<path>/my-project-name/fireBig1836.jpg</path>
	<source>
		<database>Unspecified</database>
	</source>
	<size>
		<width>1280</width>
		<height>720</height>
		<depth>3</depth>
	</size>
	<object>
		<name>fire</name>
		<pose>Unspecified</pose>
		<truncated>Unspecified</truncated>
		<difficult>Unspecified</difficult>
		<bndbox>
			<xmin>771</xmin>
			<ymin>247</ymin>
			<xmax>856</xmax>
			<ymax>334</ymax>
		</bndbox>
	</object>
	<object>
		<name>fire</name>
		<pose>Unspecified</pose>
		<truncated>Unspecified</truncated>
		<difficult>Unspecified</difficult>
		<bndbox>
			<xmin>469</xmin>
			<ymin>303</ymin>
			<xmax>522</xmax>
			<ymax>359</ymax>
		</bndbox>
	</object>
	<object>
		<name>fire</name>
		<pose>Unspecified</pose>
		<truncated>Unspecified</truncated>
		<difficult>Unspecified</difficult>
		<bndbox>
			<xmin>659</xmin>
			<ymin>387</ymin>
			<xmax>701</xmax>
			<ymax>419</ymax>
		</bndbox>
	</object>
	<object>
		<name>fire</name>
		<pose>Unspecified</pose>
		<truncated>Unspecified</truncated>
		<difficult>Unspecified</difficult>
		<bndbox>
			<xmin>775</xmin>
			<ymin>418</ymin>
			<xmax>787</xmax>
			<ymax>435</ymax>
		</bndbox>
	</object>
	<object>
		<name>fire</name>
		<pose>Unspecified</pose>
		<truncated>Unspecified</truncated>
		<difficult>Unspecified</difficult>
		<bndbox>
			<xmin>742</xmin>
			<ymin>415</ymin>
			<xmax>765</xmax>
			<ymax>439</ymax>
		</bndbox>
	</object>
	<object>
		<name>fire</name>
		<pose>Unspecified</pose>
		<truncated>Unspecified</truncated>
		<difficult>Unspecified</difficult>
		<bndbox>
			<xmin>564</xmin>
			<ymin>442</ymin>
			<xmax>598</xmax>
			<ymax>460</ymax>
		</bndbox>
	</object>
	<object>
		<name>smoke</name>
		<pose>Unspecified</pose>
		<truncated>Unspecified</truncated>
		<difficult>Unspecified</difficult>
		<bndbox>
			<xmin>630</xmin>
			<ymin>36</ymin>
			<xmax>877</xmax>
			<ymax>216</ymax>
		</bndbox>
	</object>
	<object>
		<name>smoke</name>
		<pose>Unspecified</pose>
		<truncated>Unspecified</truncated>
		<difficult>Unspecified</difficult>
		<bndbox>
			<xmin>383</xmin>
			<ymin>82</ymin>
			<xmax>614</xmax>
			<ymax>281</ymax>
		</bndbox>
	</object>
	<object>
		<name>smoke</name>
		<pose>Unspecified</pose>
		<truncated>Unspecified</truncated>
		<difficult>Unspecified</difficult>
		<bndbox>
			<xmin>245</xmin>
			<ymin>226</ymin>
			<xmax>455</xmax>
			<ymax>471</ymax>
		</bndbox>
	</object>
	<object>
		<name>fire</name>
		<pose>Unspecified</pose>
		<truncated>Unspecified</truncated>
		<difficult>Unspecified</difficult>
		<bndbox>
			<xmin>271</xmin>
			<ymin>489</ymin>
			<xmax>326</xmax>
			<ymax>516</ymax>
		</bndbox>
	</object>
	<object>
		<name>fire</name>
		<pose>Unspecified</pose>
		<truncated>Unspecified</truncated>
		<difficult>Unspecified</difficult>
		<bndbox>
			<xmin>422</xmin>
			<ymin>617</ymin>
			<xmax>507</xmax>
			<ymax>659</ymax>
		</bndbox>
	</object>
	<object>
		<name>fire</name>
		<pose>Unspecified</pose>
		<truncated>Unspecified</truncated>
		<difficult>Unspecified</difficult>
		<bndbox>
			<xmin>549</xmin>
			<ymin>624</ymin>
			<xmax>572</xmax>
			<ymax>651</ymax>
		</bndbox>
	</object>
	<object>
		<name>fire</name>
		<pose>Unspecified</pose>
		<truncated>Unspecified</truncated>
		<difficult>Unspecified</difficult>
		<bndbox>
			<xmin>96</xmin>
			<ymin>436</ymin>
			<xmax>130</xmax>
			<ymax>469</ymax>
		</bndbox>
	</object>
</annotation>