<annotation>
	<folder>my-project-name</folder>
	<filename>fireBig1817.jpg</filename>
	<path>/my-project-name/fireBig1817.jpg</path>
	<source>
		<database>Unspecified</database>
	</source>
	<size>
		<width>1280</width>
		<height>720</height>
		<depth>3</depth>
	</size>
	<object>
		<name>smoke</name>
		<pose>Unspecified</pose>
		<truncated>Unspecified</truncated>
		<difficult>Unspecified</difficult>
		<bndbox>
			<xmin>336</xmin>
			<ymin>5</ymin>
			<xmax>963</xmax>
			<ymax>290</ymax>
		</bndbox>
	</object>
	<object>
		<name>fire</name>
		<pose>Unspecified</pose>
		<truncated>Unspecified</truncated>
		<difficult>Unspecified</difficult>
		<bndbox>
			<xmin>626</xmin>
			<ymin>320</ymin>
			<xmax>671</xmax>
			<ymax>360</ymax>
		</bndbox>
	</object>
	<object>
		<name>fire</name>
		<pose>Unspecified</pose>
		<truncated>Unspecified</truncated>
		<difficult>Unspecified</difficult>
		<bndbox>
			<xmin>858</xmin>
			<ymin>358</ymin>
			<xmax>892</xmax>
			<ymax>406</ymax>
		</bndbox>
	</object>
	<object>
		<name>fire</name>
		<pose>Unspecified</pose>
		<truncated>Unspecified</truncated>
		<difficult>Unspecified</difficult>
		<bndbox>
			<xmin>925</xmin>
			<ymin>368</ymin>
			<xmax>944</xmax>
			<ymax>387</ymax>
		</bndbox>
	</object>
	<object>
		<name>fire</name>
		<pose>Unspecified</pose>
		<truncated>Unspecified</truncated>
		<difficult>Unspecified</difficult>
		<bndbox>
			<xmin>886</xmin>
			<ymin>296</ymin>
			<xmax>911</xmax>
			<ymax>316</ymax>
		</bndbox>
	</object>
	<object>
		<name>fire</name>
		<pose>Unspecified</pose>
		<truncated>Unspecified</truncated>
		<difficult>Unspecified</difficult>
		<bndbox>
			<xmin>767</xmin>
			<ymin>481</ymin>
			<xmax>818</xmax>
			<ymax>506</ymax>
		</bndbox>
	</object>
</annotation>