<annotation>
	<folder>my-project-name</folder>
	<filename>fire.256.png</filename>
	<path>/my-project-name/fire.256.png</path>
	<source>
		<database>Unspecified</database>
	</source>
	<size>
		<width>615</width>
		<height>403</height>
		<depth>3</depth>
	</size>
	<object>
		<name>fire</name>
		<pose>Unspecified</pose>
		<truncated>Unspecified</truncated>
		<difficult>Unspecified</difficult>
		<bndbox>
			<xmin>495</xmin>
			<ymin>22</ymin>
			<xmax>574</xmax>
			<ymax>70</ymax>
		</bndbox>
	</object>
	<object>
		<name>fire</name>
		<pose>Unspecified</pose>
		<truncated>Unspecified</truncated>
		<difficult>Unspecified</difficult>
		<bndbox>
			<xmin>373</xmin>
			<ymin>0</ymin>
			<xmax>457</xmax>
			<ymax>65</ymax>
		</bndbox>
	</object>
	<object>
		<name>fire</name>
		<pose>Unspecified</pose>
		<truncated>Unspecified</truncated>
		<difficult>Unspecified</difficult>
		<bndbox>
			<xmin>559</xmin>
			<ymin>147</ymin>
			<xmax>610</xmax>
			<ymax>190</ymax>
		</bndbox>
	</object>
	<object>
		<name>fire</name>
		<pose>Unspecified</pose>
		<truncated>Unspecified</truncated>
		<difficult>Unspecified</difficult>
		<bndbox>
			<xmin>507</xmin>
			<ymin>124</ymin>
			<xmax>547</xmax>
			<ymax>163</ymax>
		</bndbox>
	</object>
	<object>
		<name>fire</name>
		<pose>Unspecified</pose>
		<truncated>Unspecified</truncated>
		<difficult>Unspecified</difficult>
		<bndbox>
			<xmin>444</xmin>
			<ymin>113</ymin>
			<xmax>493</xmax>
			<ymax>157</ymax>
		</bndbox>
	</object>
	<object>
		<name>fire</name>
		<pose>Unspecified</pose>
		<truncated>Unspecified</truncated>
		<difficult>Unspecified</difficult>
		<bndbox>
			<xmin>312</xmin>
			<ymin>79</ymin>
			<xmax>394</xmax>
			<ymax>175</ymax>
		</bndbox>
	</object>
</annotation>