<annotation>
	<folder>my-project-name</folder>
	<filename>fireBig1895.jpg</filename>
	<path>/my-project-name/fireBig1895.jpg</path>
	<source>
		<database>Unspecified</database>
	</source>
	<size>
		<width>1280</width>
		<height>720</height>
		<depth>3</depth>
	</size>
	<object>
		<name>fire</name>
		<pose>Unspecified</pose>
		<truncated>Unspecified</truncated>
		<difficult>Unspecified</difficult>
		<bndbox>
			<xmin>935</xmin>
			<ymin>251</ymin>
			<xmax>1280</xmax>
			<ymax>424</ymax>
		</bndbox>
	</object>
	<object>
		<name>fire</name>
		<pose>Unspecified</pose>
		<truncated>Unspecified</truncated>
		<difficult>Unspecified</difficult>
		<bndbox>
			<xmin>944</xmin>
			<ymin>22</ymin>
			<xmax>1063</xmax>
			<ymax>109</ymax>
		</bndbox>
	</object>
	<object>
		<name>fire</name>
		<pose>Unspecified</pose>
		<truncated>Unspecified</truncated>
		<difficult>Unspecified</difficult>
		<bndbox>
			<xmin>555</xmin>
			<ymin>152</ymin>
			<xmax>597</xmax>
			<ymax>186</ymax>
		</bndbox>
	</object>
	<object>
		<name>fire</name>
		<pose>Unspecified</pose>
		<truncated>Unspecified</truncated>
		<difficult>Unspecified</difficult>
		<bndbox>
			<xmin>549</xmin>
			<ymin>396</ymin>
			<xmax>619</xmax>
			<ymax>464</ymax>
		</bndbox>
	</object>
	<object>
		<name>fire</name>
		<pose>Unspecified</pose>
		<truncated>Unspecified</truncated>
		<difficult>Unspecified</difficult>
		<bndbox>
			<xmin>757</xmin>
			<ymin>424</ymin>
			<xmax>865</xmax>
			<ymax>477</ymax>
		</bndbox>
	</object>
	<object>
		<name>fire</name>
		<pose>Unspecified</pose>
		<truncated>Unspecified</truncated>
		<difficult>Unspecified</difficult>
		<bndbox>
			<xmin>757</xmin>
			<ymin>583</ymin>
			<xmax>804</xmax>
			<ymax>611</ymax>
		</bndbox>
	</object>
	<object>
		<name>fire</name>
		<pose>Unspecified</pose>
		<truncated>Unspecified</truncated>
		<difficult>Unspecified</difficult>
		<bndbox>
			<xmin>1108</xmin>
			<ymin>541</ymin>
			<xmax>1182</xmax>
			<ymax>596</ymax>
		</bndbox>
	</object>
</annotation>