<annotation>
	<folder>my-project-name</folder>
	<filename>fire.341.png</filename>
	<path>/my-project-name/fire.341.png</path>
	<source>
		<database>Unspecified</database>
	</source>
	<size>
		<width>5737</width>
		<height>3824</height>
		<depth>3</depth>
	</size>
	<object>
		<name>fire</name>
		<pose>Unspecified</pose>
		<truncated>Unspecified</truncated>
		<difficult>Unspecified</difficult>
		<bndbox>
			<xmin>5187</xmin>
			<ymin>1320</ymin>
			<xmax>5737</xmax>
			<ymax>2217</ymax>
		</bndbox>
	</object>
	<object>
		<name>fire</name>
		<pose>Unspecified</pose>
		<truncated>Unspecified</truncated>
		<difficult>Unspecified</difficult>
		<bndbox>
			<xmin>4383</xmin>
			<ymin>1954</ymin>
			<xmax>5035</xmax>
			<ymax>2834</ymax>
		</bndbox>
	</object>
	<object>
		<name>fire</name>
		<pose>Unspecified</pose>
		<truncated>Unspecified</truncated>
		<difficult>Unspecified</difficult>
		<bndbox>
			<xmin>4129</xmin>
			<ymin>2674</ymin>
			<xmax>4468</xmax>
			<ymax>3114</ymax>
		</bndbox>
	</object>
	<object>
		<name>fire</name>
		<pose>Unspecified</pose>
		<truncated>Unspecified</truncated>
		<difficult>Unspecified</difficult>
		<bndbox>
			<xmin>2784</xmin>
			<ymin>2733</ymin>
			<xmax>3376</xmax>
			<ymax>3570</ymax>
		</bndbox>
	</object>
	<object>
		<name>fire</name>
		<pose>Unspecified</pose>
		<truncated>Unspecified</truncated>
		<difficult>Unspecified</difficult>
		<bndbox>
			<xmin>2005</xmin>
			<ymin>2504</ymin>
			<xmax>2564</xmax>
			<ymax>3325</ymax>
		</bndbox>
	</object>
	<object>
		<name>fire</name>
		<pose>Unspecified</pose>
		<truncated>Unspecified</truncated>
		<difficult>Unspecified</difficult>
		<bndbox>
			<xmin>1176</xmin>
			<ymin>3300</ymin>
			<xmax>1548</xmax>
			<ymax>3807</ymax>
		</bndbox>
	</object>
	<object>
		<name>fire</name>
		<pose>Unspecified</pose>
		<truncated>Unspecified</truncated>
		<difficult>Unspecified</difficult>
		<bndbox>
			<xmin>1650</xmin>
			<ymin>3173</ymin>
			<xmax>1938</xmax>
			<ymax>3545</ymax>
		</bndbox>
	</object>
	<object>
		<name>fire</name>
		<pose>Unspecified</pose>
		<truncated>Unspecified</truncated>
		<difficult>Unspecified</difficult>
		<bndbox>
			<xmin>2065</xmin>
			<ymin>3723</ymin>
			<xmax>2192</xmax>
			<ymax>3824</ymax>
		</bndbox>
	</object>
	<object>
		<name>fire</name>
		<pose>Unspecified</pose>
		<truncated>Unspecified</truncated>
		<difficult>Unspecified</difficult>
		<bndbox>
			<xmin>499</xmin>
			<ymin>2826</ymin>
			<xmax>635</xmax>
			<ymax>2961</ymax>
		</bndbox>
	</object>
	<object>
		<name>fire</name>
		<pose>Unspecified</pose>
		<truncated>Unspecified</truncated>
		<difficult>Unspecified</difficult>
		<bndbox>
			<xmin>355</xmin>
			<ymin>3342</ymin>
			<xmax>618</xmax>
			<ymax>3655</ymax>
		</bndbox>
	</object>
	<object>
		<name>fire</name>
		<pose>Unspecified</pose>
		<truncated>Unspecified</truncated>
		<difficult>Unspecified</difficult>
		<bndbox>
			<xmin>1320</xmin>
			<ymin>804</ymin>
			<xmax>1523</xmax>
			<ymax>1057</ymax>
		</bndbox>
	</object>
	<object>
		<name>smoke</name>
		<pose>Unspecified</pose>
		<truncated>Unspecified</truncated>
		<difficult>Unspecified</difficult>
		<bndbox>
			<xmin>2581</xmin>
			<ymin>118</ymin>
			<xmax>4349</xmax>
			<ymax>1134</ymax>
		</bndbox>
	</object>
</annotation>