<annotation>
	<folder>my-project-name</folder>
	<filename>fireBig1077.jpg</filename>
	<path>/my-project-name/fireBig1077.jpg</path>
	<source>
		<database>Unspecified</database>
	</source>
	<size>
		<width>1280</width>
		<height>720</height>
		<depth>3</depth>
	</size>
	<object>
		<name>fire</name>
		<pose>Unspecified</pose>
		<truncated>Unspecified</truncated>
		<difficult>Unspecified</difficult>
		<bndbox>
			<xmin>1174</xmin>
			<ymin>326</ymin>
			<xmax>1240</xmax>
			<ymax>388</ymax>
		</bndbox>
	</object>
	<object>
		<name>fire</name>
		<pose>Unspecified</pose>
		<truncated>Unspecified</truncated>
		<difficult>Unspecified</difficult>
		<bndbox>
			<xmin>1080</xmin>
			<ymin>158</ymin>
			<xmax>1184</xmax>
			<ymax>224</ymax>
		</bndbox>
	</object>
	<object>
		<name>fire</name>
		<pose>Unspecified</pose>
		<truncated>Unspecified</truncated>
		<difficult>Unspecified</difficult>
		<bndbox>
			<xmin>1080</xmin>
			<ymin>64</ymin>
			<xmax>1193</xmax>
			<ymax>124</ymax>
		</bndbox>
	</object>
	<object>
		<name>fire</name>
		<pose>Unspecified</pose>
		<truncated>Unspecified</truncated>
		<difficult>Unspecified</difficult>
		<bndbox>
			<xmin>551</xmin>
			<ymin>0</ymin>
			<xmax>1002</xmax>
			<ymax>402</ymax>
		</bndbox>
	</object>
	<object>
		<name>fire</name>
		<pose>Unspecified</pose>
		<truncated>Unspecified</truncated>
		<difficult>Unspecified</difficult>
		<bndbox>
			<xmin>965</xmin>
			<ymin>409</ymin>
			<xmax>1031</xmax>
			<ymax>460</ymax>
		</bndbox>
	</object>
</annotation>