<annotation>
	<folder>my-project-name</folder>
	<filename>fireBig1024.jpg</filename>
	<path>/my-project-name/fireBig1024.jpg</path>
	<source>
		<database>Unspecified</database>
	</source>
	<size>
		<width>1280</width>
		<height>720</height>
		<depth>3</depth>
	</size>
	<object>
		<name>fire</name>
		<pose>Unspecified</pose>
		<truncated>Unspecified</truncated>
		<difficult>Unspecified</difficult>
		<bndbox>
			<xmin>481</xmin>
			<ymin>541</ymin>
			<xmax>721</xmax>
			<ymax>596</ymax>
		</bndbox>
	</object>
	<object>
		<name>smoke</name>
		<pose>Unspecified</pose>
		<truncated>Unspecified</truncated>
		<difficult>Unspecified</difficult>
		<bndbox>
			<xmin>264</xmin>
			<ymin>0</ymin>
			<xmax>819</xmax>
			<ymax>534</ymax>
		</bndbox>
	</object>
</annotation>