<annotation>
	<folder>my-project-name</folder>
	<filename>fire.300.png</filename>
	<path>/my-project-name/fire.300.png</path>
	<source>
		<database>Unspecified</database>
	</source>
	<size>
		<width>446</width>
		<height>653</height>
		<depth>3</depth>
	</size>
	<object>
		<name>fire</name>
		<pose>Unspecified</pose>
		<truncated>Unspecified</truncated>
		<difficult>Unspecified</difficult>
		<bndbox>
			<xmin>0</xmin>
			<ymin>3</ymin>
			<xmax>446</xmax>
			<ymax>421</ymax>
		</bndbox>
	</object>
</annotation>