<annotation>
	<folder>my-project-name</folder>
	<filename>fireBig1842.jpg</filename>
	<path>/my-project-name/fireBig1842.jpg</path>
	<source>
		<database>Unspecified</database>
	</source>
	<size>
		<width>1280</width>
		<height>720</height>
		<depth>3</depth>
	</size>
	<object>
		<name>fire</name>
		<pose>Unspecified</pose>
		<truncated>Unspecified</truncated>
		<difficult>Unspecified</difficult>
		<bndbox>
			<xmin>598</xmin>
			<ymin>177</ymin>
			<xmax>625</xmax>
			<ymax>215</ymax>
		</bndbox>
	</object>
	<object>
		<name>fire</name>
		<pose>Unspecified</pose>
		<truncated>Unspecified</truncated>
		<difficult>Unspecified</difficult>
		<bndbox>
			<xmin>644</xmin>
			<ymin>203</ymin>
			<xmax>685</xmax>
			<ymax>224</ymax>
		</bndbox>
	</object>
	<object>
		<name>fire</name>
		<pose>Unspecified</pose>
		<truncated>Unspecified</truncated>
		<difficult>Unspecified</difficult>
		<bndbox>
			<xmin>651</xmin>
			<ymin>243</ymin>
			<xmax>685</xmax>
			<ymax>281</ymax>
		</bndbox>
	</object>
	<object>
		<name>smoke</name>
		<pose>Unspecified</pose>
		<truncated>Unspecified</truncated>
		<difficult>Unspecified</difficult>
		<bndbox>
			<xmin>185</xmin>
			<ymin>73</ymin>
			<xmax>576</xmax>
			<ymax>390</ymax>
		</bndbox>
	</object>
</annotation>