<annotation>
	<folder>my-project-name</folder>
	<filename>fireBig1816.jpg</filename>
	<path>/my-project-name/fireBig1816.jpg</path>
	<source>
		<database>Unspecified</database>
	</source>
	<size>
		<width>1280</width>
		<height>720</height>
		<depth>3</depth>
	</size>
	<object>
		<name>smoke</name>
		<pose>Unspecified</pose>
		<truncated>Unspecified</truncated>
		<difficult>Unspecified</difficult>
		<bndbox>
			<xmin>460</xmin>
			<ymin>28</ymin>
			<xmax>1005</xmax>
			<ymax>264</ymax>
		</bndbox>
	</object>
	<object>
		<name>fire</name>
		<pose>Unspecified</pose>
		<truncated>Unspecified</truncated>
		<difficult>Unspecified</difficult>
		<bndbox>
			<xmin>846</xmin>
			<ymin>327</ymin>
			<xmax>878</xmax>
			<ymax>356</ymax>
		</bndbox>
	</object>
	<object>
		<name>fire</name>
		<pose>Unspecified</pose>
		<truncated>Unspecified</truncated>
		<difficult>Unspecified</difficult>
		<bndbox>
			<xmin>920</xmin>
			<ymin>352</ymin>
			<xmax>1002</xmax>
			<ymax>401</ymax>
		</bndbox>
	</object>
	<object>
		<name>smoke</name>
		<pose>Unspecified</pose>
		<truncated>Unspecified</truncated>
		<difficult>Unspecified</difficult>
		<bndbox>
			<xmin>913</xmin>
			<ymin>284</ymin>
			<xmax>1017</xmax>
			<ymax>327</ymax>
		</bndbox>
	</object>
	<object>
		<name>smoke</name>
		<pose>Unspecified</pose>
		<truncated>Unspecified</truncated>
		<difficult>Unspecified</difficult>
		<bndbox>
			<xmin>703</xmin>
			<ymin>302</ymin>
			<xmax>820</xmax>
			<ymax>401</ymax>
		</bndbox>
	</object>
</annotation>