<annotation>
	<folder>my-project-name</folder>
	<filename>fireBig1888.jpg</filename>
	<path>/my-project-name/fireBig1888.jpg</path>
	<source>
		<database>Unspecified</database>
	</source>
	<size>
		<width>1280</width>
		<height>720</height>
		<depth>3</depth>
	</size>
	<object>
		<name>smoke</name>
		<pose>Unspecified</pose>
		<truncated>Unspecified</truncated>
		<difficult>Unspecified</difficult>
		<bndbox>
			<xmin>993</xmin>
			<ymin>50</ymin>
			<xmax>1280</xmax>
			<ymax>286</ymax>
		</bndbox>
	</object>
	<object>
		<name>fire</name>
		<pose>Unspecified</pose>
		<truncated>Unspecified</truncated>
		<difficult>Unspecified</difficult>
		<bndbox>
			<xmin>1110</xmin>
			<ymin>320</ymin>
			<xmax>1195</xmax>
			<ymax>383</ymax>
		</bndbox>
	</object>
	<object>
		<name>fire</name>
		<pose>Unspecified</pose>
		<truncated>Unspecified</truncated>
		<difficult>Unspecified</difficult>
		<bndbox>
			<xmin>1010</xmin>
			<ymin>324</ymin>
			<xmax>1095</xmax>
			<ymax>379</ymax>
		</bndbox>
	</object>
	<object>
		<name>fire</name>
		<pose>Unspecified</pose>
		<truncated>Unspecified</truncated>
		<difficult>Unspecified</difficult>
		<bndbox>
			<xmin>657</xmin>
			<ymin>215</ymin>
			<xmax>765</xmax>
			<ymax>347</ymax>
		</bndbox>
	</object>
	<object>
		<name>fire</name>
		<pose>Unspecified</pose>
		<truncated>Unspecified</truncated>
		<difficult>Unspecified</difficult>
		<bndbox>
			<xmin>810</xmin>
			<ymin>554</ymin>
			<xmax>995</xmax>
			<ymax>673</ymax>
		</bndbox>
	</object>
	<object>
		<name>fire</name>
		<pose>Unspecified</pose>
		<truncated>Unspecified</truncated>
		<difficult>Unspecified</difficult>
		<bndbox>
			<xmin>693</xmin>
			<ymin>43</ymin>
			<xmax>742</xmax>
			<ymax>94</ymax>
		</bndbox>
	</object>
</annotation>