<annotation>
	<folder>my-project-name</folder>
	<filename>fireBig1890.jpg</filename>
	<path>/my-project-name/fireBig1890.jpg</path>
	<source>
		<database>Unspecified</database>
	</source>
	<size>
		<width>1280</width>
		<height>720</height>
		<depth>3</depth>
	</size>
	<object>
		<name>fire</name>
		<pose>Unspecified</pose>
		<truncated>Unspecified</truncated>
		<difficult>Unspecified</difficult>
		<bndbox>
			<xmin>836</xmin>
			<ymin>317</ymin>
			<xmax>897</xmax>
			<ymax>415</ymax>
		</bndbox>
	</object>
	<object>
		<name>fire</name>
		<pose>Unspecified</pose>
		<truncated>Unspecified</truncated>
		<difficult>Unspecified</difficult>
		<bndbox>
			<xmin>1191</xmin>
			<ymin>407</ymin>
			<xmax>1276</xmax>
			<ymax>486</ymax>
		</bndbox>
	</object>
	<object>
		<name>fire</name>
		<pose>Unspecified</pose>
		<truncated>Unspecified</truncated>
		<difficult>Unspecified</difficult>
		<bndbox>
			<xmin>1001</xmin>
			<ymin>126</ymin>
			<xmax>1074</xmax>
			<ymax>198</ymax>
		</bndbox>
	</object>
	<object>
		<name>fire</name>
		<pose>Unspecified</pose>
		<truncated>Unspecified</truncated>
		<difficult>Unspecified</difficult>
		<bndbox>
			<xmin>827</xmin>
			<ymin>139</ymin>
			<xmax>899</xmax>
			<ymax>200</ymax>
		</bndbox>
	</object>
	<object>
		<name>fire</name>
		<pose>Unspecified</pose>
		<truncated>Unspecified</truncated>
		<difficult>Unspecified</difficult>
		<bndbox>
			<xmin>1048</xmin>
			<ymin>0</ymin>
			<xmax>1280</xmax>
			<ymax>58</ymax>
		</bndbox>
	</object>
</annotation>