<annotation>
	<folder>my-project-name</folder>
	<filename>fire.296.png</filename>
	<path>/my-project-name/fire.296.png</path>
	<source>
		<database>Unspecified</database>
	</source>
	<size>
		<width>670</width>
		<height>450</height>
		<depth>3</depth>
	</size>
	<object>
		<name>smoke</name>
		<pose>Unspecified</pose>
		<truncated>Unspecified</truncated>
		<difficult>Unspecified</difficult>
		<bndbox>
			<xmin>120</xmin>
			<ymin>0</ymin>
			<xmax>308</xmax>
			<ymax>189</ymax>
		</bndbox>
	</object>
	<object>
		<name>fire</name>
		<pose>Unspecified</pose>
		<truncated>Unspecified</truncated>
		<difficult>Unspecified</difficult>
		<bndbox>
			<xmin>80</xmin>
			<ymin>207</ymin>
			<xmax>413</xmax>
			<ymax>397</ymax>
		</bndbox>
	</object>
</annotation>