<annotation>
	<folder>my-project-name</folder>
	<filename>fire.346.png</filename>
	<path>/my-project-name/fire.346.png</path>
	<source>
		<database>Unspecified</database>
	</source>
	<size>
		<width>512</width>
		<height>341</height>
		<depth>3</depth>
	</size>
	<object>
		<name>fire</name>
		<pose>Unspecified</pose>
		<truncated>Unspecified</truncated>
		<difficult>Unspecified</difficult>
		<bndbox>
			<xmin>180</xmin>
			<ymin>146</ymin>
			<xmax>251</xmax>
			<ymax>227</ymax>
		</bndbox>
	</object>
</annotation>