<annotation>
	<folder>my-project-name</folder>
	<filename>fireBig1899.jpg</filename>
	<path>/my-project-name/fireBig1899.jpg</path>
	<source>
		<database>Unspecified</database>
	</source>
	<size>
		<width>1280</width>
		<height>720</height>
		<depth>3</depth>
	</size>
	<object>
		<name>fire</name>
		<pose>Unspecified</pose>
		<truncated>Unspecified</truncated>
		<difficult>Unspecified</difficult>
		<bndbox>
			<xmin>884</xmin>
			<ymin>283</ymin>
			<xmax>1050</xmax>
			<ymax>488</ymax>
		</bndbox>
	</object>
	<object>
		<name>fire</name>
		<pose>Unspecified</pose>
		<truncated>Unspecified</truncated>
		<difficult>Unspecified</difficult>
		<bndbox>
			<xmin>676</xmin>
			<ymin>301</ymin>
			<xmax>857</xmax>
			<ymax>434</ymax>
		</bndbox>
	</object>
	<object>
		<name>fire</name>
		<pose>Unspecified</pose>
		<truncated>Unspecified</truncated>
		<difficult>Unspecified</difficult>
		<bndbox>
			<xmin>1067</xmin>
			<ymin>103</ymin>
			<xmax>1118</xmax>
			<ymax>169</ymax>
		</bndbox>
	</object>
</annotation>