<annotation>
	<folder>my-project-name</folder>
	<filename>fireBig1835.jpg</filename>
	<path>/my-project-name/fireBig1835.jpg</path>
	<source>
		<database>Unspecified</database>
	</source>
	<size>
		<width>1280</width>
		<height>720</height>
		<depth>3</depth>
	</size>
	<object>
		<name>smoke</name>
		<pose>Unspecified</pose>
		<truncated>Unspecified</truncated>
		<difficult>Unspecified</difficult>
		<bndbox>
			<xmin>925</xmin>
			<ymin>186</ymin>
			<xmax>1093</xmax>
			<ymax>356</ymax>
		</bndbox>
	</object>
	<object>
		<name>smoke</name>
		<pose>Unspecified</pose>
		<truncated>Unspecified</truncated>
		<difficult>Unspecified</difficult>
		<bndbox>
			<xmin>757</xmin>
			<ymin>113</ymin>
			<xmax>906</xmax>
			<ymax>381</ymax>
		</bndbox>
	</object>
	<object>
		<name>smoke</name>
		<pose>Unspecified</pose>
		<truncated>Unspecified</truncated>
		<difficult>Unspecified</difficult>
		<bndbox>
			<xmin>561</xmin>
			<ymin>96</ymin>
			<xmax>746</xmax>
			<ymax>366</ymax>
		</bndbox>
	</object>
	<object>
		<name>smoke</name>
		<pose>Unspecified</pose>
		<truncated>Unspecified</truncated>
		<difficult>Unspecified</difficult>
		<bndbox>
			<xmin>370</xmin>
			<ymin>65</ymin>
			<xmax>532</xmax>
			<ymax>420</ymax>
		</bndbox>
	</object>
	<object>
		<name>smoke</name>
		<pose>Unspecified</pose>
		<truncated>Unspecified</truncated>
		<difficult>Unspecified</difficult>
		<bndbox>
			<xmin>125</xmin>
			<ymin>239</ymin>
			<xmax>355</xmax>
			<ymax>466</ymax>
		</bndbox>
	</object>
	<object>
		<name>smoke</name>
		<pose>Unspecified</pose>
		<truncated>Unspecified</truncated>
		<difficult>Unspecified</difficult>
		<bndbox>
			<xmin>563</xmin>
			<ymin>394</ymin>
			<xmax>685</xmax>
			<ymax>509</ymax>
		</bndbox>
	</object>
	<object>
		<name>fire</name>
		<pose>Unspecified</pose>
		<truncated>Unspecified</truncated>
		<difficult>Unspecified</difficult>
		<bndbox>
			<xmin>881</xmin>
			<ymin>424</ymin>
			<xmax>910</xmax>
			<ymax>448</ymax>
		</bndbox>
	</object>
	<object>
		<name>fire</name>
		<pose>Unspecified</pose>
		<truncated>Unspecified</truncated>
		<difficult>Unspecified</difficult>
		<bndbox>
			<xmin>852</xmin>
			<ymin>228</ymin>
			<xmax>894</xmax>
			<ymax>274</ymax>
		</bndbox>
	</object>
	<object>
		<name>fire</name>
		<pose>Unspecified</pose>
		<truncated>Unspecified</truncated>
		<difficult>Unspecified</difficult>
		<bndbox>
			<xmin>681</xmin>
			<ymin>438</ymin>
			<xmax>696</xmax>
			<ymax>461</ymax>
		</bndbox>
	</object>
	<object>
		<name>fire</name>
		<pose>Unspecified</pose>
		<truncated>Unspecified</truncated>
		<difficult>Unspecified</difficult>
		<bndbox>
			<xmin>343</xmin>
			<ymin>522</ymin>
			<xmax>368</xmax>
			<ymax>540</ymax>
		</bndbox>
	</object>
</annotation>