<annotation>
	<folder>my-project-name</folder>
	<filename>fireBig1894.jpg</filename>
	<path>/my-project-name/fireBig1894.jpg</path>
	<source>
		<database>Unspecified</database>
	</source>
	<size>
		<width>1280</width>
		<height>720</height>
		<depth>3</depth>
	</size>
	<object>
		<name>smoke</name>
		<pose>Unspecified</pose>
		<truncated>Unspecified</truncated>
		<difficult>Unspecified</difficult>
		<bndbox>
			<xmin>529</xmin>
			<ymin>18</ymin>
			<xmax>844</xmax>
			<ymax>147</ymax>
		</bndbox>
	</object>
	<object>
		<name>fire</name>
		<pose>Unspecified</pose>
		<truncated>Unspecified</truncated>
		<difficult>Unspecified</difficult>
		<bndbox>
			<xmin>563</xmin>
			<ymin>177</ymin>
			<xmax>619</xmax>
			<ymax>220</ymax>
		</bndbox>
	</object>
	<object>
		<name>fire</name>
		<pose>Unspecified</pose>
		<truncated>Unspecified</truncated>
		<difficult>Unspecified</difficult>
		<bndbox>
			<xmin>1006</xmin>
			<ymin>271</ymin>
			<xmax>1280</xmax>
			<ymax>505</ymax>
		</bndbox>
	</object>
	<object>
		<name>fire</name>
		<pose>Unspecified</pose>
		<truncated>Unspecified</truncated>
		<difficult>Unspecified</difficult>
		<bndbox>
			<xmin>1082</xmin>
			<ymin>613</ymin>
			<xmax>1280</xmax>
			<ymax>704</ymax>
		</bndbox>
	</object>
	<object>
		<name>fire</name>
		<pose>Unspecified</pose>
		<truncated>Unspecified</truncated>
		<difficult>Unspecified</difficult>
		<bndbox>
			<xmin>785</xmin>
			<ymin>439</ymin>
			<xmax>925</xmax>
			<ymax>577</ymax>
		</bndbox>
	</object>
	<object>
		<name>fire</name>
		<pose>Unspecified</pose>
		<truncated>Unspecified</truncated>
		<difficult>Unspecified</difficult>
		<bndbox>
			<xmin>540</xmin>
			<ymin>445</ymin>
			<xmax>621</xmax>
			<ymax>513</ymax>
		</bndbox>
	</object>
	<object>
		<name>fire</name>
		<pose>Unspecified</pose>
		<truncated>Unspecified</truncated>
		<difficult>Unspecified</difficult>
		<bndbox>
			<xmin>733</xmin>
			<ymin>626</ymin>
			<xmax>819</xmax>
			<ymax>704</ymax>
		</bndbox>
	</object>
	<object>
		<name>fire</name>
		<pose>Unspecified</pose>
		<truncated>Unspecified</truncated>
		<difficult>Unspecified</difficult>
		<bndbox>
			<xmin>821</xmin>
			<ymin>196</ymin>
			<xmax>933</xmax>
			<ymax>247</ymax>
		</bndbox>
	</object>
</annotation>