<annotation>
	<folder>my-project-name</folder>
	<filename>fire.722.png</filename>
	<path>/my-project-name/fire.722.png</path>
	<source>
		<database>Unspecified</database>
	</source>
	<size>
		<width>1200</width>
		<height>814</height>
		<depth>3</depth>
	</size>
	<object>
		<name>fire</name>
		<pose>Unspecified</pose>
		<truncated>Unspecified</truncated>
		<difficult>Unspecified</difficult>
		<bndbox>
			<xmin>763</xmin>
			<ymin>511</ymin>
			<xmax>1115</xmax>
			<ymax>667</ymax>
		</bndbox>
	</object>
	<object>
		<name>fire</name>
		<pose>Unspecified</pose>
		<truncated>Unspecified</truncated>
		<difficult>Unspecified</difficult>
		<bndbox>
			<xmin>1065</xmin>
			<ymin>483</ymin>
			<xmax>1088</xmax>
			<ymax>501</ymax>
		</bndbox>
	</object>
	<object>
		<name>fire</name>
		<pose>Unspecified</pose>
		<truncated>Unspecified</truncated>
		<difficult>Unspecified</difficult>
		<bndbox>
			<xmin>1131</xmin>
			<ymin>474</ymin>
			<xmax>1173</xmax>
			<ymax>511</ymax>
		</bndbox>
	</object>
	<object>
		<name>fire</name>
		<pose>Unspecified</pose>
		<truncated>Unspecified</truncated>
		<difficult>Unspecified</difficult>
		<bndbox>
			<xmin>384</xmin>
			<ymin>365</ymin>
			<xmax>931</xmax>
			<ymax>485</ymax>
		</bndbox>
	</object>
	<object>
		<name>fire</name>
		<pose>Unspecified</pose>
		<truncated>Unspecified</truncated>
		<difficult>Unspecified</difficult>
		<bndbox>
			<xmin>101</xmin>
			<ymin>393</ymin>
			<xmax>205</xmax>
			<ymax>465</ymax>
		</bndbox>
	</object>
</annotation>