<annotation>
	<folder>my-project-name</folder>
	<filename>fireBig989.jpg</filename>
	<path>/my-project-name/fireBig989.jpg</path>
	<source>
		<database>Unspecified</database>
	</source>
	<size>
		<width>1280</width>
		<height>720</height>
		<depth>3</depth>
	</size>
	<object>
		<name>fire</name>
		<pose>Unspecified</pose>
		<truncated>Unspecified</truncated>
		<difficult>Unspecified</difficult>
		<bndbox>
			<xmin>716</xmin>
			<ymin>364</ymin>
			<xmax>1103</xmax>
			<ymax>536</ymax>
		</bndbox>
	</object>
	<object>
		<name>fire</name>
		<pose>Unspecified</pose>
		<truncated>Unspecified</truncated>
		<difficult>Unspecified</difficult>
		<bndbox>
			<xmin>574</xmin>
			<ymin>454</ymin>
			<xmax>657</xmax>
			<ymax>511</ymax>
		</bndbox>
	</object>
	<object>
		<name>fire</name>
		<pose>Unspecified</pose>
		<truncated>Unspecified</truncated>
		<difficult>Unspecified</difficult>
		<bndbox>
			<xmin>436</xmin>
			<ymin>390</ymin>
			<xmax>538</xmax>
			<ymax>437</ymax>
		</bndbox>
	</object>
	<object>
		<name>fire</name>
		<pose>Unspecified</pose>
		<truncated>Unspecified</truncated>
		<difficult>Unspecified</difficult>
		<bndbox>
			<xmin>223</xmin>
			<ymin>279</ymin>
			<xmax>368</xmax>
			<ymax>434</ymax>
		</bndbox>
	</object>
	<object>
		<name>smoke</name>
		<pose>Unspecified</pose>
		<truncated>Unspecified</truncated>
		<difficult>Unspecified</difficult>
		<bndbox>
			<xmin>357</xmin>
			<ymin>71</ymin>
			<xmax>1014</xmax>
			<ymax>290</ymax>
		</bndbox>
	</object>
</annotation>