<annotation>
	<folder>my-project-name</folder>
	<filename>fireBig1025.jpg</filename>
	<path>/my-project-name/fireBig1025.jpg</path>
	<source>
		<database>Unspecified</database>
	</source>
	<size>
		<width>1280</width>
		<height>720</height>
		<depth>3</depth>
	</size>
	<object>
		<name>smoke</name>
		<pose>Unspecified</pose>
		<truncated>Unspecified</truncated>
		<difficult>Unspecified</difficult>
		<bndbox>
			<xmin>321</xmin>
			<ymin>0</ymin>
			<xmax>740</xmax>
			<ymax>626</ymax>
		</bndbox>
	</object>
	<object>
		<name>fire</name>
		<pose>Unspecified</pose>
		<truncated>Unspecified</truncated>
		<difficult>Unspecified</difficult>
		<bndbox>
			<xmin>461</xmin>
			<ymin>607</ymin>
			<xmax>702</xmax>
			<ymax>662</ymax>
		</bndbox>
	</object>
</annotation>