<annotation>
	<folder>my-project-name</folder>
	<filename>fire.339.png</filename>
	<path>/my-project-name/fire.339.png</path>
	<source>
		<database>Unspecified</database>
	</source>
	<size>
		<width>1280</width>
		<height>720</height>
		<depth>3</depth>
	</size>
	<object>
		<name>smoke</name>
		<pose>Unspecified</pose>
		<truncated>Unspecified</truncated>
		<difficult>Unspecified</difficult>
		<bndbox>
			<xmin>270</xmin>
			<ymin>118</ymin>
			<xmax>1070</xmax>
			<ymax>481</ymax>
		</bndbox>
	</object>
</annotation>