<annotation>
	<folder>my-project-name</folder>
	<filename>fire.338.png</filename>
	<path>/my-project-name/fire.338.png</path>
	<source>
		<database>Unspecified</database>
	</source>
	<size>
		<width>5275</width>
		<height>3712</height>
		<depth>3</depth>
	</size>
	<object>
		<name>fire</name>
		<pose>Unspecified</pose>
		<truncated>Unspecified</truncated>
		<difficult>Unspecified</difficult>
		<bndbox>
			<xmin>3791</xmin>
			<ymin>2354</ymin>
			<xmax>4833</xmax>
			<ymax>3143</ymax>
		</bndbox>
	</object>
	<object>
		<name>fire</name>
		<pose>Unspecified</pose>
		<truncated>Unspecified</truncated>
		<difficult>Unspecified</difficult>
		<bndbox>
			<xmin>5125</xmin>
			<ymin>2132</ymin>
			<xmax>5275</xmax>
			<ymax>2298</ymax>
		</bndbox>
	</object>
	<object>
		<name>fire</name>
		<pose>Unspecified</pose>
		<truncated>Unspecified</truncated>
		<difficult>Unspecified</difficult>
		<bndbox>
			<xmin>0</xmin>
			<ymin>2843</ymin>
			<xmax>379</xmax>
			<ymax>2977</ymax>
		</bndbox>
	</object>
	<object>
		<name>fire</name>
		<pose>Unspecified</pose>
		<truncated>Unspecified</truncated>
		<difficult>Unspecified</difficult>
		<bndbox>
			<xmin>0</xmin>
			<ymin>2053</ymin>
			<xmax>900</xmax>
			<ymax>2741</ymax>
		</bndbox>
	</object>
	<object>
		<name>fire</name>
		<pose>Unspecified</pose>
		<truncated>Unspecified</truncated>
		<difficult>Unspecified</difficult>
		<bndbox>
			<xmin>0</xmin>
			<ymin>845</ymin>
			<xmax>86</xmax>
			<ymax>995</ymax>
		</bndbox>
	</object>
	<object>
		<name>fire</name>
		<pose>Unspecified</pose>
		<truncated>Unspecified</truncated>
		<difficult>Unspecified</difficult>
		<bndbox>
			<xmin>545</xmin>
			<ymin>1035</ymin>
			<xmax>687</xmax>
			<ymax>1208</ymax>
		</bndbox>
	</object>
	<object>
		<name>fire</name>
		<pose>Unspecified</pose>
		<truncated>Unspecified</truncated>
		<difficult>Unspecified</difficult>
		<bndbox>
			<xmin>2337</xmin>
			<ymin>2275</ymin>
			<xmax>2472</xmax>
			<ymax>2425</ymax>
		</bndbox>
	</object>
	<object>
		<name>fire</name>
		<pose>Unspecified</pose>
		<truncated>Unspecified</truncated>
		<difficult>Unspecified</difficult>
		<bndbox>
			<xmin>2148</xmin>
			<ymin>2448</ymin>
			<xmax>2243</xmax>
			<ymax>2630</ymax>
		</bndbox>
	</object>
	<object>
		<name>fire</name>
		<pose>Unspecified</pose>
		<truncated>Unspecified</truncated>
		<difficult>Unspecified</difficult>
		<bndbox>
			<xmin>2029</xmin>
			<ymin>2022</ymin>
			<xmax>2235</xmax>
			<ymax>2204</ymax>
		</bndbox>
	</object>
</annotation>