<annotation>
	<folder>my-project-name</folder>
	<filename>fireBig1844.jpg</filename>
	<path>/my-project-name/fireBig1844.jpg</path>
	<source>
		<database>Unspecified</database>
	</source>
	<size>
		<width>1280</width>
		<height>720</height>
		<depth>3</depth>
	</size>
	<object>
		<name>smoke</name>
		<pose>Unspecified</pose>
		<truncated>Unspecified</truncated>
		<difficult>Unspecified</difficult>
		<bndbox>
			<xmin>234</xmin>
			<ymin>0</ymin>
			<xmax>695</xmax>
			<ymax>286</ymax>
		</bndbox>
	</object>
	<object>
		<name>smoke</name>
		<pose>Unspecified</pose>
		<truncated>Unspecified</truncated>
		<difficult>Unspecified</difficult>
		<bndbox>
			<xmin>723</xmin>
			<ymin>54</ymin>
			<xmax>806</xmax>
			<ymax>207</ymax>
		</bndbox>
	</object>
	<object>
		<name>fire</name>
		<pose>Unspecified</pose>
		<truncated>Unspecified</truncated>
		<difficult>Unspecified</difficult>
		<bndbox>
			<xmin>310</xmin>
			<ymin>436</ymin>
			<xmax>366</xmax>
			<ymax>464</ymax>
		</bndbox>
	</object>
	<object>
		<name>fire</name>
		<pose>Unspecified</pose>
		<truncated>Unspecified</truncated>
		<difficult>Unspecified</difficult>
		<bndbox>
			<xmin>423</xmin>
			<ymin>547</ymin>
			<xmax>544</xmax>
			<ymax>594</ymax>
		</bndbox>
	</object>
</annotation>