<annotation>
	<folder>my-project-name</folder>
	<filename>fireBig1889.jpg</filename>
	<path>/my-project-name/fireBig1889.jpg</path>
	<source>
		<database>Unspecified</database>
	</source>
	<size>
		<width>1280</width>
		<height>720</height>
		<depth>3</depth>
	</size>
	<object>
		<name>fire</name>
		<pose>Unspecified</pose>
		<truncated>Unspecified</truncated>
		<difficult>Unspecified</difficult>
		<bndbox>
			<xmin>816</xmin>
			<ymin>267</ymin>
			<xmax>901</xmax>
			<ymax>394</ymax>
		</bndbox>
	</object>
	<object>
		<name>fire</name>
		<pose>Unspecified</pose>
		<truncated>Unspecified</truncated>
		<difficult>Unspecified</difficult>
		<bndbox>
			<xmin>1152</xmin>
			<ymin>366</ymin>
			<xmax>1214</xmax>
			<ymax>413</ymax>
		</bndbox>
	</object>
	<object>
		<name>fire</name>
		<pose>Unspecified</pose>
		<truncated>Unspecified</truncated>
		<difficult>Unspecified</difficult>
		<bndbox>
			<xmin>963</xmin>
			<ymin>577</ymin>
			<xmax>1146</xmax>
			<ymax>713</ymax>
		</bndbox>
	</object>
	<object>
		<name>fire</name>
		<pose>Unspecified</pose>
		<truncated>Unspecified</truncated>
		<difficult>Unspecified</difficult>
		<bndbox>
			<xmin>827</xmin>
			<ymin>105</ymin>
			<xmax>897</xmax>
			<ymax>162</ymax>
		</bndbox>
	</object>
</annotation>