<annotation>
	<folder>my-project-name</folder>
	<filename>fire.337.png</filename>
	<path>/my-project-name/fire.337.png</path>
	<source>
		<database>Unspecified</database>
	</source>
	<size>
		<width>1000</width>
		<height>667</height>
		<depth>3</depth>
	</size>
	<object>
		<name>fire</name>
		<pose>Unspecified</pose>
		<truncated>Unspecified</truncated>
		<difficult>Unspecified</difficult>
		<bndbox>
			<xmin>145</xmin>
			<ymin>522</ymin>
			<xmax>183</xmax>
			<ymax>571</ymax>
		</bndbox>
	</object>
	<object>
		<name>fire</name>
		<pose>Unspecified</pose>
		<truncated>Unspecified</truncated>
		<difficult>Unspecified</difficult>
		<bndbox>
			<xmin>270</xmin>
			<ymin>525</ymin>
			<xmax>330</xmax>
			<ymax>553</ymax>
		</bndbox>
	</object>
	<object>
		<name>fire</name>
		<pose>Unspecified</pose>
		<truncated>Unspecified</truncated>
		<difficult>Unspecified</difficult>
		<bndbox>
			<xmin>341</xmin>
			<ymin>493</ymin>
			<xmax>403</xmax>
			<ymax>580</ymax>
		</bndbox>
	</object>
	<object>
		<name>fire</name>
		<pose>Unspecified</pose>
		<truncated>Unspecified</truncated>
		<difficult>Unspecified</difficult>
		<bndbox>
			<xmin>448</xmin>
			<ymin>515</ymin>
			<xmax>497</xmax>
			<ymax>565</ymax>
		</bndbox>
	</object>
	<object>
		<name>fire</name>
		<pose>Unspecified</pose>
		<truncated>Unspecified</truncated>
		<difficult>Unspecified</difficult>
		<bndbox>
			<xmin>587</xmin>
			<ymin>478</ymin>
			<xmax>642</xmax>
			<ymax>544</ymax>
		</bndbox>
	</object>
	<object>
		<name>fire</name>
		<pose>Unspecified</pose>
		<truncated>Unspecified</truncated>
		<difficult>Unspecified</difficult>
		<bndbox>
			<xmin>699</xmin>
			<ymin>477</ymin>
			<xmax>732</xmax>
			<ymax>505</ymax>
		</bndbox>
	</object>
	<object>
		<name>fire</name>
		<pose>Unspecified</pose>
		<truncated>Unspecified</truncated>
		<difficult>Unspecified</difficult>
		<bndbox>
			<xmin>628</xmin>
			<ymin>280</ymin>
			<xmax>661</xmax>
			<ymax>301</ymax>
		</bndbox>
	</object>
	<object>
		<name>fire</name>
		<pose>Unspecified</pose>
		<truncated>Unspecified</truncated>
		<difficult>Unspecified</difficult>
		<bndbox>
			<xmin>471</xmin>
			<ymin>289</ymin>
			<xmax>494</xmax>
			<ymax>304</ymax>
		</bndbox>
	</object>
	<object>
		<name>fire</name>
		<pose>Unspecified</pose>
		<truncated>Unspecified</truncated>
		<difficult>Unspecified</difficult>
		<bndbox>
			<xmin>501</xmin>
			<ymin>353</ymin>
			<xmax>525</xmax>
			<ymax>388</ymax>
		</bndbox>
	</object>
	<object>
		<name>smoke</name>
		<pose>Unspecified</pose>
		<truncated>Unspecified</truncated>
		<difficult>Unspecified</difficult>
		<bndbox>
			<xmin>277</xmin>
			<ymin>283</ymin>
			<xmax>445</xmax>
			<ymax>391</ymax>
		</bndbox>
	</object>
	<object>
		<name>smoke</name>
		<pose>Unspecified</pose>
		<truncated>Unspecified</truncated>
		<difficult>Unspecified</difficult>
		<bndbox>
			<xmin>462</xmin>
			<ymin>179</ymin>
			<xmax>642</xmax>
			<ymax>264</ymax>
		</bndbox>
	</object>
	<object>
		<name>smoke</name>
		<pose>Unspecified</pose>
		<truncated>Unspecified</truncated>
		<difficult>Unspecified</difficult>
		<bndbox>
			<xmin>558</xmin>
			<ymin>323</ymin>
			<xmax>721</xmax>
			<ymax>398</ymax>
		</bndbox>
	</object>
</annotation>