<annotation>
	<folder>my-project-name</folder>
	<filename>fire.297.png</filename>
	<path>/my-project-name/fire.297.png</path>
	<source>
		<database>Unspecified</database>
	</source>
	<size>
		<width>648</width>
		<height>365</height>
		<depth>3</depth>
	</size>
	<object>
		<name>fire</name>
		<pose>Unspecified</pose>
		<truncated>Unspecified</truncated>
		<difficult>Unspecified</difficult>
		<bndbox>
			<xmin>103</xmin>
			<ymin>291</ymin>
			<xmax>206</xmax>
			<ymax>334</ymax>
		</bndbox>
	</object>
	<object>
		<name>fire</name>
		<pose>Unspecified</pose>
		<truncated>Unspecified</truncated>
		<difficult>Unspecified</difficult>
		<bndbox>
			<xmin>298</xmin>
			<ymin>269</ymin>
			<xmax>316</xmax>
			<ymax>293</ymax>
		</bndbox>
	</object>
	<object>
		<name>fire</name>
		<pose>Unspecified</pose>
		<truncated>Unspecified</truncated>
		<difficult>Unspecified</difficult>
		<bndbox>
			<xmin>420</xmin>
			<ymin>304</ymin>
			<xmax>450</xmax>
			<ymax>345</ymax>
		</bndbox>
	</object>
	<object>
		<name>smoke</name>
		<pose>Unspecified</pose>
		<truncated>Unspecified</truncated>
		<difficult>Unspecified</difficult>
		<bndbox>
			<xmin>448</xmin>
			<ymin>168</ymin>
			<xmax>636</xmax>
			<ymax>335</ymax>
		</bndbox>
	</object>
</annotation>