<annotation>
	<folder>my-project-name</folder>
	<filename>fireBig1893.jpg</filename>
	<path>/my-project-name/fireBig1893.jpg</path>
	<source>
		<database>Unspecified</database>
	</source>
	<size>
		<width>1280</width>
		<height>720</height>
		<depth>3</depth>
	</size>
	<object>
		<name>fire</name>
		<pose>Unspecified</pose>
		<truncated>Unspecified</truncated>
		<difficult>Unspecified</difficult>
		<bndbox>
			<xmin>1135</xmin>
			<ymin>330</ymin>
			<xmax>1280</xmax>
			<ymax>528</ymax>
		</bndbox>
	</object>
	<object>
		<name>fire</name>
		<pose>Unspecified</pose>
		<truncated>Unspecified</truncated>
		<difficult>Unspecified</difficult>
		<bndbox>
			<xmin>855</xmin>
			<ymin>513</ymin>
			<xmax>902</xmax>
			<ymax>558</ymax>
		</bndbox>
	</object>
	<object>
		<name>fire</name>
		<pose>Unspecified</pose>
		<truncated>Unspecified</truncated>
		<difficult>Unspecified</difficult>
		<bndbox>
			<xmin>929</xmin>
			<ymin>526</ymin>
			<xmax>982</xmax>
			<ymax>558</ymax>
		</bndbox>
	</object>
	<object>
		<name>fire</name>
		<pose>Unspecified</pose>
		<truncated>Unspecified</truncated>
		<difficult>Unspecified</difficult>
		<bndbox>
			<xmin>578</xmin>
			<ymin>454</ymin>
			<xmax>661</xmax>
			<ymax>539</ymax>
		</bndbox>
	</object>
	<object>
		<name>fire</name>
		<pose>Unspecified</pose>
		<truncated>Unspecified</truncated>
		<difficult>Unspecified</difficult>
		<bndbox>
			<xmin>702</xmin>
			<ymin>162</ymin>
			<xmax>1036</xmax>
			<ymax>279</ymax>
		</bndbox>
	</object>
	<object>
		<name>fire</name>
		<pose>Unspecified</pose>
		<truncated>Unspecified</truncated>
		<difficult>Unspecified</difficult>
		<bndbox>
			<xmin>638</xmin>
			<ymin>130</ymin>
			<xmax>670</xmax>
			<ymax>183</ymax>
		</bndbox>
	</object>
	<object>
		<name>fire</name>
		<pose>Unspecified</pose>
		<truncated>Unspecified</truncated>
		<difficult>Unspecified</difficult>
		<bndbox>
			<xmin>595</xmin>
			<ymin>64</ymin>
			<xmax>661</xmax>
			<ymax>116</ymax>
		</bndbox>
	</object>
	<object>
		<name>fire</name>
		<pose>Unspecified</pose>
		<truncated>Unspecified</truncated>
		<difficult>Unspecified</difficult>
		<bndbox>
			<xmin>791</xmin>
			<ymin>690</ymin>
			<xmax>825</xmax>
			<ymax>720</ymax>
		</bndbox>
	</object>
	<object>
		<name>fire</name>
		<pose>Unspecified</pose>
		<truncated>Unspecified</truncated>
		<difficult>Unspecified</difficult>
		<bndbox>
			<xmin>1220</xmin>
			<ymin>700</ymin>
			<xmax>1259</xmax>
			<ymax>720</ymax>
		</bndbox>
	</object>
	<object>
		<name>smoke</name>
		<pose>Unspecified</pose>
		<truncated>Unspecified</truncated>
		<difficult>Unspecified</difficult>
		<bndbox>
			<xmin>468</xmin>
			<ymin>190</ymin>
			<xmax>695</xmax>
			<ymax>385</ymax>
		</bndbox>
	</object>
</annotation>