<annotation>
	<folder>my-project-name</folder>
	<filename>fire.342.png</filename>
	<path>/my-project-name/fire.342.png</path>
	<source>
		<database>Unspecified</database>
	</source>
	<size>
		<width>950</width>
		<height>633</height>
		<depth>3</depth>
	</size>
	<object>
		<name>fire</name>
		<pose>Unspecified</pose>
		<truncated>Unspecified</truncated>
		<difficult>Unspecified</difficult>
		<bndbox>
			<xmin>0</xmin>
			<ymin>1</ymin>
			<xmax>950</xmax>
			<ymax>424</ymax>
		</bndbox>
	</object>
	<object>
		<name>fire</name>
		<pose>Unspecified</pose>
		<truncated>Unspecified</truncated>
		<difficult>Unspecified</difficult>
		<bndbox>
			<xmin>657</xmin>
			<ymin>531</ymin>
			<xmax>715</xmax>
			<ymax>560</ymax>
		</bndbox>
	</object>
	<object>
		<name>fire</name>
		<pose>Unspecified</pose>
		<truncated>Unspecified</truncated>
		<difficult>Unspecified</difficult>
		<bndbox>
			<xmin>626</xmin>
			<ymin>601</ymin>
			<xmax>678</xmax>
			<ymax>629</ymax>
		</bndbox>
	</object>
	<object>
		<name>fire</name>
		<pose>Unspecified</pose>
		<truncated>Unspecified</truncated>
		<difficult>Unspecified</difficult>
		<bndbox>
			<xmin>514</xmin>
			<ymin>492</ymin>
			<xmax>535</xmax>
			<ymax>514</ymax>
		</bndbox>
	</object>
	<object>
		<name>fire</name>
		<pose>Unspecified</pose>
		<truncated>Unspecified</truncated>
		<difficult>Unspecified</difficult>
		<bndbox>
			<xmin>933</xmin>
			<ymin>531</ymin>
			<xmax>950</xmax>
			<ymax>550</ymax>
		</bndbox>
	</object>
</annotation>