<annotation>
	<folder>my-project-name</folder>
	<filename>fire.403.png</filename>
	<path>/my-project-name/fire.403.png</path>
	<source>
		<database>Unspecified</database>
	</source>
	<size>
		<width>1200</width>
		<height>900</height>
		<depth>3</depth>
	</size>
	<object>
		<name>fire</name>
		<pose>Unspecified</pose>
		<truncated>Unspecified</truncated>
		<difficult>Unspecified</difficult>
		<bndbox>
			<xmin>35</xmin>
			<ymin>400</ymin>
			<xmax>763</xmax>
			<ymax>594</ymax>
		</bndbox>
	</object>
	<object>
		<name>fire</name>
		<pose>Unspecified</pose>
		<truncated>Unspecified</truncated>
		<difficult>Unspecified</difficult>
		<bndbox>
			<xmin>8</xmin>
			<ymin>213</ymin>
			<xmax>506</xmax>
			<ymax>417</ymax>
		</bndbox>
	</object>
	<object>
		<name>fire</name>
		<pose>Unspecified</pose>
		<truncated>Unspecified</truncated>
		<difficult>Unspecified</difficult>
		<bndbox>
			<xmin>154</xmin>
			<ymin>82</ymin>
			<xmax>284</xmax>
			<ymax>169</ymax>
		</bndbox>
	</object>
	<object>
		<name>smoke</name>
		<pose>Unspecified</pose>
		<truncated>Unspecified</truncated>
		<difficult>Unspecified</difficult>
		<bndbox>
			<xmin>322</xmin>
			<ymin>0</ymin>
			<xmax>679</xmax>
			<ymax>287</ymax>
		</bndbox>
	</object>
</annotation>