<annotation>
	<folder>my-project-name</folder>
	<filename>fire.120.png</filename>
	<path>/my-project-name/fire.120.png</path>
	<source>
		<database>Unspecified</database>
	</source>
	<size>
		<width>1200</width>
		<height>800</height>
		<depth>3</depth>
	</size>
	<object>
		<name>fire</name>
		<pose>Unspecified</pose>
		<truncated>Unspecified</truncated>
		<difficult>Unspecified</difficult>
		<bndbox>
			<xmin>800</xmin>
			<ymin>195</ymin>
			<xmax>989</xmax>
			<ymax>361</ymax>
		</bndbox>
	</object>
	<object>
		<name>fire</name>
		<pose>Unspecified</pose>
		<truncated>Unspecified</truncated>
		<difficult>Unspecified</difficult>
		<bndbox>
			<xmin>510</xmin>
			<ymin>278</ymin>
			<xmax>600</xmax>
			<ymax>381</ymax>
		</bndbox>
	</object>
	<object>
		<name>fire</name>
		<pose>Unspecified</pose>
		<truncated>Unspecified</truncated>
		<difficult>Unspecified</difficult>
		<bndbox>
			<xmin>531</xmin>
			<ymin>207</ymin>
			<xmax>639</xmax>
			<ymax>265</ymax>
		</bndbox>
	</object>
</annotation>