<annotation>
	<folder>my-project-name</folder>
	<filename>fire.99.png</filename>
	<path>/my-project-name/fire.99.png</path>
	<source>
		<database>Unspecified</database>
	</source>
	<size>
		<width>615</width>
		<height>410</height>
		<depth>3</depth>
	</size>
	<object>
		<name>fire</name>
		<pose>Unspecified</pose>
		<truncated>Unspecified</truncated>
		<difficult>Unspecified</difficult>
		<bndbox>
			<xmin>168</xmin>
			<ymin>32</ymin>
			<xmax>451</xmax>
			<ymax>230</ymax>
		</bndbox>
	</object>
	<object>
		<name>fire</name>
		<pose>Unspecified</pose>
		<truncated>Unspecified</truncated>
		<difficult>Unspecified</difficult>
		<bndbox>
			<xmin>317</xmin>
			<ymin>255</ymin>
			<xmax>351</xmax>
			<ymax>278</ymax>
		</bndbox>
	</object>
	<object>
		<name>fire</name>
		<pose>Unspecified</pose>
		<truncated>Unspecified</truncated>
		<difficult>Unspecified</difficult>
		<bndbox>
			<xmin>274</xmin>
			<ymin>259</ymin>
			<xmax>335</xmax>
			<ymax>316</ymax>
		</bndbox>
	</object>
</annotation>