<annotation>
	<folder>my-project-name</folder>
	<filename>fireBig1259.jpg</filename>
	<path>/my-project-name/fireBig1259.jpg</path>
	<source>
		<database>Unspecified</database>
	</source>
	<size>
		<width>1280</width>
		<height>720</height>
		<depth>3</depth>
	</size>
	<object>
		<name>fire</name>
		<pose>Unspecified</pose>
		<truncated>Unspecified</truncated>
		<difficult>Unspecified</difficult>
		<bndbox>
			<xmin>651</xmin>
			<ymin>320</ymin>
			<xmax>838</xmax>
			<ymax>588</ymax>
		</bndbox>
	</object>
	<object>
		<name>fire</name>
		<pose>Unspecified</pose>
		<truncated>Unspecified</truncated>
		<difficult>Unspecified</difficult>
		<bndbox>
			<xmin>300</xmin>
			<ymin>300</ymin>
			<xmax>400</xmax>
			<ymax>371</ymax>
		</bndbox>
	</object>
	<object>
		<name>smoke</name>
		<pose>Unspecified</pose>
		<truncated>Unspecified</truncated>
		<difficult>Unspecified</difficult>
		<bndbox>
			<xmin>117</xmin>
			<ymin>0</ymin>
			<xmax>810</xmax>
			<ymax>220</ymax>
		</bndbox>
	</object>
</annotation>