<annotation>
	<folder>my-project-name</folder>
	<filename>fire.412.png</filename>
	<path>/my-project-name/fire.412.png</path>
	<source>
		<database>Unspecified</database>
	</source>
	<size>
		<width>945</width>
		<height>629</height>
		<depth>3</depth>
	</size>
	<object>
		<name>fire</name>
		<pose>Unspecified</pose>
		<truncated>Unspecified</truncated>
		<difficult>Unspecified</difficult>
		<bndbox>
			<xmin>794</xmin>
			<ymin>386</ymin>
			<xmax>847</xmax>
			<ymax>419</ymax>
		</bndbox>
	</object>
	<object>
		<name>fire</name>
		<pose>Unspecified</pose>
		<truncated>Unspecified</truncated>
		<difficult>Unspecified</difficult>
		<bndbox>
			<xmin>627</xmin>
			<ymin>351</ymin>
			<xmax>647</xmax>
			<ymax>384</ymax>
		</bndbox>
	</object>
</annotation>