<annotation>
	<folder>my-project-name</folder>
	<filename>fireBig1221.jpg</filename>
	<path>/my-project-name/fireBig1221.jpg</path>
	<source>
		<database>Unspecified</database>
	</source>
	<size>
		<width>1280</width>
		<height>720</height>
		<depth>3</depth>
	</size>
	<object>
		<name>fire</name>
		<pose>Unspecified</pose>
		<truncated>Unspecified</truncated>
		<difficult>Unspecified</difficult>
		<bndbox>
			<xmin>696</xmin>
			<ymin>409</ymin>
			<xmax>799</xmax>
			<ymax>490</ymax>
		</bndbox>
	</object>
	<object>
		<name>fire</name>
		<pose>Unspecified</pose>
		<truncated>Unspecified</truncated>
		<difficult>Unspecified</difficult>
		<bndbox>
			<xmin>966</xmin>
			<ymin>357</ymin>
			<xmax>1009</xmax>
			<ymax>399</ymax>
		</bndbox>
	</object>
	<object>
		<name>fire</name>
		<pose>Unspecified</pose>
		<truncated>Unspecified</truncated>
		<difficult>Unspecified</difficult>
		<bndbox>
			<xmin>902</xmin>
			<ymin>424</ymin>
			<xmax>935</xmax>
			<ymax>456</ymax>
		</bndbox>
	</object>
	<object>
		<name>fire</name>
		<pose>Unspecified</pose>
		<truncated>Unspecified</truncated>
		<difficult>Unspecified</difficult>
		<bndbox>
			<xmin>1103</xmin>
			<ymin>403</ymin>
			<xmax>1144</xmax>
			<ymax>449</ymax>
		</bndbox>
	</object>
	<object>
		<name>fire</name>
		<pose>Unspecified</pose>
		<truncated>Unspecified</truncated>
		<difficult>Unspecified</difficult>
		<bndbox>
			<xmin>1221</xmin>
			<ymin>373</ymin>
			<xmax>1280</xmax>
			<ymax>447</ymax>
		</bndbox>
	</object>
</annotation>