<annotation>
	<folder>my-project-name</folder>
	<filename>fire.129.png</filename>
	<path>/my-project-name/fire.129.png</path>
	<source>
		<database>Unspecified</database>
	</source>
	<size>
		<width>614</width>
		<height>430</height>
		<depth>3</depth>
	</size>
	<object>
		<name>fire</name>
		<pose>Unspecified</pose>
		<truncated>Unspecified</truncated>
		<difficult>Unspecified</difficult>
		<bndbox>
			<xmin>233</xmin>
			<ymin>31</ymin>
			<xmax>407</xmax>
			<ymax>326</ymax>
		</bndbox>
	</object>
</annotation>