<annotation>
	<folder>my-project-name</folder>
	<filename>fire.79.png</filename>
	<path>/my-project-name/fire.79.png</path>
	<source>
		<database>Unspecified</database>
	</source>
	<size>
		<width>730</width>
		<height>548</height>
		<depth>3</depth>
	</size>
	<object>
		<name>fire</name>
		<pose>Unspecified</pose>
		<truncated>Unspecified</truncated>
		<difficult>Unspecified</difficult>
		<bndbox>
			<xmin>336</xmin>
			<ymin>305</ymin>
			<xmax>487</xmax>
			<ymax>430</ymax>
		</bndbox>
	</object>
	<object>
		<name>fire</name>
		<pose>Unspecified</pose>
		<truncated>Unspecified</truncated>
		<difficult>Unspecified</difficult>
		<bndbox>
			<xmin>210</xmin>
			<ymin>105</ymin>
			<xmax>296</xmax>
			<ymax>223</ymax>
		</bndbox>
	</object>
	<object>
		<name>fire</name>
		<pose>Unspecified</pose>
		<truncated>Unspecified</truncated>
		<difficult>Unspecified</difficult>
		<bndbox>
			<xmin>161</xmin>
			<ymin>351</ymin>
			<xmax>317</xmax>
			<ymax>429</ymax>
		</bndbox>
	</object>
</annotation>