<annotation>
	<folder>my-project-name</folder>
	<filename>fire.114.png</filename>
	<path>/my-project-name/fire.114.png</path>
	<source>
		<database>Unspecified</database>
	</source>
	<size>
		<width>926</width>
		<height>633</height>
		<depth>3</depth>
	</size>
	<object>
		<name>fire</name>
		<pose>Unspecified</pose>
		<truncated>Unspecified</truncated>
		<difficult>Unspecified</difficult>
		<bndbox>
			<xmin>0</xmin>
			<ymin>356</ymin>
			<xmax>123</xmax>
			<ymax>625</ymax>
		</bndbox>
	</object>
	<object>
		<name>fire</name>
		<pose>Unspecified</pose>
		<truncated>Unspecified</truncated>
		<difficult>Unspecified</difficult>
		<bndbox>
			<xmin>126</xmin>
			<ymin>301</ymin>
			<xmax>519</xmax>
			<ymax>519</ymax>
		</bndbox>
	</object>
	<object>
		<name>fire</name>
		<pose>Unspecified</pose>
		<truncated>Unspecified</truncated>
		<difficult>Unspecified</difficult>
		<bndbox>
			<xmin>380</xmin>
			<ymin>226</ymin>
			<xmax>452</xmax>
			<ymax>291</ymax>
		</bndbox>
	</object>
	<object>
		<name>fire</name>
		<pose>Unspecified</pose>
		<truncated>Unspecified</truncated>
		<difficult>Unspecified</difficult>
		<bndbox>
			<xmin>732</xmin>
			<ymin>237</ymin>
			<xmax>888</xmax>
			<ymax>345</ymax>
		</bndbox>
	</object>
</annotation>