<annotation>
	<folder>my-project-name</folder>
	<filename>fire.119.png</filename>
	<path>/my-project-name/fire.119.png</path>
	<source>
		<database>Unspecified</database>
	</source>
	<size>
		<width>898</width>
		<height>701</height>
		<depth>3</depth>
	</size>
	<object>
		<name>fire</name>
		<pose>Unspecified</pose>
		<truncated>Unspecified</truncated>
		<difficult>Unspecified</difficult>
		<bndbox>
			<xmin>735</xmin>
			<ymin>392</ymin>
			<xmax>779</xmax>
			<ymax>421</ymax>
		</bndbox>
	</object>
	<object>
		<name>fire</name>
		<pose>Unspecified</pose>
		<truncated>Unspecified</truncated>
		<difficult>Unspecified</difficult>
		<bndbox>
			<xmin>661</xmin>
			<ymin>394</ymin>
			<xmax>682</xmax>
			<ymax>418</ymax>
		</bndbox>
	</object>
	<object>
		<name>fire</name>
		<pose>Unspecified</pose>
		<truncated>Unspecified</truncated>
		<difficult>Unspecified</difficult>
		<bndbox>
			<xmin>597</xmin>
			<ymin>285</ymin>
			<xmax>788</xmax>
			<ymax>392</ymax>
		</bndbox>
	</object>
	<object>
		<name>fire</name>
		<pose>Unspecified</pose>
		<truncated>Unspecified</truncated>
		<difficult>Unspecified</difficult>
		<bndbox>
			<xmin>713</xmin>
			<ymin>504</ymin>
			<xmax>862</xmax>
			<ymax>701</ymax>
		</bndbox>
	</object>
	<object>
		<name>fire</name>
		<pose>Unspecified</pose>
		<truncated>Unspecified</truncated>
		<difficult>Unspecified</difficult>
		<bndbox>
			<xmin>546</xmin>
			<ymin>410</ymin>
			<xmax>725</xmax>
			<ymax>504</ymax>
		</bndbox>
	</object>
	<object>
		<name>fire</name>
		<pose>Unspecified</pose>
		<truncated>Unspecified</truncated>
		<difficult>Unspecified</difficult>
		<bndbox>
			<xmin>364</xmin>
			<ymin>433</ymin>
			<xmax>618</xmax>
			<ymax>698</ymax>
		</bndbox>
	</object>
	<object>
		<name>fire</name>
		<pose>Unspecified</pose>
		<truncated>Unspecified</truncated>
		<difficult>Unspecified</difficult>
		<bndbox>
			<xmin>0</xmin>
			<ymin>78</ymin>
			<xmax>368</xmax>
			<ymax>562</ymax>
		</bndbox>
	</object>
</annotation>