<annotation>
	<folder>my-project-name</folder>
	<filename>fire.133.png</filename>
	<path>/my-project-name/fire.133.png</path>
	<source>
		<database>Unspecified</database>
	</source>
	<size>
		<width>660</width>
		<height>330</height>
		<depth>3</depth>
	</size>
	<object>
		<name>fire</name>
		<pose>Unspecified</pose>
		<truncated>Unspecified</truncated>
		<difficult>Unspecified</difficult>
		<bndbox>
			<xmin>71</xmin>
			<ymin>0</ymin>
			<xmax>293</xmax>
			<ymax>221</ymax>
		</bndbox>
	</object>
	<object>
		<name>fire</name>
		<pose>Unspecified</pose>
		<truncated>Unspecified</truncated>
		<difficult>Unspecified</difficult>
		<bndbox>
			<xmin>292</xmin>
			<ymin>0</ymin>
			<xmax>590</xmax>
			<ymax>68</ymax>
		</bndbox>
	</object>
	<object>
		<name>fire</name>
		<pose>Unspecified</pose>
		<truncated>Unspecified</truncated>
		<difficult>Unspecified</difficult>
		<bndbox>
			<xmin>297</xmin>
			<ymin>72</ymin>
			<xmax>352</xmax>
			<ymax>109</ymax>
		</bndbox>
	</object>
</annotation>