<annotation>
	<folder>my-project-name</folder>
	<filename>fire.94.png</filename>
	<path>/my-project-name/fire.94.png</path>
	<source>
		<database>Unspecified</database>
	</source>
	<size>
		<width>1920</width>
		<height>1080</height>
		<depth>3</depth>
	</size>
	<object>
		<name>fire</name>
		<pose>Unspecified</pose>
		<truncated>Unspecified</truncated>
		<difficult>Unspecified</difficult>
		<bndbox>
			<xmin>1206</xmin>
			<ymin>401</ymin>
			<xmax>1390</xmax>
			<ymax>526</ymax>
		</bndbox>
	</object>
	<object>
		<name>fire</name>
		<pose>Unspecified</pose>
		<truncated>Unspecified</truncated>
		<difficult>Unspecified</difficult>
		<bndbox>
			<xmin>456</xmin>
			<ymin>447</ymin>
			<xmax>600</xmax>
			<ymax>585</ymax>
		</bndbox>
	</object>
	<object>
		<name>fire</name>
		<pose>Unspecified</pose>
		<truncated>Unspecified</truncated>
		<difficult>Unspecified</difficult>
		<bndbox>
			<xmin>770</xmin>
			<ymin>560</ymin>
			<xmax>852</xmax>
			<ymax>650</ymax>
		</bndbox>
	</object>
	<object>
		<name>fire</name>
		<pose>Unspecified</pose>
		<truncated>Unspecified</truncated>
		<difficult>Unspecified</difficult>
		<bndbox>
			<xmin>1082</xmin>
			<ymin>687</ymin>
			<xmax>1170</xmax>
			<ymax>750</ymax>
		</bndbox>
	</object>
	<object>
		<name>fire</name>
		<pose>Unspecified</pose>
		<truncated>Unspecified</truncated>
		<difficult>Unspecified</difficult>
		<bndbox>
			<xmin>1206</xmin>
			<ymin>667</ymin>
			<xmax>1269</xmax>
			<ymax>710</ymax>
		</bndbox>
	</object>
</annotation>