<annotation>
	<folder>my-project-name</folder>
	<filename>fireBig1217.jpg</filename>
	<path>/my-project-name/fireBig1217.jpg</path>
	<source>
		<database>Unspecified</database>
	</source>
	<size>
		<width>1280</width>
		<height>720</height>
		<depth>3</depth>
	</size>
	<object>
		<name>smoke</name>
		<pose>Unspecified</pose>
		<truncated>Unspecified</truncated>
		<difficult>Unspecified</difficult>
		<bndbox>
			<xmin>636</xmin>
			<ymin>45</ymin>
			<xmax>925</xmax>
			<ymax>424</ymax>
		</bndbox>
	</object>
	<object>
		<name>fire</name>
		<pose>Unspecified</pose>
		<truncated>Unspecified</truncated>
		<difficult>Unspecified</difficult>
		<bndbox>
			<xmin>939</xmin>
			<ymin>451</ymin>
			<xmax>985</xmax>
			<ymax>491</ymax>
		</bndbox>
	</object>
	<object>
		<name>fire</name>
		<pose>Unspecified</pose>
		<truncated>Unspecified</truncated>
		<difficult>Unspecified</difficult>
		<bndbox>
			<xmin>533</xmin>
			<ymin>435</ymin>
			<xmax>603</xmax>
			<ymax>494</ymax>
		</bndbox>
	</object>
</annotation>