<annotation>
	<folder>my-project-name</folder>
	<filename>fire.413.png</filename>
	<path>/my-project-name/fire.413.png</path>
	<source>
		<database>Unspecified</database>
	</source>
	<size>
		<width>720</width>
		<height>405</height>
		<depth>3</depth>
	</size>
	<object>
		<name>fire</name>
		<pose>Unspecified</pose>
		<truncated>Unspecified</truncated>
		<difficult>Unspecified</difficult>
		<bndbox>
			<xmin>0</xmin>
			<ymin>0</ymin>
			<xmax>457</xmax>
			<ymax>398</ymax>
		</bndbox>
	</object>
</annotation>