<annotation>
	<folder>my-project-name</folder>
	<filename>fire.130.png</filename>
	<path>/my-project-name/fire.130.png</path>
	<source>
		<database>Unspecified</database>
	</source>
	<size>
		<width>666</width>
		<height>333</height>
		<depth>3</depth>
	</size>
	<object>
		<name>fire</name>
		<pose>Unspecified</pose>
		<truncated>Unspecified</truncated>
		<difficult>Unspecified</difficult>
		<bndbox>
			<xmin>352</xmin>
			<ymin>79</ymin>
			<xmax>427</xmax>
			<ymax>139</ymax>
		</bndbox>
	</object>
	<object>
		<name>fire</name>
		<pose>Unspecified</pose>
		<truncated>Unspecified</truncated>
		<difficult>Unspecified</difficult>
		<bndbox>
			<xmin>29</xmin>
			<ymin>43</ymin>
			<xmax>144</xmax>
			<ymax>143</ymax>
		</bndbox>
	</object>
	<object>
		<name>fire</name>
		<pose>Unspecified</pose>
		<truncated>Unspecified</truncated>
		<difficult>Unspecified</difficult>
		<bndbox>
			<xmin>163</xmin>
			<ymin>46</ymin>
			<xmax>241</xmax>
			<ymax>110</ymax>
		</bndbox>
	</object>
	<object>
		<name>fire</name>
		<pose>Unspecified</pose>
		<truncated>Unspecified</truncated>
		<difficult>Unspecified</difficult>
		<bndbox>
			<xmin>294</xmin>
			<ymin>81</ymin>
			<xmax>342</xmax>
			<ymax>131</ymax>
		</bndbox>
	</object>
</annotation>