<annotation>
	<folder>my-project-name</folder>
	<filename>fire.140.png</filename>
	<path>/my-project-name/fire.140.png</path>
	<source>
		<database>Unspecified</database>
	</source>
	<size>
		<width>555</width>
		<height>416</height>
		<depth>3</depth>
	</size>
	<object>
		<name>fire</name>
		<pose>Unspecified</pose>
		<truncated>Unspecified</truncated>
		<difficult>Unspecified</difficult>
		<bndbox>
			<xmin>0</xmin>
			<ymin>329</ymin>
			<xmax>436</xmax>
			<ymax>404</ymax>
		</bndbox>
	</object>
	<object>
		<name>fire</name>
		<pose>Unspecified</pose>
		<truncated>Unspecified</truncated>
		<difficult>Unspecified</difficult>
		<bndbox>
			<xmin>131</xmin>
			<ymin>217</ymin>
			<xmax>555</xmax>
			<ymax>316</ymax>
		</bndbox>
	</object>
	<object>
		<name>smoke</name>
		<pose>Unspecified</pose>
		<truncated>Unspecified</truncated>
		<difficult>Unspecified</difficult>
		<bndbox>
			<xmin>182</xmin>
			<ymin>91</ymin>
			<xmax>553</xmax>
			<ymax>204</ymax>
		</bndbox>
	</object>
</annotation>