<annotation>
	<folder>my-project-name</folder>
	<filename>fire.405.png</filename>
	<path>/my-project-name/fire.405.png</path>
	<source>
		<database>Unspecified</database>
	</source>
	<size>
		<width>5568</width>
		<height>3712</height>
		<depth>3</depth>
	</size>
	<object>
		<name>fire</name>
		<pose>Unspecified</pose>
		<truncated>Unspecified</truncated>
		<difficult>Unspecified</difficult>
		<bndbox>
			<xmin>3778</xmin>
			<ymin>739</ymin>
			<xmax>4279</xmax>
			<ymax>1018</ymax>
		</bndbox>
	</object>
	<object>
		<name>fire</name>
		<pose>Unspecified</pose>
		<truncated>Unspecified</truncated>
		<difficult>Unspecified</difficult>
		<bndbox>
			<xmin>2677</xmin>
			<ymin>673</ymin>
			<xmax>3753</xmax>
			<ymax>1240</ymax>
		</bndbox>
	</object>
	<object>
		<name>fire</name>
		<pose>Unspecified</pose>
		<truncated>Unspecified</truncated>
		<difficult>Unspecified</difficult>
		<bndbox>
			<xmin>1076</xmin>
			<ymin>1002</ymin>
			<xmax>2538</xmax>
			<ymax>1462</ymax>
		</bndbox>
	</object>
</annotation>