<annotation>
	<folder>my-project-name</folder>
	<filename>fire.431.png</filename>
	<path>/my-project-name/fire.431.png</path>
	<source>
		<database>Unspecified</database>
	</source>
	<size>
		<width>1920</width>
		<height>1280</height>
		<depth>3</depth>
	</size>
	<object>
		<name>fire</name>
		<pose>Unspecified</pose>
		<truncated>Unspecified</truncated>
		<difficult>Unspecified</difficult>
		<bndbox>
			<xmin>1116</xmin>
			<ymin>275</ymin>
			<xmax>1691</xmax>
			<ymax>983</ymax>
		</bndbox>
	</object>
	<object>
		<name>fire</name>
		<pose>Unspecified</pose>
		<truncated>Unspecified</truncated>
		<difficult>Unspecified</difficult>
		<bndbox>
			<xmin>391</xmin>
			<ymin>731</ymin>
			<xmax>1056</xmax>
			<ymax>1184</ymax>
		</bndbox>
	</object>
	<object>
		<name>fire</name>
		<pose>Unspecified</pose>
		<truncated>Unspecified</truncated>
		<difficult>Unspecified</difficult>
		<bndbox>
			<xmin>0</xmin>
			<ymin>756</ymin>
			<xmax>198</xmax>
			<ymax>983</ymax>
		</bndbox>
	</object>
	<object>
		<name>fire</name>
		<pose>Unspecified</pose>
		<truncated>Unspecified</truncated>
		<difficult>Unspecified</difficult>
		<bndbox>
			<xmin>1305</xmin>
			<ymin>977</ymin>
			<xmax>1549</xmax>
			<ymax>1104</ymax>
		</bndbox>
	</object>
	<object>
		<name>fire</name>
		<pose>Unspecified</pose>
		<truncated>Unspecified</truncated>
		<difficult>Unspecified</difficult>
		<bndbox>
			<xmin>1824</xmin>
			<ymin>538</ymin>
			<xmax>1920</xmax>
			<ymax>830</ymax>
		</bndbox>
	</object>
	<object>
		<name>fire</name>
		<pose>Unspecified</pose>
		<truncated>Unspecified</truncated>
		<difficult>Unspecified</difficult>
		<bndbox>
			<xmin>1812</xmin>
			<ymin>156</ymin>
			<xmax>1878</xmax>
			<ymax>258</ymax>
		</bndbox>
	</object>
</annotation>