<annotation>
	<folder>my-project-name</folder>
	<filename>fire.402.png</filename>
	<path>/my-project-name/fire.402.png</path>
	<source>
		<database>Unspecified</database>
	</source>
	<size>
		<width>3500</width>
		<height>2334</height>
		<depth>3</depth>
	</size>
	<object>
		<name>fire</name>
		<pose>Unspecified</pose>
		<truncated>Unspecified</truncated>
		<difficult>Unspecified</difficult>
		<bndbox>
			<xmin>3097</xmin>
			<ymin>770</ymin>
			<xmax>3500</xmax>
			<ymax>1435</ymax>
		</bndbox>
	</object>
	<object>
		<name>fire</name>
		<pose>Unspecified</pose>
		<truncated>Unspecified</truncated>
		<difficult>Unspecified</difficult>
		<bndbox>
			<xmin>2468</xmin>
			<ymin>1177</ymin>
			<xmax>3485</xmax>
			<ymax>1626</ymax>
		</bndbox>
	</object>
	<object>
		<name>fire</name>
		<pose>Unspecified</pose>
		<truncated>Unspecified</truncated>
		<difficult>Unspecified</difficult>
		<bndbox>
			<xmin>5</xmin>
			<ymin>1435</ymin>
			<xmax>769</xmax>
			<ymax>1621</ymax>
		</bndbox>
	</object>
	<object>
		<name>fire</name>
		<pose>Unspecified</pose>
		<truncated>Unspecified</truncated>
		<difficult>Unspecified</difficult>
		<bndbox>
			<xmin>1724</xmin>
			<ymin>1430</ymin>
			<xmax>2406</xmax>
			<ymax>1663</ymax>
		</bndbox>
	</object>
	<object>
		<name>fire</name>
		<pose>Unspecified</pose>
		<truncated>Unspecified</truncated>
		<difficult>Unspecified</difficult>
		<bndbox>
			<xmin>1115</xmin>
			<ymin>1368</ymin>
			<xmax>1414</xmax>
			<ymax>1595</ymax>
		</bndbox>
	</object>
	<object>
		<name>fire</name>
		<pose>Unspecified</pose>
		<truncated>Unspecified</truncated>
		<difficult>Unspecified</difficult>
		<bndbox>
			<xmin>465</xmin>
			<ymin>971</ymin>
			<xmax>795</xmax>
			<ymax>1038</ymax>
		</bndbox>
	</object>
	<object>
		<name>fire</name>
		<pose>Unspecified</pose>
		<truncated>Unspecified</truncated>
		<difficult>Unspecified</difficult>
		<bndbox>
			<xmin>0</xmin>
			<ymin>1131</ymin>
			<xmax>191</xmax>
			<ymax>1353</ymax>
		</bndbox>
	</object>
	<object>
		<name>fire</name>
		<pose>Unspecified</pose>
		<truncated>Unspecified</truncated>
		<difficult>Unspecified</difficult>
		<bndbox>
			<xmin>325</xmin>
			<ymin>1100</ymin>
			<xmax>465</xmax>
			<ymax>1177</ymax>
		</bndbox>
	</object>
	<object>
		<name>fire</name>
		<pose>Unspecified</pose>
		<truncated>Unspecified</truncated>
		<difficult>Unspecified</difficult>
		<bndbox>
			<xmin>841</xmin>
			<ymin>1028</ymin>
			<xmax>996</xmax>
			<ymax>1157</ymax>
		</bndbox>
	</object>
	<object>
		<name>fire</name>
		<pose>Unspecified</pose>
		<truncated>Unspecified</truncated>
		<difficult>Unspecified</difficult>
		<bndbox>
			<xmin>2039</xmin>
			<ymin>1090</ymin>
			<xmax>2122</xmax>
			<ymax>1224</ymax>
		</bndbox>
	</object>
</annotation>