<annotation>
	<folder>my-project-name</folder>
	<filename>fire.134.png</filename>
	<path>/my-project-name/fire.134.png</path>
	<source>
		<database>Unspecified</database>
	</source>
	<size>
		<width>570</width>
		<height>340</height>
		<depth>3</depth>
	</size>
	<object>
		<name>fire</name>
		<pose>Unspecified</pose>
		<truncated>Unspecified</truncated>
		<difficult>Unspecified</difficult>
		<bndbox>
			<xmin>0</xmin>
			<ymin>0</ymin>
			<xmax>297</xmax>
			<ymax>313</ymax>
		</bndbox>
	</object>
</annotation>