<annotation>
	<folder>my-project-name</folder>
	<filename>fireBig1219.jpg</filename>
	<path>/my-project-name/fireBig1219.jpg</path>
	<source>
		<database>Unspecified</database>
	</source>
	<size>
		<width>1280</width>
		<height>720</height>
		<depth>3</depth>
	</size>
	<object>
		<name>fire</name>
		<pose>Unspecified</pose>
		<truncated>Unspecified</truncated>
		<difficult>Unspecified</difficult>
		<bndbox>
			<xmin>904</xmin>
			<ymin>424</ymin>
			<xmax>946</xmax>
			<ymax>473</ymax>
		</bndbox>
	</object>
	<object>
		<name>fire</name>
		<pose>Unspecified</pose>
		<truncated>Unspecified</truncated>
		<difficult>Unspecified</difficult>
		<bndbox>
			<xmin>806</xmin>
			<ymin>453</ymin>
			<xmax>850</xmax>
			<ymax>477</ymax>
		</bndbox>
	</object>
	<object>
		<name>smoke</name>
		<pose>Unspecified</pose>
		<truncated>Unspecified</truncated>
		<difficult>Unspecified</difficult>
		<bndbox>
			<xmin>610</xmin>
			<ymin>0</ymin>
			<xmax>878</xmax>
			<ymax>362</ymax>
		</bndbox>
	</object>
	<object>
		<name>fire</name>
		<pose>Unspecified</pose>
		<truncated>Unspecified</truncated>
		<difficult>Unspecified</difficult>
		<bndbox>
			<xmin>525</xmin>
			<ymin>413</ymin>
			<xmax>589</xmax>
			<ymax>496</ymax>
		</bndbox>
	</object>
</annotation>