<annotation>
	<folder>my-project-name</folder>
	<filename>fire.115.png</filename>
	<path>/my-project-name/fire.115.png</path>
	<source>
		<database>Unspecified</database>
	</source>
	<size>
		<width>960</width>
		<height>720</height>
		<depth>3</depth>
	</size>
	<object>
		<name>fire</name>
		<pose>Unspecified</pose>
		<truncated>Unspecified</truncated>
		<difficult>Unspecified</difficult>
		<bndbox>
			<xmin>264</xmin>
			<ymin>293</ymin>
			<xmax>762</xmax>
			<ymax>669</ymax>
		</bndbox>
	</object>
	<object>
		<name>fire</name>
		<pose>Unspecified</pose>
		<truncated>Unspecified</truncated>
		<difficult>Unspecified</difficult>
		<bndbox>
			<xmin>889</xmin>
			<ymin>555</ymin>
			<xmax>943</xmax>
			<ymax>599</ymax>
		</bndbox>
	</object>
	<object>
		<name>fire</name>
		<pose>Unspecified</pose>
		<truncated>Unspecified</truncated>
		<difficult>Unspecified</difficult>
		<bndbox>
			<xmin>0</xmin>
			<ymin>427</ymin>
			<xmax>36</xmax>
			<ymax>453</ymax>
		</bndbox>
	</object>
	<object>
		<name>fire</name>
		<pose>Unspecified</pose>
		<truncated>Unspecified</truncated>
		<difficult>Unspecified</difficult>
		<bndbox>
			<xmin>180</xmin>
			<ymin>381</ymin>
			<xmax>232</xmax>
			<ymax>444</ymax>
		</bndbox>
	</object>
</annotation>