<annotation>
	<folder>my-project-name</folder>
	<filename>fire.419.png</filename>
	<path>/my-project-name/fire.419.png</path>
	<source>
		<database>Unspecified</database>
	</source>
	<size>
		<width>2400</width>
		<height>1600</height>
		<depth>3</depth>
	</size>
	<object>
		<name>fire</name>
		<pose>Unspecified</pose>
		<truncated>Unspecified</truncated>
		<difficult>Unspecified</difficult>
		<bndbox>
			<xmin>2007</xmin>
			<ymin>14</ymin>
			<xmax>2400</xmax>
			<ymax>517</ymax>
		</bndbox>
	</object>
	<object>
		<name>fire</name>
		<pose>Unspecified</pose>
		<truncated>Unspecified</truncated>
		<difficult>Unspecified</difficult>
		<bndbox>
			<xmin>1200</xmin>
			<ymin>60</ymin>
			<xmax>1986</xmax>
			<ymax>503</ymax>
		</bndbox>
	</object>
	<object>
		<name>fire</name>
		<pose>Unspecified</pose>
		<truncated>Unspecified</truncated>
		<difficult>Unspecified</difficult>
		<bndbox>
			<xmin>832</xmin>
			<ymin>195</ymin>
			<xmax>1207</xmax>
			<ymax>527</ymax>
		</bndbox>
	</object>
	<object>
		<name>fire</name>
		<pose>Unspecified</pose>
		<truncated>Unspecified</truncated>
		<difficult>Unspecified</difficult>
		<bndbox>
			<xmin>1271</xmin>
			<ymin>549</ymin>
			<xmax>1529</xmax>
			<ymax>743</ymax>
		</bndbox>
	</object>
	<object>
		<name>fire</name>
		<pose>Unspecified</pose>
		<truncated>Unspecified</truncated>
		<difficult>Unspecified</difficult>
		<bndbox>
			<xmin>1717</xmin>
			<ymin>602</ymin>
			<xmax>1869</xmax>
			<ymax>796</ymax>
		</bndbox>
	</object>
	<object>
		<name>fire</name>
		<pose>Unspecified</pose>
		<truncated>Unspecified</truncated>
		<difficult>Unspecified</difficult>
		<bndbox>
			<xmin>110</xmin>
			<ymin>343</ymin>
			<xmax>807</xmax>
			<ymax>775</ymax>
		</bndbox>
	</object>
	<object>
		<name>fire</name>
		<pose>Unspecified</pose>
		<truncated>Unspecified</truncated>
		<difficult>Unspecified</difficult>
		<bndbox>
			<xmin>414</xmin>
			<ymin>1310</ymin>
			<xmax>616</xmax>
			<ymax>1388</ymax>
		</bndbox>
	</object>
	<object>
		<name>fire</name>
		<pose>Unspecified</pose>
		<truncated>Unspecified</truncated>
		<difficult>Unspecified</difficult>
		<bndbox>
			<xmin>1285</xmin>
			<ymin>1012</ymin>
			<xmax>1480</xmax>
			<ymax>1154</ymax>
		</bndbox>
	</object>
	<object>
		<name>fire</name>
		<pose>Unspecified</pose>
		<truncated>Unspecified</truncated>
		<difficult>Unspecified</difficult>
		<bndbox>
			<xmin>1586</xmin>
			<ymin>676</ymin>
			<xmax>1681</xmax>
			<ymax>924</ymax>
		</bndbox>
	</object>
</annotation>