<annotation>
	<folder>my-project-name</folder>
	<filename>fire.433.png</filename>
	<path>/my-project-name/fire.433.png</path>
	<source>
		<database>Unspecified</database>
	</source>
	<size>
		<width>800</width>
		<height>600</height>
		<depth>3</depth>
	</size>
	<object>
		<name>fire</name>
		<pose>Unspecified</pose>
		<truncated>Unspecified</truncated>
		<difficult>Unspecified</difficult>
		<bndbox>
			<xmin>290</xmin>
			<ymin>70</ymin>
			<xmax>399</xmax>
			<ymax>337</ymax>
		</bndbox>
	</object>
	<object>
		<name>fire</name>
		<pose>Unspecified</pose>
		<truncated>Unspecified</truncated>
		<difficult>Unspecified</difficult>
		<bndbox>
			<xmin>14</xmin>
			<ymin>340</ymin>
			<xmax>228</xmax>
			<ymax>446</ymax>
		</bndbox>
	</object>
	<object>
		<name>fire</name>
		<pose>Unspecified</pose>
		<truncated>Unspecified</truncated>
		<difficult>Unspecified</difficult>
		<bndbox>
			<xmin>30</xmin>
			<ymin>493</ymin>
			<xmax>800</xmax>
			<ymax>594</ymax>
		</bndbox>
	</object>
	<object>
		<name>fire</name>
		<pose>Unspecified</pose>
		<truncated>Unspecified</truncated>
		<difficult>Unspecified</difficult>
		<bndbox>
			<xmin>492</xmin>
			<ymin>352</ymin>
			<xmax>800</xmax>
			<ymax>489</ymax>
		</bndbox>
	</object>
	<object>
		<name>fire</name>
		<pose>Unspecified</pose>
		<truncated>Unspecified</truncated>
		<difficult>Unspecified</difficult>
		<bndbox>
			<xmin>540</xmin>
			<ymin>175</ymin>
			<xmax>800</xmax>
			<ymax>347</ymax>
		</bndbox>
	</object>
</annotation>