<annotation>
	<folder>my-project-name</folder>
	<filename>fireBig1233.jpg</filename>
	<path>/my-project-name/fireBig1233.jpg</path>
	<source>
		<database>Unspecified</database>
	</source>
	<size>
		<width>1280</width>
		<height>720</height>
		<depth>3</depth>
	</size>
	<object>
		<name>fire</name>
		<pose>Unspecified</pose>
		<truncated>Unspecified</truncated>
		<difficult>Unspecified</difficult>
		<bndbox>
			<xmin>693</xmin>
			<ymin>307</ymin>
			<xmax>844</xmax>
			<ymax>386</ymax>
		</bndbox>
	</object>
	<object>
		<name>fire</name>
		<pose>Unspecified</pose>
		<truncated>Unspecified</truncated>
		<difficult>Unspecified</difficult>
		<bndbox>
			<xmin>733</xmin>
			<ymin>379</ymin>
			<xmax>853</xmax>
			<ymax>475</ymax>
		</bndbox>
	</object>
	<object>
		<name>fire</name>
		<pose>Unspecified</pose>
		<truncated>Unspecified</truncated>
		<difficult>Unspecified</difficult>
		<bndbox>
			<xmin>901</xmin>
			<ymin>352</ymin>
			<xmax>948</xmax>
			<ymax>417</ymax>
		</bndbox>
	</object>
	<object>
		<name>fire</name>
		<pose>Unspecified</pose>
		<truncated>Unspecified</truncated>
		<difficult>Unspecified</difficult>
		<bndbox>
			<xmin>955</xmin>
			<ymin>334</ymin>
			<xmax>987</xmax>
			<ymax>369</ymax>
		</bndbox>
	</object>
	<object>
		<name>fire</name>
		<pose>Unspecified</pose>
		<truncated>Unspecified</truncated>
		<difficult>Unspecified</difficult>
		<bndbox>
			<xmin>1108</xmin>
			<ymin>375</ymin>
			<xmax>1138</xmax>
			<ymax>402</ymax>
		</bndbox>
	</object>
	<object>
		<name>smoke</name>
		<pose>Unspecified</pose>
		<truncated>Unspecified</truncated>
		<difficult>Unspecified</difficult>
		<bndbox>
			<xmin>716</xmin>
			<ymin>0</ymin>
			<xmax>1099</xmax>
			<ymax>260</ymax>
		</bndbox>
	</object>
</annotation>