<annotation>
	<folder>my-project-name</folder>
	<filename>fireBig1246.jpg</filename>
	<path>/my-project-name/fireBig1246.jpg</path>
	<source>
		<database>Unspecified</database>
	</source>
	<size>
		<width>1280</width>
		<height>720</height>
		<depth>3</depth>
	</size>
	<object>
		<name>fire</name>
		<pose>Unspecified</pose>
		<truncated>Unspecified</truncated>
		<difficult>Unspecified</difficult>
		<bndbox>
			<xmin>778</xmin>
			<ymin>320</ymin>
			<xmax>851</xmax>
			<ymax>390</ymax>
		</bndbox>
	</object>
	<object>
		<name>fire</name>
		<pose>Unspecified</pose>
		<truncated>Unspecified</truncated>
		<difficult>Unspecified</difficult>
		<bndbox>
			<xmin>935</xmin>
			<ymin>99</ymin>
			<xmax>982</xmax>
			<ymax>149</ymax>
		</bndbox>
	</object>
	<object>
		<name>fire</name>
		<pose>Unspecified</pose>
		<truncated>Unspecified</truncated>
		<difficult>Unspecified</difficult>
		<bndbox>
			<xmin>1138</xmin>
			<ymin>18</ymin>
			<xmax>1280</xmax>
			<ymax>126</ymax>
		</bndbox>
	</object>
	<object>
		<name>smoke</name>
		<pose>Unspecified</pose>
		<truncated>Unspecified</truncated>
		<difficult>Unspecified</difficult>
		<bndbox>
			<xmin>340</xmin>
			<ymin>13</ymin>
			<xmax>908</xmax>
			<ymax>266</ymax>
		</bndbox>
	</object>
</annotation>