<annotation>
	<folder>my-project-name</folder>
	<filename>fire.97.png</filename>
	<path>/my-project-name/fire.97.png</path>
	<source>
		<database>Unspecified</database>
	</source>
	<size>
		<width>3616</width>
		<height>2712</height>
		<depth>3</depth>
	</size>
	<object>
		<name>fire</name>
		<pose>Unspecified</pose>
		<truncated>Unspecified</truncated>
		<difficult>Unspecified</difficult>
		<bndbox>
			<xmin>187</xmin>
			<ymin>2141</ymin>
			<xmax>1064</xmax>
			<ymax>2712</ymax>
		</bndbox>
	</object>
	<object>
		<name>fire</name>
		<pose>Unspecified</pose>
		<truncated>Unspecified</truncated>
		<difficult>Unspecified</difficult>
		<bndbox>
			<xmin>873</xmin>
			<ymin>1829</ymin>
			<xmax>1531</xmax>
			<ymax>2083</ymax>
		</bndbox>
	</object>
	<object>
		<name>fire</name>
		<pose>Unspecified</pose>
		<truncated>Unspecified</truncated>
		<difficult>Unspecified</difficult>
		<bndbox>
			<xmin>1554</xmin>
			<ymin>1610</ymin>
			<xmax>1871</xmax>
			<ymax>1933</ymax>
		</bndbox>
	</object>
	<object>
		<name>fire</name>
		<pose>Unspecified</pose>
		<truncated>Unspecified</truncated>
		<difficult>Unspecified</difficult>
		<bndbox>
			<xmin>1716</xmin>
			<ymin>1269</ymin>
			<xmax>2033</xmax>
			<ymax>1569</ymax>
		</bndbox>
	</object>
	<object>
		<name>fire</name>
		<pose>Unspecified</pose>
		<truncated>Unspecified</truncated>
		<difficult>Unspecified</difficult>
		<bndbox>
			<xmin>1750</xmin>
			<ymin>773</ymin>
			<xmax>2298</xmax>
			<ymax>1327</ymax>
		</bndbox>
	</object>
</annotation>