<annotation>
	<folder>my-project-name</folder>
	<filename>fire.81.png</filename>
	<path>/my-project-name/fire.81.png</path>
	<source>
		<database>Unspecified</database>
	</source>
	<size>
		<width>640</width>
		<height>350</height>
		<depth>3</depth>
	</size>
	<object>
		<name>fire</name>
		<pose>Unspecified</pose>
		<truncated>Unspecified</truncated>
		<difficult>Unspecified</difficult>
		<bndbox>
			<xmin>338</xmin>
			<ymin>246</ymin>
			<xmax>460</xmax>
			<ymax>302</ymax>
		</bndbox>
	</object>
	<object>
		<name>smoke</name>
		<pose>Unspecified</pose>
		<truncated>Unspecified</truncated>
		<difficult>Unspecified</difficult>
		<bndbox>
			<xmin>111</xmin>
			<ymin>35</ymin>
			<xmax>354</xmax>
			<ymax>268</ymax>
		</bndbox>
	</object>
</annotation>