<annotation>
	<folder>my-project-name</folder>
	<filename>fire.102.png</filename>
	<path>/my-project-name/fire.102.png</path>
	<source>
		<database>Unspecified</database>
	</source>
	<size>
		<width>530</width>
		<height>298</height>
		<depth>3</depth>
	</size>
	<object>
		<name>fire</name>
		<pose>Unspecified</pose>
		<truncated>Unspecified</truncated>
		<difficult>Unspecified</difficult>
		<bndbox>
			<xmin>472</xmin>
			<ymin>128</ymin>
			<xmax>530</xmax>
			<ymax>187</ymax>
		</bndbox>
	</object>
	<object>
		<name>fire</name>
		<pose>Unspecified</pose>
		<truncated>Unspecified</truncated>
		<difficult>Unspecified</difficult>
		<bndbox>
			<xmin>386</xmin>
			<ymin>181</ymin>
			<xmax>448</xmax>
			<ymax>271</ymax>
		</bndbox>
	</object>
	<object>
		<name>fire</name>
		<pose>Unspecified</pose>
		<truncated>Unspecified</truncated>
		<difficult>Unspecified</difficult>
		<bndbox>
			<xmin>188</xmin>
			<ymin>237</ymin>
			<xmax>213</xmax>
			<ymax>278</ymax>
		</bndbox>
	</object>
	<object>
		<name>fire</name>
		<pose>Unspecified</pose>
		<truncated>Unspecified</truncated>
		<difficult>Unspecified</difficult>
		<bndbox>
			<xmin>126</xmin>
			<ymin>63</ymin>
			<xmax>143</xmax>
			<ymax>77</ymax>
		</bndbox>
	</object>
</annotation>