<annotation>
	<folder>my-project-name</folder>
	<filename>fireBig1232.jpg</filename>
	<path>/my-project-name/fireBig1232.jpg</path>
	<source>
		<database>Unspecified</database>
	</source>
	<size>
		<width>1280</width>
		<height>720</height>
		<depth>3</depth>
	</size>
	<object>
		<name>fire</name>
		<pose>Unspecified</pose>
		<truncated>Unspecified</truncated>
		<difficult>Unspecified</difficult>
		<bndbox>
			<xmin>729</xmin>
			<ymin>390</ymin>
			<xmax>846</xmax>
			<ymax>513</ymax>
		</bndbox>
	</object>
	<object>
		<name>fire</name>
		<pose>Unspecified</pose>
		<truncated>Unspecified</truncated>
		<difficult>Unspecified</difficult>
		<bndbox>
			<xmin>1017</xmin>
			<ymin>370</ymin>
			<xmax>1053</xmax>
			<ymax>414</ymax>
		</bndbox>
	</object>
	<object>
		<name>fire</name>
		<pose>Unspecified</pose>
		<truncated>Unspecified</truncated>
		<difficult>Unspecified</difficult>
		<bndbox>
			<xmin>918</xmin>
			<ymin>364</ymin>
			<xmax>943</xmax>
			<ymax>393</ymax>
		</bndbox>
	</object>
</annotation>