<annotation>
	<folder>my-project-name</folder>
	<filename>fire.417.png</filename>
	<path>/my-project-name/fire.417.png</path>
	<source>
		<database>Unspecified</database>
	</source>
	<size>
		<width>1100</width>
		<height>619</height>
		<depth>3</depth>
	</size>
	<object>
		<name>fire</name>
		<pose>Unspecified</pose>
		<truncated>Unspecified</truncated>
		<difficult>Unspecified</difficult>
		<bndbox>
			<xmin>594</xmin>
			<ymin>168</ymin>
			<xmax>680</xmax>
			<ymax>298</ymax>
		</bndbox>
	</object>
	<object>
		<name>fire</name>
		<pose>Unspecified</pose>
		<truncated>Unspecified</truncated>
		<difficult>Unspecified</difficult>
		<bndbox>
			<xmin>706</xmin>
			<ymin>199</ymin>
			<xmax>771</xmax>
			<ymax>326</ymax>
		</bndbox>
	</object>
	<object>
		<name>fire</name>
		<pose>Unspecified</pose>
		<truncated>Unspecified</truncated>
		<difficult>Unspecified</difficult>
		<bndbox>
			<xmin>341</xmin>
			<ymin>178</ymin>
			<xmax>519</xmax>
			<ymax>357</ymax>
		</bndbox>
	</object>
	<object>
		<name>fire</name>
		<pose>Unspecified</pose>
		<truncated>Unspecified</truncated>
		<difficult>Unspecified</difficult>
		<bndbox>
			<xmin>188</xmin>
			<ymin>141</ymin>
			<xmax>399</xmax>
			<ymax>355</ymax>
		</bndbox>
	</object>
	<object>
		<name>fire</name>
		<pose>Unspecified</pose>
		<truncated>Unspecified</truncated>
		<difficult>Unspecified</difficult>
		<bndbox>
			<xmin>45</xmin>
			<ymin>199</ymin>
			<xmax>185</xmax>
			<ymax>381</ymax>
		</bndbox>
	</object>
	<object>
		<name>smoke</name>
		<pose>Unspecified</pose>
		<truncated>Unspecified</truncated>
		<difficult>Unspecified</difficult>
		<bndbox>
			<xmin>0</xmin>
			<ymin>0</ymin>
			<xmax>642</xmax>
			<ymax>147</ymax>
		</bndbox>
	</object>
	<object>
		<name>smoke</name>
		<pose>Unspecified</pose>
		<truncated>Unspecified</truncated>
		<difficult>Unspecified</difficult>
		<bndbox>
			<xmin>767</xmin>
			<ymin>554</ymin>
			<xmax>883</xmax>
			<ymax>589</ymax>
		</bndbox>
	</object>
	<object>
		<name>fire</name>
		<pose>Unspecified</pose>
		<truncated>Unspecified</truncated>
		<difficult>Unspecified</difficult>
		<bndbox>
			<xmin>677</xmin>
			<ymin>405</ymin>
			<xmax>715</xmax>
			<ymax>439</ymax>
		</bndbox>
	</object>
	<object>
		<name>fire</name>
		<pose>Unspecified</pose>
		<truncated>Unspecified</truncated>
		<difficult>Unspecified</difficult>
		<bndbox>
			<xmin>688</xmin>
			<ymin>352</ymin>
			<xmax>763</xmax>
			<ymax>379</ymax>
		</bndbox>
	</object>
	<object>
		<name>fire</name>
		<pose>Unspecified</pose>
		<truncated>Unspecified</truncated>
		<difficult>Unspecified</difficult>
		<bndbox>
			<xmin>62</xmin>
			<ymin>395</ymin>
			<xmax>94</xmax>
			<ymax>436</ymax>
		</bndbox>
	</object>
</annotation>