<annotation>
	<folder>my-project-name</folder>
	<filename>fire.109.png</filename>
	<path>/my-project-name/fire.109.png</path>
	<source>
		<database>Unspecified</database>
	</source>
	<size>
		<width>999</width>
		<height>582</height>
		<depth>3</depth>
	</size>
	<object>
		<name>fire</name>
		<pose>Unspecified</pose>
		<truncated>Unspecified</truncated>
		<difficult>Unspecified</difficult>
		<bndbox>
			<xmin>533</xmin>
			<ymin>52</ymin>
			<xmax>818</xmax>
			<ymax>578</ymax>
		</bndbox>
	</object>
	<object>
		<name>fire</name>
		<pose>Unspecified</pose>
		<truncated>Unspecified</truncated>
		<difficult>Unspecified</difficult>
		<bndbox>
			<xmin>424</xmin>
			<ymin>331</ymin>
			<xmax>560</xmax>
			<ymax>568</ymax>
		</bndbox>
	</object>
	<object>
		<name>fire</name>
		<pose>Unspecified</pose>
		<truncated>Unspecified</truncated>
		<difficult>Unspecified</difficult>
		<bndbox>
			<xmin>0</xmin>
			<ymin>0</ymin>
			<xmax>302</xmax>
			<ymax>564</ymax>
		</bndbox>
	</object>
</annotation>