<annotation>
	<folder>my-project-name</folder>
	<filename>fireBig1231.jpg</filename>
	<path>/my-project-name/fireBig1231.jpg</path>
	<source>
		<database>Unspecified</database>
	</source>
	<size>
		<width>1280</width>
		<height>720</height>
		<depth>3</depth>
	</size>
	<object>
		<name>fire</name>
		<pose>Unspecified</pose>
		<truncated>Unspecified</truncated>
		<difficult>Unspecified</difficult>
		<bndbox>
			<xmin>672</xmin>
			<ymin>427</ymin>
			<xmax>755</xmax>
			<ymax>509</ymax>
		</bndbox>
	</object>
	<object>
		<name>fire</name>
		<pose>Unspecified</pose>
		<truncated>Unspecified</truncated>
		<difficult>Unspecified</difficult>
		<bndbox>
			<xmin>954</xmin>
			<ymin>392</ymin>
			<xmax>986</xmax>
			<ymax>432</ymax>
		</bndbox>
	</object>
</annotation>