<annotation>
	<folder>my-project-name</folder>
	<filename>fire.91.png</filename>
	<path>/my-project-name/fire.91.png</path>
	<source>
		<database>Unspecified</database>
	</source>
	<size>
		<width>2144</width>
		<height>1424</height>
		<depth>3</depth>
	</size>
	<object>
		<name>fire</name>
		<pose>Unspecified</pose>
		<truncated>Unspecified</truncated>
		<difficult>Unspecified</difficult>
		<bndbox>
			<xmin>977</xmin>
			<ymin>0</ymin>
			<xmax>1448</xmax>
			<ymax>772</ymax>
		</bndbox>
	</object>
</annotation>