<annotation>
	<folder>my-project-name</folder>
	<filename>fireBig1218.jpg</filename>
	<path>/my-project-name/fireBig1218.jpg</path>
	<source>
		<database>Unspecified</database>
	</source>
	<size>
		<width>1280</width>
		<height>720</height>
		<depth>3</depth>
	</size>
	<object>
		<name>fire</name>
		<pose>Unspecified</pose>
		<truncated>Unspecified</truncated>
		<difficult>Unspecified</difficult>
		<bndbox>
			<xmin>612</xmin>
			<ymin>449</ymin>
			<xmax>685</xmax>
			<ymax>500</ymax>
		</bndbox>
	</object>
	<object>
		<name>fire</name>
		<pose>Unspecified</pose>
		<truncated>Unspecified</truncated>
		<difficult>Unspecified</difficult>
		<bndbox>
			<xmin>1010</xmin>
			<ymin>443</ymin>
			<xmax>1061</xmax>
			<ymax>492</ymax>
		</bndbox>
	</object>
	<object>
		<name>fire</name>
		<pose>Unspecified</pose>
		<truncated>Unspecified</truncated>
		<difficult>Unspecified</difficult>
		<bndbox>
			<xmin>793</xmin>
			<ymin>332</ymin>
			<xmax>912</xmax>
			<ymax>456</ymax>
		</bndbox>
	</object>
</annotation>