<annotation>
	<folder>my-project-name</folder>
	<filename>061_rgb.png</filename>
	<path>/my-project-name/061_rgb.png</path>
	<source>
		<database>Unspecified</database>
	</source>
	<size>
		<width>256</width>
		<height>256</height>
		<depth>3</depth>
	</size>
	<object>
		<name>fire</name>
		<pose>Unspecified</pose>
		<truncated>Unspecified</truncated>
		<difficult>Unspecified</difficult>
		<bndbox>
			<xmin>57</xmin>
			<ymin>142</ymin>
			<xmax>177</xmax>
			<ymax>179</ymax>
		</bndbox>
	</object>
	<object>
		<name>smoke</name>
		<pose>Unspecified</pose>
		<truncated>Unspecified</truncated>
		<difficult>Unspecified</difficult>
		<bndbox>
			<xmin>74</xmin>
			<ymin>9</ymin>
			<xmax>132</xmax>
			<ymax>138</ymax>
		</bndbox>
	</object>
</annotation>