<annotation>
	<folder>my-project-name</folder>
	<filename>065_rgb.png</filename>
	<path>/my-project-name/065_rgb.png</path>
	<source>
		<database>Unspecified</database>
	</source>
	<size>
		<width>256</width>
		<height>256</height>
		<depth>3</depth>
	</size>
	<object>
		<name>smoke</name>
		<pose>Unspecified</pose>
		<truncated>Unspecified</truncated>
		<difficult>Unspecified</difficult>
		<bndbox>
			<xmin>144</xmin>
			<ymin>56</ymin>
			<xmax>247</xmax>
			<ymax>168</ymax>
		</bndbox>
	</object>
	<object>
		<name>fire</name>
		<pose>Unspecified</pose>
		<truncated>Unspecified</truncated>
		<difficult>Unspecified</difficult>
		<bndbox>
			<xmin>54</xmin>
			<ymin>93</ymin>
			<xmax>138</xmax>
			<ymax>193</ymax>
		</bndbox>
	</object>
	<object>
		<name>fire</name>
		<pose>Unspecified</pose>
		<truncated>Unspecified</truncated>
		<difficult>Unspecified</difficult>
		<bndbox>
			<xmin>225</xmin>
			<ymin>186</ymin>
			<xmax>256</xmax>
			<ymax>248</ymax>
		</bndbox>
	</object>
</annotation>