<annotation>
	<folder>my-project-name</folder>
	<filename>070_rgb.png</filename>
	<path>/my-project-name/070_rgb.png</path>
	<source>
		<database>Unspecified</database>
	</source>
	<size>
		<width>256</width>
		<height>256</height>
		<depth>3</depth>
	</size>
	<object>
		<name>fire</name>
		<pose>Unspecified</pose>
		<truncated>Unspecified</truncated>
		<difficult>Unspecified</difficult>
		<bndbox>
			<xmin>138</xmin>
			<ymin>142</ymin>
			<xmax>236</xmax>
			<ymax>225</ymax>
		</bndbox>
	</object>
</annotation>