<annotation>
	<folder>my-project-name</folder>
	<filename>fire.549.png</filename>
	<path>/my-project-name/fire.549.png</path>
	<source>
		<database>Unspecified</database>
	</source>
	<size>
		<width>2560</width>
		<height>1706</height>
		<depth>3</depth>
	</size>
	<object>
		<name>fire</name>
		<pose>Unspecified</pose>
		<truncated>Unspecified</truncated>
		<difficult>Unspecified</difficult>
		<bndbox>
			<xmin>959</xmin>
			<ymin>1053</ymin>
			<xmax>1442</xmax>
			<ymax>1280</ymax>
		</bndbox>
	</object>
	<object>
		<name>fire</name>
		<pose>Unspecified</pose>
		<truncated>Unspecified</truncated>
		<difficult>Unspecified</difficult>
		<bndbox>
			<xmin>30</xmin>
			<ymin>423</ymin>
			<xmax>442</xmax>
			<ymax>879</ymax>
		</bndbox>
	</object>
	<object>
		<name>fire</name>
		<pose>Unspecified</pose>
		<truncated>Unspecified</truncated>
		<difficult>Unspecified</difficult>
		<bndbox>
			<xmin>245</xmin>
			<ymin>64</ymin>
			<xmax>581</xmax>
			<ymax>419</ymax>
		</bndbox>
	</object>
	<object>
		<name>fire</name>
		<pose>Unspecified</pose>
		<truncated>Unspecified</truncated>
		<difficult>Unspecified</difficult>
		<bndbox>
			<xmin>615</xmin>
			<ymin>68</ymin>
			<xmax>1087</xmax>
			<ymax>555</ymax>
		</bndbox>
	</object>
	<object>
		<name>fire</name>
		<pose>Unspecified</pose>
		<truncated>Unspecified</truncated>
		<difficult>Unspecified</difficult>
		<bndbox>
			<xmin>1329</xmin>
			<ymin>117</ymin>
			<xmax>1684</xmax>
			<ymax>441</ymax>
		</bndbox>
	</object>
	<object>
		<name>fire</name>
		<pose>Unspecified</pose>
		<truncated>Unspecified</truncated>
		<difficult>Unspecified</difficult>
		<bndbox>
			<xmin>1748</xmin>
			<ymin>158</ymin>
			<xmax>2311</xmax>
			<ymax>441</ymax>
		</bndbox>
	</object>
	<object>
		<name>fire</name>
		<pose>Unspecified</pose>
		<truncated>Unspecified</truncated>
		<difficult>Unspecified</difficult>
		<bndbox>
			<xmin>1182</xmin>
			<ymin>657</ymin>
			<xmax>1495</xmax>
			<ymax>929</ymax>
		</bndbox>
	</object>
	<object>
		<name>fire</name>
		<pose>Unspecified</pose>
		<truncated>Unspecified</truncated>
		<difficult>Unspecified</difficult>
		<bndbox>
			<xmin>699</xmin>
			<ymin>736</ymin>
			<xmax>997</xmax>
			<ymax>1027</ymax>
		</bndbox>
	</object>
	<object>
		<name>fire</name>
		<pose>Unspecified</pose>
		<truncated>Unspecified</truncated>
		<difficult>Unspecified</difficult>
		<bndbox>
			<xmin>1250</xmin>
			<ymin>502</ymin>
			<xmax>1688</xmax>
			<ymax>596</ymax>
		</bndbox>
	</object>
	<object>
		<name>fire</name>
		<pose>Unspecified</pose>
		<truncated>Unspecified</truncated>
		<difficult>Unspecified</difficult>
		<bndbox>
			<xmin>2137</xmin>
			<ymin>19</ymin>
			<xmax>2541</xmax>
			<ymax>98</ymax>
		</bndbox>
	</object>
</annotation>