<annotation>
	<folder>my-project-name</folder>
	<filename>fire.209.png</filename>
	<path>/my-project-name/fire.209.png</path>
	<source>
		<database>Unspecified</database>
	</source>
	<size>
		<width>740</width>
		<height>555</height>
		<depth>3</depth>
	</size>
	<object>
		<name>smoke</name>
		<pose>Unspecified</pose>
		<truncated>Unspecified</truncated>
		<difficult>Unspecified</difficult>
		<bndbox>
			<xmin>263</xmin>
			<ymin>252</ymin>
			<xmax>420</xmax>
			<ymax>314</ymax>
		</bndbox>
	</object>
</annotation>