<annotation>
	<folder>my-project-name</folder>
	<filename>fire.217.png</filename>
	<path>/my-project-name/fire.217.png</path>
	<source>
		<database>Unspecified</database>
	</source>
	<size>
		<width>960</width>
		<height>540</height>
		<depth>3</depth>
	</size>
	<object>
		<name>fire</name>
		<pose>Unspecified</pose>
		<truncated>Unspecified</truncated>
		<difficult>Unspecified</difficult>
		<bndbox>
			<xmin>319</xmin>
			<ymin>171</ymin>
			<xmax>960</xmax>
			<ymax>488</ymax>
		</bndbox>
	</object>
	<object>
		<name>fire</name>
		<pose>Unspecified</pose>
		<truncated>Unspecified</truncated>
		<difficult>Unspecified</difficult>
		<bndbox>
			<xmin>367</xmin>
			<ymin>52</ymin>
			<xmax>486</xmax>
			<ymax>157</ymax>
		</bndbox>
	</object>
	<object>
		<name>fire</name>
		<pose>Unspecified</pose>
		<truncated>Unspecified</truncated>
		<difficult>Unspecified</difficult>
		<bndbox>
			<xmin>750</xmin>
			<ymin>0</ymin>
			<xmax>960</xmax>
			<ymax>63</ymax>
		</bndbox>
	</object>
	<object>
		<name>fire</name>
		<pose>Unspecified</pose>
		<truncated>Unspecified</truncated>
		<difficult>Unspecified</difficult>
		<bndbox>
			<xmin>515</xmin>
			<ymin>14</ymin>
			<xmax>654</xmax>
			<ymax>107</ymax>
		</bndbox>
	</object>
</annotation>