<annotation>
	<folder>my-project-name</folder>
	<filename>fire.171.png</filename>
	<path>/my-project-name/fire.171.png</path>
	<source>
		<database>Unspecified</database>
	</source>
	<size>
		<width>375</width>
		<height>281</height>
		<depth>3</depth>
	</size>
	<object>
		<name>fire</name>
		<pose>Unspecified</pose>
		<truncated>Unspecified</truncated>
		<difficult>Unspecified</difficult>
		<bndbox>
			<xmin>210</xmin>
			<ymin>193</ymin>
			<xmax>265</xmax>
			<ymax>234</ymax>
		</bndbox>
	</object>
	<object>
		<name>smoke</name>
		<pose>Unspecified</pose>
		<truncated>Unspecified</truncated>
		<difficult>Unspecified</difficult>
		<bndbox>
			<xmin>0</xmin>
			<ymin>0</ymin>
			<xmax>144</xmax>
			<ymax>167</ymax>
		</bndbox>
	</object>
	<object>
		<name>smoke</name>
		<pose>Unspecified</pose>
		<truncated>Unspecified</truncated>
		<difficult>Unspecified</difficult>
		<bndbox>
			<xmin>145</xmin>
			<ymin>2</ymin>
			<xmax>226</xmax>
			<ymax>165</ymax>
		</bndbox>
	</object>
	<object>
		<name>smoke</name>
		<pose>Unspecified</pose>
		<truncated>Unspecified</truncated>
		<difficult>Unspecified</difficult>
		<bndbox>
			<xmin>228</xmin>
			<ymin>7</ymin>
			<xmax>333</xmax>
			<ymax>179</ymax>
		</bndbox>
	</object>
</annotation>