<annotation>
	<folder>my-project-name</folder>
	<filename>fire.556.png</filename>
	<path>/my-project-name/fire.556.png</path>
	<source>
		<database>Unspecified</database>
	</source>
	<size>
		<width>6144</width>
		<height>4608</height>
		<depth>3</depth>
	</size>
	<object>
		<name>fire</name>
		<pose>Unspecified</pose>
		<truncated>Unspecified</truncated>
		<difficult>Unspecified</difficult>
		<bndbox>
			<xmin>4915</xmin>
			<ymin>3461</ymin>
			<xmax>6144</xmax>
			<ymax>4383</ymax>
		</bndbox>
	</object>
	<object>
		<name>fire</name>
		<pose>Unspecified</pose>
		<truncated>Unspecified</truncated>
		<difficult>Unspecified</difficult>
		<bndbox>
			<xmin>5582</xmin>
			<ymin>2755</ymin>
			<xmax>6144</xmax>
			<ymax>3402</ymax>
		</bndbox>
	</object>
	<object>
		<name>fire</name>
		<pose>Unspecified</pose>
		<truncated>Unspecified</truncated>
		<difficult>Unspecified</difficult>
		<bndbox>
			<xmin>3729</xmin>
			<ymin>3373</ymin>
			<xmax>4366</xmax>
			<ymax>4226</ymax>
		</bndbox>
	</object>
	<object>
		<name>fire</name>
		<pose>Unspecified</pose>
		<truncated>Unspecified</truncated>
		<difficult>Unspecified</difficult>
		<bndbox>
			<xmin>2896</xmin>
			<ymin>3314</ymin>
			<xmax>3817</xmax>
			<ymax>4235</ymax>
		</bndbox>
	</object>
	<object>
		<name>fire</name>
		<pose>Unspecified</pose>
		<truncated>Unspecified</truncated>
		<difficult>Unspecified</difficult>
		<bndbox>
			<xmin>2092</xmin>
			<ymin>922</ymin>
			<xmax>3445</xmax>
			<ymax>3343</ymax>
		</bndbox>
	</object>
	<object>
		<name>fire</name>
		<pose>Unspecified</pose>
		<truncated>Unspecified</truncated>
		<difficult>Unspecified</difficult>
		<bndbox>
			<xmin>768</xmin>
			<ymin>176</ymin>
			<xmax>1288</xmax>
			<ymax>1618</ymax>
		</bndbox>
	</object>
	<object>
		<name>fire</name>
		<pose>Unspecified</pose>
		<truncated>Unspecified</truncated>
		<difficult>Unspecified</difficult>
		<bndbox>
			<xmin>0</xmin>
			<ymin>1275</ymin>
			<xmax>915</xmax>
			<ymax>2588</ymax>
		</bndbox>
	</object>
	<object>
		<name>fire</name>
		<pose>Unspecified</pose>
		<truncated>Unspecified</truncated>
		<difficult>Unspecified</difficult>
		<bndbox>
			<xmin>1523</xmin>
			<ymin>775</ymin>
			<xmax>2043</xmax>
			<ymax>2520</ymax>
		</bndbox>
	</object>
	<object>
		<name>fire</name>
		<pose>Unspecified</pose>
		<truncated>Unspecified</truncated>
		<difficult>Unspecified</difficult>
		<bndbox>
			<xmin>3817</xmin>
			<ymin>2314</ymin>
			<xmax>4415</xmax>
			<ymax>3284</ymax>
		</bndbox>
	</object>
	<object>
		<name>fire</name>
		<pose>Unspecified</pose>
		<truncated>Unspecified</truncated>
		<difficult>Unspecified</difficult>
		<bndbox>
			<xmin>5052</xmin>
			<ymin>2814</ymin>
			<xmax>5513</xmax>
			<ymax>3353</ymax>
		</bndbox>
	</object>
</annotation>