<annotation>
	<folder>my-project-name</folder>
	<filename>fire.221.png</filename>
	<path>/my-project-name/fire.221.png</path>
	<source>
		<database>Unspecified</database>
	</source>
	<size>
		<width>600</width>
		<height>338</height>
		<depth>3</depth>
	</size>
	<object>
		<name>fire</name>
		<pose>Unspecified</pose>
		<truncated>Unspecified</truncated>
		<difficult>Unspecified</difficult>
		<bndbox>
			<xmin>265</xmin>
			<ymin>0</ymin>
			<xmax>358</xmax>
			<ymax>249</ymax>
		</bndbox>
	</object>
</annotation>