<annotation>
	<folder>my-project-name</folder>
	<filename>fire.174.png</filename>
	<path>/my-project-name/fire.174.png</path>
	<source>
		<database>Unspecified</database>
	</source>
	<size>
		<width>600</width>
		<height>338</height>
		<depth>3</depth>
	</size>
	<object>
		<name>fire</name>
		<pose>Unspecified</pose>
		<truncated>Unspecified</truncated>
		<difficult>Unspecified</difficult>
		<bndbox>
			<xmin>299</xmin>
			<ymin>105</ymin>
			<xmax>481</xmax>
			<ymax>211</ymax>
		</bndbox>
	</object>
	<object>
		<name>fire</name>
		<pose>Unspecified</pose>
		<truncated>Unspecified</truncated>
		<difficult>Unspecified</difficult>
		<bndbox>
			<xmin>173</xmin>
			<ymin>154</ymin>
			<xmax>251</xmax>
			<ymax>209</ymax>
		</bndbox>
	</object>
	<object>
		<name>fire</name>
		<pose>Unspecified</pose>
		<truncated>Unspecified</truncated>
		<difficult>Unspecified</difficult>
		<bndbox>
			<xmin>563</xmin>
			<ymin>50</ymin>
			<xmax>600</xmax>
			<ymax>82</ymax>
		</bndbox>
	</object>
</annotation>