<annotation>
	<folder>my-project-name</folder>
	<filename>fire.228.png</filename>
	<path>/my-project-name/fire.228.png</path>
	<source>
		<database>Unspecified</database>
	</source>
	<size>
		<width>1000</width>
		<height>541</height>
		<depth>3</depth>
	</size>
	<object>
		<name>fire</name>
		<pose>Unspecified</pose>
		<truncated>Unspecified</truncated>
		<difficult>Unspecified</difficult>
		<bndbox>
			<xmin>768</xmin>
			<ymin>207</ymin>
			<xmax>1000</xmax>
			<ymax>468</ymax>
		</bndbox>
	</object>
	<object>
		<name>fire</name>
		<pose>Unspecified</pose>
		<truncated>Unspecified</truncated>
		<difficult>Unspecified</difficult>
		<bndbox>
			<xmin>282</xmin>
			<ymin>315</ymin>
			<xmax>599</xmax>
			<ymax>443</ymax>
		</bndbox>
	</object>
</annotation>