<annotation>
	<folder>my-project-name</folder>
	<filename>fire.305.png</filename>
	<path>/my-project-name/fire.305.png</path>
	<source>
		<database>Unspecified</database>
	</source>
	<size>
		<width>2000</width>
		<height>1333</height>
		<depth>3</depth>
	</size>
	<object>
		<name>fire</name>
		<pose>Unspecified</pose>
		<truncated>Unspecified</truncated>
		<difficult>Unspecified</difficult>
		<bndbox>
			<xmin>678</xmin>
			<ymin>62</ymin>
			<xmax>906</xmax>
			<ymax>566</ymax>
		</bndbox>
	</object>
	<object>
		<name>fire</name>
		<pose>Unspecified</pose>
		<truncated>Unspecified</truncated>
		<difficult>Unspecified</difficult>
		<bndbox>
			<xmin>667</xmin>
			<ymin>678</ymin>
			<xmax>847</xmax>
			<ymax>944</ymax>
		</bndbox>
	</object>
	<object>
		<name>fire</name>
		<pose>Unspecified</pose>
		<truncated>Unspecified</truncated>
		<difficult>Unspecified</difficult>
		<bndbox>
			<xmin>973</xmin>
			<ymin>755</ymin>
			<xmax>1271</xmax>
			<ymax>1041</ymax>
		</bndbox>
	</object>
	<object>
		<name>fire</name>
		<pose>Unspecified</pose>
		<truncated>Unspecified</truncated>
		<difficult>Unspecified</difficult>
		<bndbox>
			<xmin>1339</xmin>
			<ymin>770</ymin>
			<xmax>1711</xmax>
			<ymax>1003</ymax>
		</bndbox>
	</object>
</annotation>