<annotation>
	<folder>my-project-name</folder>
	<filename>fire.183.png</filename>
	<path>/my-project-name/fire.183.png</path>
	<source>
		<database>Unspecified</database>
	</source>
	<size>
		<width>590</width>
		<height>315</height>
		<depth>3</depth>
	</size>
	<object>
		<name>fire</name>
		<pose>Unspecified</pose>
		<truncated>Unspecified</truncated>
		<difficult>Unspecified</difficult>
		<bndbox>
			<xmin>278</xmin>
			<ymin>189</ymin>
			<xmax>330</xmax>
			<ymax>251</ymax>
		</bndbox>
	</object>
	<object>
		<name>fire</name>
		<pose>Unspecified</pose>
		<truncated>Unspecified</truncated>
		<difficult>Unspecified</difficult>
		<bndbox>
			<xmin>192</xmin>
			<ymin>189</ymin>
			<xmax>272</xmax>
			<ymax>258</ymax>
		</bndbox>
	</object>
	<object>
		<name>fire</name>
		<pose>Unspecified</pose>
		<truncated>Unspecified</truncated>
		<difficult>Unspecified</difficult>
		<bndbox>
			<xmin>104</xmin>
			<ymin>185</ymin>
			<xmax>184</xmax>
			<ymax>258</ymax>
		</bndbox>
	</object>
</annotation>