<annotation>
	<folder>my-project-name</folder>
	<filename>fire.208.png</filename>
	<path>/my-project-name/fire.208.png</path>
	<source>
		<database>Unspecified</database>
	</source>
	<size>
		<width>600</width>
		<height>338</height>
		<depth>3</depth>
	</size>
	<object>
		<name>fire</name>
		<pose>Unspecified</pose>
		<truncated>Unspecified</truncated>
		<difficult>Unspecified</difficult>
		<bndbox>
			<xmin>347</xmin>
			<ymin>13</ymin>
			<xmax>600</xmax>
			<ymax>141</ymax>
		</bndbox>
	</object>
	<object>
		<name>fire</name>
		<pose>Unspecified</pose>
		<truncated>Unspecified</truncated>
		<difficult>Unspecified</difficult>
		<bndbox>
			<xmin>73</xmin>
			<ymin>214</ymin>
			<xmax>236</xmax>
			<ymax>337</ymax>
		</bndbox>
	</object>
</annotation>