<annotation>
	<folder>my-project-name</folder>
	<filename>fire.552.png</filename>
	<path>/my-project-name/fire.552.png</path>
	<source>
		<database>Unspecified</database>
	</source>
	<size>
		<width>448</width>
		<height>336</height>
		<depth>3</depth>
	</size>
	<object>
		<name>fire</name>
		<pose>Unspecified</pose>
		<truncated>Unspecified</truncated>
		<difficult>Unspecified</difficult>
		<bndbox>
			<xmin>387</xmin>
			<ymin>224</ymin>
			<xmax>448</xmax>
			<ymax>336</ymax>
		</bndbox>
	</object>
	<object>
		<name>fire</name>
		<pose>Unspecified</pose>
		<truncated>Unspecified</truncated>
		<difficult>Unspecified</difficult>
		<bndbox>
			<xmin>298</xmin>
			<ymin>241</ymin>
			<xmax>379</xmax>
			<ymax>332</ymax>
		</bndbox>
	</object>
	<object>
		<name>fire</name>
		<pose>Unspecified</pose>
		<truncated>Unspecified</truncated>
		<difficult>Unspecified</difficult>
		<bndbox>
			<xmin>257</xmin>
			<ymin>238</ymin>
			<xmax>300</xmax>
			<ymax>331</ymax>
		</bndbox>
	</object>
	<object>
		<name>fire</name>
		<pose>Unspecified</pose>
		<truncated>Unspecified</truncated>
		<difficult>Unspecified</difficult>
		<bndbox>
			<xmin>202</xmin>
			<ymin>260</ymin>
			<xmax>248</xmax>
			<ymax>334</ymax>
		</bndbox>
	</object>
	<object>
		<name>fire</name>
		<pose>Unspecified</pose>
		<truncated>Unspecified</truncated>
		<difficult>Unspecified</difficult>
		<bndbox>
			<xmin>140</xmin>
			<ymin>260</ymin>
			<xmax>198</xmax>
			<ymax>336</ymax>
		</bndbox>
	</object>
	<object>
		<name>fire</name>
		<pose>Unspecified</pose>
		<truncated>Unspecified</truncated>
		<difficult>Unspecified</difficult>
		<bndbox>
			<xmin>99</xmin>
			<ymin>247</ymin>
			<xmax>142</xmax>
			<ymax>326</ymax>
		</bndbox>
	</object>
	<object>
		<name>fire</name>
		<pose>Unspecified</pose>
		<truncated>Unspecified</truncated>
		<difficult>Unspecified</difficult>
		<bndbox>
			<xmin>2</xmin>
			<ymin>176</ymin>
			<xmax>38</xmax>
			<ymax>324</ymax>
		</bndbox>
	</object>
	<object>
		<name>smoke</name>
		<pose>Unspecified</pose>
		<truncated>Unspecified</truncated>
		<difficult>Unspecified</difficult>
		<bndbox>
			<xmin>392</xmin>
			<ymin>16</ymin>
			<xmax>448</xmax>
			<ymax>145</ymax>
		</bndbox>
	</object>
</annotation>