<annotation>
	<folder>my-project-name</folder>
	<filename>fire.216.png</filename>
	<path>/my-project-name/fire.216.png</path>
	<source>
		<database>Unspecified</database>
	</source>
	<size>
		<width>532</width>
		<height>299</height>
		<depth>3</depth>
	</size>
	<object>
		<name>fire</name>
		<pose>Unspecified</pose>
		<truncated>Unspecified</truncated>
		<difficult>Unspecified</difficult>
		<bndbox>
			<xmin>199</xmin>
			<ymin>3</ymin>
			<xmax>489</xmax>
			<ymax>245</ymax>
		</bndbox>
	</object>
</annotation>