<annotation>
	<folder>my-project-name</folder>
	<filename>fire.204.png</filename>
	<path>/my-project-name/fire.204.png</path>
	<source>
		<database>Unspecified</database>
	</source>
	<size>
		<width>3500</width>
		<height>2227</height>
		<depth>3</depth>
	</size>
	<object>
		<name>fire</name>
		<pose>Unspecified</pose>
		<truncated>Unspecified</truncated>
		<difficult>Unspecified</difficult>
		<bndbox>
			<xmin>1301</xmin>
			<ymin>566</ymin>
			<xmax>1817</xmax>
			<ymax>1088</ymax>
		</bndbox>
	</object>
	<object>
		<name>fire</name>
		<pose>Unspecified</pose>
		<truncated>Unspecified</truncated>
		<difficult>Unspecified</difficult>
		<bndbox>
			<xmin>1445</xmin>
			<ymin>1175</ymin>
			<xmax>2034</xmax>
			<ymax>1537</ymax>
		</bndbox>
	</object>
</annotation>