<annotation>
	<folder>my-project-name</folder>
	<filename>fire.529.png</filename>
	<path>/my-project-name/fire.529.png</path>
	<source>
		<database>Unspecified</database>
	</source>
	<size>
		<width>860</width>
		<height>574</height>
		<depth>3</depth>
	</size>
	<object>
		<name>fire</name>
		<pose>Unspecified</pose>
		<truncated>Unspecified</truncated>
		<difficult>Unspecified</difficult>
		<bndbox>
			<xmin>150</xmin>
			<ymin>345</ymin>
			<xmax>249</xmax>
			<ymax>461</ymax>
		</bndbox>
	</object>
	<object>
		<name>fire</name>
		<pose>Unspecified</pose>
		<truncated>Unspecified</truncated>
		<difficult>Unspecified</difficult>
		<bndbox>
			<xmin>264</xmin>
			<ymin>357</ymin>
			<xmax>378</xmax>
			<ymax>458</ymax>
		</bndbox>
	</object>
	<object>
		<name>fire</name>
		<pose>Unspecified</pose>
		<truncated>Unspecified</truncated>
		<difficult>Unspecified</difficult>
		<bndbox>
			<xmin>407</xmin>
			<ymin>271</ymin>
			<xmax>705</xmax>
			<ymax>520</ymax>
		</bndbox>
	</object>
	<object>
		<name>smoke</name>
		<pose>Unspecified</pose>
		<truncated>Unspecified</truncated>
		<difficult>Unspecified</difficult>
		<bndbox>
			<xmin>274</xmin>
			<ymin>111</ymin>
			<xmax>416</xmax>
			<ymax>224</ymax>
		</bndbox>
	</object>
	<object>
		<name>smoke</name>
		<pose>Unspecified</pose>
		<truncated>Unspecified</truncated>
		<difficult>Unspecified</difficult>
		<bndbox>
			<xmin>531</xmin>
			<ymin>57</ymin>
			<xmax>772</xmax>
			<ymax>213</ymax>
		</bndbox>
	</object>
	<object>
		<name>smoke</name>
		<pose>Unspecified</pose>
		<truncated>Unspecified</truncated>
		<difficult>Unspecified</difficult>
		<bndbox>
			<xmin>110</xmin>
			<ymin>9</ymin>
			<xmax>425</xmax>
			<ymax>95</ymax>
		</bndbox>
	</object>
</annotation>