<annotation>
	<folder>my-project-name</folder>
	<filename>fire.558.png</filename>
	<path>/my-project-name/fire.558.png</path>
	<source>
		<database>Unspecified</database>
	</source>
	<size>
		<width>4000</width>
		<height>3000</height>
		<depth>3</depth>
	</size>
	<object>
		<name>fire</name>
		<pose>Unspecified</pose>
		<truncated>Unspecified</truncated>
		<difficult>Unspecified</difficult>
		<bndbox>
			<xmin>2709</xmin>
			<ymin>2087</ymin>
			<xmax>3277</xmax>
			<ymax>2726</ymax>
		</bndbox>
	</object>
	<object>
		<name>fire</name>
		<pose>Unspecified</pose>
		<truncated>Unspecified</truncated>
		<difficult>Unspecified</difficult>
		<bndbox>
			<xmin>1917</xmin>
			<ymin>1902</ymin>
			<xmax>2728</xmax>
			<ymax>2566</ymax>
		</bndbox>
	</object>
	<object>
		<name>fire</name>
		<pose>Unspecified</pose>
		<truncated>Unspecified</truncated>
		<difficult>Unspecified</difficult>
		<bndbox>
			<xmin>1343</xmin>
			<ymin>2151</ymin>
			<xmax>1930</xmax>
			<ymax>2496</ymax>
		</bndbox>
	</object>
	<object>
		<name>fire</name>
		<pose>Unspecified</pose>
		<truncated>Unspecified</truncated>
		<difficult>Unspecified</difficult>
		<bndbox>
			<xmin>902</xmin>
			<ymin>2304</ymin>
			<xmax>1266</xmax>
			<ymax>2502</ymax>
		</bndbox>
	</object>
	<object>
		<name>fire</name>
		<pose>Unspecified</pose>
		<truncated>Unspecified</truncated>
		<difficult>Unspecified</difficult>
		<bndbox>
			<xmin>545</xmin>
			<ymin>2291</ymin>
			<xmax>794</xmax>
			<ymax>2572</ymax>
		</bndbox>
	</object>
	<object>
		<name>fire</name>
		<pose>Unspecified</pose>
		<truncated>Unspecified</truncated>
		<difficult>Unspecified</difficult>
		<bndbox>
			<xmin>98</xmin>
			<ymin>2247</ymin>
			<xmax>436</xmax>
			<ymax>2470</ymax>
		</bndbox>
	</object>
	<object>
		<name>fire</name>
		<pose>Unspecified</pose>
		<truncated>Unspecified</truncated>
		<difficult>Unspecified</difficult>
		<bndbox>
			<xmin>2026</xmin>
			<ymin>1513</ymin>
			<xmax>2568</xmax>
			<ymax>1909</ymax>
		</bndbox>
	</object>
	<object>
		<name>fire</name>
		<pose>Unspecified</pose>
		<truncated>Unspecified</truncated>
		<difficult>Unspecified</difficult>
		<bndbox>
			<xmin>2051</xmin>
			<ymin>951</ymin>
			<xmax>2523</xmax>
			<ymax>1500</ymax>
		</bndbox>
	</object>
	<object>
		<name>fire</name>
		<pose>Unspecified</pose>
		<truncated>Unspecified</truncated>
		<difficult>Unspecified</difficult>
		<bndbox>
			<xmin>2032</xmin>
			<ymin>396</ymin>
			<xmax>2696</xmax>
			<ymax>894</ymax>
		</bndbox>
	</object>
</annotation>