<annotation>
	<folder>my-project-name</folder>
	<filename>fire.224.png</filename>
	<path>/my-project-name/fire.224.png</path>
	<source>
		<database>Unspecified</database>
	</source>
	<size>
		<width>495</width>
		<height>330</height>
		<depth>3</depth>
	</size>
	<object>
		<name>fire</name>
		<pose>Unspecified</pose>
		<truncated>Unspecified</truncated>
		<difficult>Unspecified</difficult>
		<bndbox>
			<xmin>206</xmin>
			<ymin>189</ymin>
			<xmax>270</xmax>
			<ymax>229</ymax>
		</bndbox>
	</object>
	<object>
		<name>smoke</name>
		<pose>Unspecified</pose>
		<truncated>Unspecified</truncated>
		<difficult>Unspecified</difficult>
		<bndbox>
			<xmin>253</xmin>
			<ymin>0</ymin>
			<xmax>385</xmax>
			<ymax>177</ymax>
		</bndbox>
	</object>
	<object>
		<name>smoke</name>
		<pose>Unspecified</pose>
		<truncated>Unspecified</truncated>
		<difficult>Unspecified</difficult>
		<bndbox>
			<xmin>405</xmin>
			<ymin>23</ymin>
			<xmax>467</xmax>
			<ymax>120</ymax>
		</bndbox>
	</object>
</annotation>