<annotation>
	<folder>my-project-name</folder>
	<filename>fire.179.png</filename>
	<path>/my-project-name/fire.179.png</path>
	<source>
		<database>Unspecified</database>
	</source>
	<size>
		<width>390</width>
		<height>275</height>
		<depth>3</depth>
	</size>
	<object>
		<name>fire</name>
		<pose>Unspecified</pose>
		<truncated>Unspecified</truncated>
		<difficult>Unspecified</difficult>
		<bndbox>
			<xmin>184</xmin>
			<ymin>161</ymin>
			<xmax>228</xmax>
			<ymax>209</ymax>
		</bndbox>
	</object>
	<object>
		<name>fire</name>
		<pose>Unspecified</pose>
		<truncated>Unspecified</truncated>
		<difficult>Unspecified</difficult>
		<bndbox>
			<xmin>273</xmin>
			<ymin>146</ymin>
			<xmax>330</xmax>
			<ymax>178</ymax>
		</bndbox>
	</object>
	<object>
		<name>smoke</name>
		<pose>Unspecified</pose>
		<truncated>Unspecified</truncated>
		<difficult>Unspecified</difficult>
		<bndbox>
			<xmin>196</xmin>
			<ymin>27</ymin>
			<xmax>341</xmax>
			<ymax>128</ymax>
		</bndbox>
	</object>
</annotation>