<annotation>
	<folder>my-project-name</folder>
	<filename>fire.181.png</filename>
	<path>/my-project-name/fire.181.png</path>
	<source>
		<database>Unspecified</database>
	</source>
	<size>
		<width>1000</width>
		<height>500</height>
		<depth>3</depth>
	</size>
	<object>
		<name>fire</name>
		<pose>Unspecified</pose>
		<truncated>Unspecified</truncated>
		<difficult>Unspecified</difficult>
		<bndbox>
			<xmin>348</xmin>
			<ymin>35</ymin>
			<xmax>572</xmax>
			<ymax>364</ymax>
		</bndbox>
	</object>
</annotation>