<annotation>
	<folder>my-project-name</folder>
	<filename>fire.189.png</filename>
	<path>/my-project-name/fire.189.png</path>
	<source>
		<database>Unspecified</database>
	</source>
	<size>
		<width>1000</width>
		<height>541</height>
		<depth>3</depth>
	</size>
	<object>
		<name>fire</name>
		<pose>Unspecified</pose>
		<truncated>Unspecified</truncated>
		<difficult>Unspecified</difficult>
		<bndbox>
			<xmin>736</xmin>
			<ymin>114</ymin>
			<xmax>765</xmax>
			<ymax>158</ymax>
		</bndbox>
	</object>
	<object>
		<name>fire</name>
		<pose>Unspecified</pose>
		<truncated>Unspecified</truncated>
		<difficult>Unspecified</difficult>
		<bndbox>
			<xmin>687</xmin>
			<ymin>102</ymin>
			<xmax>720</xmax>
			<ymax>178</ymax>
		</bndbox>
	</object>
	<object>
		<name>fire</name>
		<pose>Unspecified</pose>
		<truncated>Unspecified</truncated>
		<difficult>Unspecified</difficult>
		<bndbox>
			<xmin>611</xmin>
			<ymin>98</ymin>
			<xmax>656</xmax>
			<ymax>157</ymax>
		</bndbox>
	</object>
	<object>
		<name>fire</name>
		<pose>Unspecified</pose>
		<truncated>Unspecified</truncated>
		<difficult>Unspecified</difficult>
		<bndbox>
			<xmin>562</xmin>
			<ymin>88</ymin>
			<xmax>597</xmax>
			<ymax>148</ymax>
		</bndbox>
	</object>
	<object>
		<name>fire</name>
		<pose>Unspecified</pose>
		<truncated>Unspecified</truncated>
		<difficult>Unspecified</difficult>
		<bndbox>
			<xmin>353</xmin>
			<ymin>117</ymin>
			<xmax>410</xmax>
			<ymax>175</ymax>
		</bndbox>
	</object>
	<object>
		<name>fire</name>
		<pose>Unspecified</pose>
		<truncated>Unspecified</truncated>
		<difficult>Unspecified</difficult>
		<bndbox>
			<xmin>298</xmin>
			<ymin>117</ymin>
			<xmax>338</xmax>
			<ymax>183</ymax>
		</bndbox>
	</object>
</annotation>