<annotation>
	<folder>my-project-name</folder>
	<filename>fire.231.png</filename>
	<path>/my-project-name/fire.231.png</path>
	<source>
		<database>Unspecified</database>
	</source>
	<size>
		<width>1200</width>
		<height>514</height>
		<depth>3</depth>
	</size>
	<object>
		<name>fire</name>
		<pose>Unspecified</pose>
		<truncated>Unspecified</truncated>
		<difficult>Unspecified</difficult>
		<bndbox>
			<xmin>966</xmin>
			<ymin>374</ymin>
			<xmax>1007</xmax>
			<ymax>484</ymax>
		</bndbox>
	</object>
	<object>
		<name>smoke</name>
		<pose>Unspecified</pose>
		<truncated>Unspecified</truncated>
		<difficult>Unspecified</difficult>
		<bndbox>
			<xmin>885</xmin>
			<ymin>0</ymin>
			<xmax>1071</xmax>
			<ymax>149</ymax>
		</bndbox>
	</object>
	<object>
		<name>smoke</name>
		<pose>Unspecified</pose>
		<truncated>Unspecified</truncated>
		<difficult>Unspecified</difficult>
		<bndbox>
			<xmin>596</xmin>
			<ymin>22</ymin>
			<xmax>828</xmax>
			<ymax>225</ymax>
		</bndbox>
	</object>
	<object>
		<name>smoke</name>
		<pose>Unspecified</pose>
		<truncated>Unspecified</truncated>
		<difficult>Unspecified</difficult>
		<bndbox>
			<xmin>313</xmin>
			<ymin>52</ymin>
			<xmax>497</xmax>
			<ymax>229</ymax>
		</bndbox>
	</object>
	<object>
		<name>smoke</name>
		<pose>Unspecified</pose>
		<truncated>Unspecified</truncated>
		<difficult>Unspecified</difficult>
		<bndbox>
			<xmin>773</xmin>
			<ymin>276</ymin>
			<xmax>908</xmax>
			<ymax>388</ymax>
		</bndbox>
	</object>
	<object>
		<name>smoke</name>
		<pose>Unspecified</pose>
		<truncated>Unspecified</truncated>
		<difficult>Unspecified</difficult>
		<bndbox>
			<xmin>986</xmin>
			<ymin>268</ymin>
			<xmax>1074</xmax>
			<ymax>330</ymax>
		</bndbox>
	</object>
	<object>
		<name>smoke</name>
		<pose>Unspecified</pose>
		<truncated>Unspecified</truncated>
		<difficult>Unspecified</difficult>
		<bndbox>
			<xmin>857</xmin>
			<ymin>193</ymin>
			<xmax>940</xmax>
			<ymax>246</ymax>
		</bndbox>
	</object>
</annotation>