<annotation>
	<folder>my-project-name</folder>
	<filename>fire.562.png</filename>
	<path>/my-project-name/fire.562.png</path>
	<source>
		<database>Unspecified</database>
	</source>
	<size>
		<width>400</width>
		<height>600</height>
		<depth>3</depth>
	</size>
	<object>
		<name>fire</name>
		<pose>Unspecified</pose>
		<truncated>Unspecified</truncated>
		<difficult>Unspecified</difficult>
		<bndbox>
			<xmin>338</xmin>
			<ymin>530</ymin>
			<xmax>400</xmax>
			<ymax>577</ymax>
		</bndbox>
	</object>
	<object>
		<name>smoke</name>
		<pose>Unspecified</pose>
		<truncated>Unspecified</truncated>
		<difficult>Unspecified</difficult>
		<bndbox>
			<xmin>69</xmin>
			<ymin>27</ymin>
			<xmax>282</xmax>
			<ymax>255</ymax>
		</bndbox>
	</object>
</annotation>