<annotation>
	<folder>my-project-name</folder>
	<filename>fire.206.png</filename>
	<path>/my-project-name/fire.206.png</path>
	<source>
		<database>Unspecified</database>
	</source>
	<size>
		<width>970</width>
		<height>647</height>
		<depth>3</depth>
	</size>
	<object>
		<name>fire</name>
		<pose>Unspecified</pose>
		<truncated>Unspecified</truncated>
		<difficult>Unspecified</difficult>
		<bndbox>
			<xmin>246</xmin>
			<ymin>216</ymin>
			<xmax>369</xmax>
			<ymax>315</ymax>
		</bndbox>
	</object>
</annotation>