<annotation>
	<folder>my-project-name</folder>
	<filename>fire.304.png</filename>
	<path>/my-project-name/fire.304.png</path>
	<source>
		<database>Unspecified</database>
	</source>
	<size>
		<width>1024</width>
		<height>668</height>
		<depth>3</depth>
	</size>
	<object>
		<name>fire</name>
		<pose>Unspecified</pose>
		<truncated>Unspecified</truncated>
		<difficult>Unspecified</difficult>
		<bndbox>
			<xmin>24</xmin>
			<ymin>68</ymin>
			<xmax>278</xmax>
			<ymax>434</ymax>
		</bndbox>
	</object>
	<object>
		<name>fire</name>
		<pose>Unspecified</pose>
		<truncated>Unspecified</truncated>
		<difficult>Unspecified</difficult>
		<bndbox>
			<xmin>791</xmin>
			<ymin>132</ymin>
			<xmax>938</xmax>
			<ymax>444</ymax>
		</bndbox>
	</object>
</annotation>