<annotation>
	<folder>my-project-name</folder>
	<filename>fire.316.png</filename>
	<path>/my-project-name/fire.316.png</path>
	<source>
		<database>Unspecified</database>
	</source>
	<size>
		<width>2400</width>
		<height>1800</height>
		<depth>3</depth>
	</size>
	<object>
		<name>fire</name>
		<pose>Unspecified</pose>
		<truncated>Unspecified</truncated>
		<difficult>Unspecified</difficult>
		<bndbox>
			<xmin>1234</xmin>
			<ymin>471</ymin>
			<xmax>1529</xmax>
			<ymax>831</ymax>
		</bndbox>
	</object>
	<object>
		<name>fire</name>
		<pose>Unspecified</pose>
		<truncated>Unspecified</truncated>
		<difficult>Unspecified</difficult>
		<bndbox>
			<xmin>940</xmin>
			<ymin>551</ymin>
			<xmax>1250</xmax>
			<ymax>866</ymax>
		</bndbox>
	</object>
	<object>
		<name>smoke</name>
		<pose>Unspecified</pose>
		<truncated>Unspecified</truncated>
		<difficult>Unspecified</difficult>
		<bndbox>
			<xmin>1093</xmin>
			<ymin>80</ymin>
			<xmax>2050</xmax>
			<ymax>429</ymax>
		</bndbox>
	</object>
	<object>
		<name>smoke</name>
		<pose>Unspecified</pose>
		<truncated>Unspecified</truncated>
		<difficult>Unspecified</difficult>
		<bndbox>
			<xmin>0</xmin>
			<ymin>65</ymin>
			<xmax>281</xmax>
			<ymax>444</ymax>
		</bndbox>
	</object>
</annotation>