<annotation>
	<folder>my-project-name</folder>
	<filename>fire.310.png</filename>
	<path>/my-project-name/fire.310.png</path>
	<source>
		<database>Unspecified</database>
	</source>
	<size>
		<width>648</width>
		<height>365</height>
		<depth>3</depth>
	</size>
	<object>
		<name>fire</name>
		<pose>Unspecified</pose>
		<truncated>Unspecified</truncated>
		<difficult>Unspecified</difficult>
		<bndbox>
			<xmin>69</xmin>
			<ymin>0</ymin>
			<xmax>160</xmax>
			<ymax>136</ymax>
		</bndbox>
	</object>
	<object>
		<name>fire</name>
		<pose>Unspecified</pose>
		<truncated>Unspecified</truncated>
		<difficult>Unspecified</difficult>
		<bndbox>
			<xmin>205</xmin>
			<ymin>243</ymin>
			<xmax>249</xmax>
			<ymax>285</ymax>
		</bndbox>
	</object>
	<object>
		<name>fire</name>
		<pose>Unspecified</pose>
		<truncated>Unspecified</truncated>
		<difficult>Unspecified</difficult>
		<bndbox>
			<xmin>56</xmin>
			<ymin>195</ymin>
			<xmax>151</xmax>
			<ymax>262</ymax>
		</bndbox>
	</object>
</annotation>