<annotation>
	<folder>my-project-name</folder>
	<filename>fire.184.png</filename>
	<path>/my-project-name/fire.184.png</path>
	<source>
		<database>Unspecified</database>
	</source>
	<size>
		<width>750</width>
		<height>422</height>
		<depth>3</depth>
	</size>
	<object>
		<name>fire</name>
		<pose>Unspecified</pose>
		<truncated>Unspecified</truncated>
		<difficult>Unspecified</difficult>
		<bndbox>
			<xmin>185</xmin>
			<ymin>174</ymin>
			<xmax>294</xmax>
			<ymax>266</ymax>
		</bndbox>
	</object>
	<object>
		<name>fire</name>
		<pose>Unspecified</pose>
		<truncated>Unspecified</truncated>
		<difficult>Unspecified</difficult>
		<bndbox>
			<xmin>342</xmin>
			<ymin>178</ymin>
			<xmax>393</xmax>
			<ymax>245</ymax>
		</bndbox>
	</object>
	<object>
		<name>fire</name>
		<pose>Unspecified</pose>
		<truncated>Unspecified</truncated>
		<difficult>Unspecified</difficult>
		<bndbox>
			<xmin>403</xmin>
			<ymin>159</ymin>
			<xmax>468</xmax>
			<ymax>215</ymax>
		</bndbox>
	</object>
</annotation>