<annotation>
	<folder>my-project-name</folder>
	<filename>fire.194.png</filename>
	<path>/my-project-name/fire.194.png</path>
	<source>
		<database>Unspecified</database>
	</source>
	<size>
		<width>400</width>
		<height>225</height>
		<depth>3</depth>
	</size>
	<object>
		<name>fire</name>
		<pose>Unspecified</pose>
		<truncated>Unspecified</truncated>
		<difficult>Unspecified</difficult>
		<bndbox>
			<xmin>64</xmin>
			<ymin>56</ymin>
			<xmax>155</xmax>
			<ymax>111</ymax>
		</bndbox>
	</object>
	<object>
		<name>fire</name>
		<pose>Unspecified</pose>
		<truncated>Unspecified</truncated>
		<difficult>Unspecified</difficult>
		<bndbox>
			<xmin>157</xmin>
			<ymin>43</ymin>
			<xmax>227</xmax>
			<ymax>114</ymax>
		</bndbox>
	</object>
	<object>
		<name>fire</name>
		<pose>Unspecified</pose>
		<truncated>Unspecified</truncated>
		<difficult>Unspecified</difficult>
		<bndbox>
			<xmin>278</xmin>
			<ymin>10</ymin>
			<xmax>337</xmax>
			<ymax>60</ymax>
		</bndbox>
	</object>
	<object>
		<name>fire</name>
		<pose>Unspecified</pose>
		<truncated>Unspecified</truncated>
		<difficult>Unspecified</difficult>
		<bndbox>
			<xmin>347</xmin>
			<ymin>9</ymin>
			<xmax>399</xmax>
			<ymax>65</ymax>
		</bndbox>
	</object>
	<object>
		<name>fire</name>
		<pose>Unspecified</pose>
		<truncated>Unspecified</truncated>
		<difficult>Unspecified</difficult>
		<bndbox>
			<xmin>343</xmin>
			<ymin>66</ymin>
			<xmax>396</xmax>
			<ymax>100</ymax>
		</bndbox>
	</object>
	<object>
		<name>fire</name>
		<pose>Unspecified</pose>
		<truncated>Unspecified</truncated>
		<difficult>Unspecified</difficult>
		<bndbox>
			<xmin>301</xmin>
			<ymin>67</ymin>
			<xmax>337</xmax>
			<ymax>111</ymax>
		</bndbox>
	</object>
	<object>
		<name>fire</name>
		<pose>Unspecified</pose>
		<truncated>Unspecified</truncated>
		<difficult>Unspecified</difficult>
		<bndbox>
			<xmin>272</xmin>
			<ymin>118</ymin>
			<xmax>319</xmax>
			<ymax>160</ymax>
		</bndbox>
	</object>
	<object>
		<name>fire</name>
		<pose>Unspecified</pose>
		<truncated>Unspecified</truncated>
		<difficult>Unspecified</difficult>
		<bndbox>
			<xmin>221</xmin>
			<ymin>130</ymin>
			<xmax>250</xmax>
			<ymax>197</ymax>
		</bndbox>
	</object>
	<object>
		<name>fire</name>
		<pose>Unspecified</pose>
		<truncated>Unspecified</truncated>
		<difficult>Unspecified</difficult>
		<bndbox>
			<xmin>112</xmin>
			<ymin>0</ymin>
			<xmax>185</xmax>
			<ymax>30</ymax>
		</bndbox>
	</object>
	<object>
		<name>fire</name>
		<pose>Unspecified</pose>
		<truncated>Unspecified</truncated>
		<difficult>Unspecified</difficult>
		<bndbox>
			<xmin>0</xmin>
			<ymin>0</ymin>
			<xmax>91</xmax>
			<ymax>47</ymax>
		</bndbox>
	</object>
</annotation>