<annotation>
	<folder>my-project-name</folder>
	<filename>fire.175.png</filename>
	<path>/my-project-name/fire.175.png</path>
	<source>
		<database>Unspecified</database>
	</source>
	<size>
		<width>650</width>
		<height>366</height>
		<depth>3</depth>
	</size>
	<object>
		<name>fire</name>
		<pose>Unspecified</pose>
		<truncated>Unspecified</truncated>
		<difficult>Unspecified</difficult>
		<bndbox>
			<xmin>448</xmin>
			<ymin>50</ymin>
			<xmax>489</xmax>
			<ymax>166</ymax>
		</bndbox>
	</object>
	<object>
		<name>fire</name>
		<pose>Unspecified</pose>
		<truncated>Unspecified</truncated>
		<difficult>Unspecified</difficult>
		<bndbox>
			<xmin>382</xmin>
			<ymin>34</ymin>
			<xmax>400</xmax>
			<ymax>61</ymax>
		</bndbox>
	</object>
	<object>
		<name>fire</name>
		<pose>Unspecified</pose>
		<truncated>Unspecified</truncated>
		<difficult>Unspecified</difficult>
		<bndbox>
			<xmin>414</xmin>
			<ymin>148</ymin>
			<xmax>455</xmax>
			<ymax>273</ymax>
		</bndbox>
	</object>
	<object>
		<name>fire</name>
		<pose>Unspecified</pose>
		<truncated>Unspecified</truncated>
		<difficult>Unspecified</difficult>
		<bndbox>
			<xmin>358</xmin>
			<ymin>179</ymin>
			<xmax>373</xmax>
			<ymax>202</ymax>
		</bndbox>
	</object>
</annotation>