<annotation>
	<folder>my-project-name</folder>
	<filename>fire.545.png</filename>
	<path>/my-project-name/fire.545.png</path>
	<source>
		<database>Unspecified</database>
	</source>
	<size>
		<width>600</width>
		<height>400</height>
		<depth>3</depth>
	</size>
	<object>
		<name>fire</name>
		<pose>Unspecified</pose>
		<truncated>Unspecified</truncated>
		<difficult>Unspecified</difficult>
		<bndbox>
			<xmin>506</xmin>
			<ymin>224</ymin>
			<xmax>543</xmax>
			<ymax>284</ymax>
		</bndbox>
	</object>
	<object>
		<name>fire</name>
		<pose>Unspecified</pose>
		<truncated>Unspecified</truncated>
		<difficult>Unspecified</difficult>
		<bndbox>
			<xmin>80</xmin>
			<ymin>95</ymin>
			<xmax>129</xmax>
			<ymax>155</ymax>
		</bndbox>
	</object>
</annotation>