<annotation>
	<folder>my-project-name</folder>
	<filename>fire.232.png</filename>
	<path>/my-project-name/fire.232.png</path>
	<source>
		<database>Unspecified</database>
	</source>
	<size>
		<width>1100</width>
		<height>619</height>
		<depth>3</depth>
	</size>
	<object>
		<name>fire</name>
		<pose>Unspecified</pose>
		<truncated>Unspecified</truncated>
		<difficult>Unspecified</difficult>
		<bndbox>
			<xmin>943</xmin>
			<ymin>282</ymin>
			<xmax>1100</xmax>
			<ymax>405</ymax>
		</bndbox>
	</object>
	<object>
		<name>fire</name>
		<pose>Unspecified</pose>
		<truncated>Unspecified</truncated>
		<difficult>Unspecified</difficult>
		<bndbox>
			<xmin>737</xmin>
			<ymin>399</ymin>
			<xmax>784</xmax>
			<ymax>460</ymax>
		</bndbox>
	</object>
	<object>
		<name>fire</name>
		<pose>Unspecified</pose>
		<truncated>Unspecified</truncated>
		<difficult>Unspecified</difficult>
		<bndbox>
			<xmin>367</xmin>
			<ymin>206</ymin>
			<xmax>432</xmax>
			<ymax>279</ymax>
		</bndbox>
	</object>
</annotation>