<annotation>
	<folder>my-project-name</folder>
	<filename>fire.548.png</filename>
	<path>/my-project-name/fire.548.png</path>
	<source>
		<database>Unspecified</database>
	</source>
	<size>
		<width>646</width>
		<height>547</height>
		<depth>3</depth>
	</size>
	<object>
		<name>fire</name>
		<pose>Unspecified</pose>
		<truncated>Unspecified</truncated>
		<difficult>Unspecified</difficult>
		<bndbox>
			<xmin>105</xmin>
			<ymin>214</ymin>
			<xmax>175</xmax>
			<ymax>518</ymax>
		</bndbox>
	</object>
	<object>
		<name>fire</name>
		<pose>Unspecified</pose>
		<truncated>Unspecified</truncated>
		<difficult>Unspecified</difficult>
		<bndbox>
			<xmin>240</xmin>
			<ymin>204</ymin>
			<xmax>357</xmax>
			<ymax>512</ymax>
		</bndbox>
	</object>
	<object>
		<name>fire</name>
		<pose>Unspecified</pose>
		<truncated>Unspecified</truncated>
		<difficult>Unspecified</difficult>
		<bndbox>
			<xmin>374</xmin>
			<ymin>155</ymin>
			<xmax>576</xmax>
			<ymax>468</ymax>
		</bndbox>
	</object>
</annotation>