<annotation>
	<folder>my-project-name</folder>
	<filename>fire.187.png</filename>
	<path>/my-project-name/fire.187.png</path>
	<source>
		<database>Unspecified</database>
	</source>
	<size>
		<width>1500</width>
		<height>1000</height>
		<depth>3</depth>
	</size>
	<object>
		<name>fire</name>
		<pose>Unspecified</pose>
		<truncated>Unspecified</truncated>
		<difficult>Unspecified</difficult>
		<bndbox>
			<xmin>1294</xmin>
			<ymin>542</ymin>
			<xmax>1365</xmax>
			<ymax>628</ymax>
		</bndbox>
	</object>
	<object>
		<name>fire</name>
		<pose>Unspecified</pose>
		<truncated>Unspecified</truncated>
		<difficult>Unspecified</difficult>
		<bndbox>
			<xmin>1197</xmin>
			<ymin>540</ymin>
			<xmax>1292</xmax>
			<ymax>708</ymax>
		</bndbox>
	</object>
	<object>
		<name>fire</name>
		<pose>Unspecified</pose>
		<truncated>Unspecified</truncated>
		<difficult>Unspecified</difficult>
		<bndbox>
			<xmin>1086</xmin>
			<ymin>511</ymin>
			<xmax>1195</xmax>
			<ymax>666</ymax>
		</bndbox>
	</object>
	<object>
		<name>fire</name>
		<pose>Unspecified</pose>
		<truncated>Unspecified</truncated>
		<difficult>Unspecified</difficult>
		<bndbox>
			<xmin>945</xmin>
			<ymin>549</ymin>
			<xmax>1053</xmax>
			<ymax>673</ymax>
		</bndbox>
	</object>
	<object>
		<name>fire</name>
		<pose>Unspecified</pose>
		<truncated>Unspecified</truncated>
		<difficult>Unspecified</difficult>
		<bndbox>
			<xmin>847</xmin>
			<ymin>646</ymin>
			<xmax>920</xmax>
			<ymax>723</ymax>
		</bndbox>
	</object>
	<object>
		<name>fire</name>
		<pose>Unspecified</pose>
		<truncated>Unspecified</truncated>
		<difficult>Unspecified</difficult>
		<bndbox>
			<xmin>504</xmin>
			<ymin>646</ymin>
			<xmax>622</xmax>
			<ymax>777</ymax>
		</bndbox>
	</object>
	<object>
		<name>fire</name>
		<pose>Unspecified</pose>
		<truncated>Unspecified</truncated>
		<difficult>Unspecified</difficult>
		<bndbox>
			<xmin>385</xmin>
			<ymin>600</ymin>
			<xmax>500</xmax>
			<ymax>770</ymax>
		</bndbox>
	</object>
	<object>
		<name>fire</name>
		<pose>Unspecified</pose>
		<truncated>Unspecified</truncated>
		<difficult>Unspecified</difficult>
		<bndbox>
			<xmin>239</xmin>
			<ymin>602</ymin>
			<xmax>367</xmax>
			<ymax>819</ymax>
		</bndbox>
	</object>
	<object>
		<name>fire</name>
		<pose>Unspecified</pose>
		<truncated>Unspecified</truncated>
		<difficult>Unspecified</difficult>
		<bndbox>
			<xmin>97</xmin>
			<ymin>553</ymin>
			<xmax>232</xmax>
			<ymax>712</ymax>
		</bndbox>
	</object>
</annotation>