<annotation>
	<folder>my-project-name</folder>
	<filename>fire.234.png</filename>
	<path>/my-project-name/fire.234.png</path>
	<source>
		<database>Unspecified</database>
	</source>
	<size>
		<width>590</width>
		<height>350</height>
		<depth>3</depth>
	</size>
	<object>
		<name>smoke</name>
		<pose>Unspecified</pose>
		<truncated>Unspecified</truncated>
		<difficult>Unspecified</difficult>
		<bndbox>
			<xmin>227</xmin>
			<ymin>3</ymin>
			<xmax>460</xmax>
			<ymax>205</ymax>
		</bndbox>
	</object>
</annotation>