<annotation>
	<folder>my-project-name</folder>
	<filename>fire.211.png</filename>
	<path>/my-project-name/fire.211.png</path>
	<source>
		<database>Unspecified</database>
	</source>
	<size>
		<width>880</width>
		<height>495</height>
		<depth>3</depth>
	</size>
	<object>
		<name>fire</name>
		<pose>Unspecified</pose>
		<truncated>Unspecified</truncated>
		<difficult>Unspecified</difficult>
		<bndbox>
			<xmin>221</xmin>
			<ymin>214</ymin>
			<xmax>299</xmax>
			<ymax>376</ymax>
		</bndbox>
	</object>
	<object>
		<name>fire</name>
		<pose>Unspecified</pose>
		<truncated>Unspecified</truncated>
		<difficult>Unspecified</difficult>
		<bndbox>
			<xmin>131</xmin>
			<ymin>332</ymin>
			<xmax>245</xmax>
			<ymax>388</ymax>
		</bndbox>
	</object>
	<object>
		<name>smoke</name>
		<pose>Unspecified</pose>
		<truncated>Unspecified</truncated>
		<difficult>Unspecified</difficult>
		<bndbox>
			<xmin>125</xmin>
			<ymin>131</ymin>
			<xmax>215</xmax>
			<ymax>303</ymax>
		</bndbox>
	</object>
	<object>
		<name>smoke</name>
		<pose>Unspecified</pose>
		<truncated>Unspecified</truncated>
		<difficult>Unspecified</difficult>
		<bndbox>
			<xmin>314</xmin>
			<ymin>24</ymin>
			<xmax>398</xmax>
			<ymax>158</ymax>
		</bndbox>
	</object>
	<object>
		<name>smoke</name>
		<pose>Unspecified</pose>
		<truncated>Unspecified</truncated>
		<difficult>Unspecified</difficult>
		<bndbox>
			<xmin>522</xmin>
			<ymin>62</ymin>
			<xmax>606</xmax>
			<ymax>192</ymax>
		</bndbox>
	</object>
</annotation>