<annotation>
	<folder>my-project-name</folder>
	<filename>fire.567.png</filename>
	<path>/my-project-name/fire.567.png</path>
	<source>
		<database>Unspecified</database>
	</source>
	<size>
		<width>1999</width>
		<height>1328</height>
		<depth>3</depth>
	</size>
	<object>
		<name>fire</name>
		<pose>Unspecified</pose>
		<truncated>Unspecified</truncated>
		<difficult>Unspecified</difficult>
		<bndbox>
			<xmin>1651</xmin>
			<ymin>508</ymin>
			<xmax>1881</xmax>
			<ymax>726</ymax>
		</bndbox>
	</object>
	<object>
		<name>fire</name>
		<pose>Unspecified</pose>
		<truncated>Unspecified</truncated>
		<difficult>Unspecified</difficult>
		<bndbox>
			<xmin>1008</xmin>
			<ymin>499</ymin>
			<xmax>1188</xmax>
			<ymax>696</ymax>
		</bndbox>
	</object>
	<object>
		<name>fire</name>
		<pose>Unspecified</pose>
		<truncated>Unspecified</truncated>
		<difficult>Unspecified</difficult>
		<bndbox>
			<xmin>1330</xmin>
			<ymin>552</ymin>
			<xmax>1386</xmax>
			<ymax>735</ymax>
		</bndbox>
	</object>
</annotation>