<annotation>
	<folder>my-project-name</folder>
	<filename>fire.199.png</filename>
	<path>/my-project-name/fire.199.png</path>
	<source>
		<database>Unspecified</database>
	</source>
	<size>
		<width>600</width>
		<height>450</height>
		<depth>3</depth>
	</size>
	<object>
		<name>fire</name>
		<pose>Unspecified</pose>
		<truncated>Unspecified</truncated>
		<difficult>Unspecified</difficult>
		<bndbox>
			<xmin>67</xmin>
			<ymin>25</ymin>
			<xmax>260</xmax>
			<ymax>197</ymax>
		</bndbox>
	</object>
</annotation>