<annotation>
	<folder>my-project-name</folder>
	<filename>fire.302.png</filename>
	<path>/my-project-name/fire.302.png</path>
	<source>
		<database>Unspecified</database>
	</source>
	<size>
		<width>534</width>
		<height>401</height>
		<depth>3</depth>
	</size>
	<object>
		<name>fire</name>
		<pose>Unspecified</pose>
		<truncated>Unspecified</truncated>
		<difficult>Unspecified</difficult>
		<bndbox>
			<xmin>451</xmin>
			<ymin>219</ymin>
			<xmax>486</xmax>
			<ymax>265</ymax>
		</bndbox>
	</object>
	<object>
		<name>fire</name>
		<pose>Unspecified</pose>
		<truncated>Unspecified</truncated>
		<difficult>Unspecified</difficult>
		<bndbox>
			<xmin>418</xmin>
			<ymin>176</ymin>
			<xmax>450</xmax>
			<ymax>205</ymax>
		</bndbox>
	</object>
	<object>
		<name>fire</name>
		<pose>Unspecified</pose>
		<truncated>Unspecified</truncated>
		<difficult>Unspecified</difficult>
		<bndbox>
			<xmin>322</xmin>
			<ymin>177</ymin>
			<xmax>352</xmax>
			<ymax>213</ymax>
		</bndbox>
	</object>
	<object>
		<name>fire</name>
		<pose>Unspecified</pose>
		<truncated>Unspecified</truncated>
		<difficult>Unspecified</difficult>
		<bndbox>
			<xmin>415</xmin>
			<ymin>262</ymin>
			<xmax>466</xmax>
			<ymax>289</ymax>
		</bndbox>
	</object>
</annotation>