<annotation>
	<folder>my-project-name</folder>
	<filename>fire.186.png</filename>
	<path>/my-project-name/fire.186.png</path>
	<source>
		<database>Unspecified</database>
	</source>
	<size>
		<width>650</width>
		<height>420</height>
		<depth>3</depth>
	</size>
	<object>
		<name>smoke</name>
		<pose>Unspecified</pose>
		<truncated>Unspecified</truncated>
		<difficult>Unspecified</difficult>
		<bndbox>
			<xmin>136</xmin>
			<ymin>0</ymin>
			<xmax>401</xmax>
			<ymax>187</ymax>
		</bndbox>
	</object>
	<object>
		<name>fire</name>
		<pose>Unspecified</pose>
		<truncated>Unspecified</truncated>
		<difficult>Unspecified</difficult>
		<bndbox>
			<xmin>370</xmin>
			<ymin>182</ymin>
			<xmax>409</xmax>
			<ymax>383</ymax>
		</bndbox>
	</object>
</annotation>