<annotation>
	<folder>my-project-name</folder>
	<filename>fire.218.png</filename>
	<path>/my-project-name/fire.218.png</path>
	<source>
		<database>Unspecified</database>
	</source>
	<size>
		<width>470</width>
		<height>313</height>
		<depth>3</depth>
	</size>
	<object>
		<name>fire</name>
		<pose>Unspecified</pose>
		<truncated>Unspecified</truncated>
		<difficult>Unspecified</difficult>
		<bndbox>
			<xmin>17</xmin>
			<ymin>72</ymin>
			<xmax>177</xmax>
			<ymax>231</ymax>
		</bndbox>
	</object>
	<object>
		<name>fire</name>
		<pose>Unspecified</pose>
		<truncated>Unspecified</truncated>
		<difficult>Unspecified</difficult>
		<bndbox>
			<xmin>180</xmin>
			<ymin>32</ymin>
			<xmax>322</xmax>
			<ymax>281</ymax>
		</bndbox>
	</object>
</annotation>