<annotation>
	<folder>my-project-name</folder>
	<filename>fire.314.png</filename>
	<path>/my-project-name/fire.314.png</path>
	<source>
		<database>Unspecified</database>
	</source>
	<size>
		<width>750</width>
		<height>533</height>
		<depth>3</depth>
	</size>
	<object>
		<name>fire</name>
		<pose>Unspecified</pose>
		<truncated>Unspecified</truncated>
		<difficult>Unspecified</difficult>
		<bndbox>
			<xmin>340</xmin>
			<ymin>192</ymin>
			<xmax>549</xmax>
			<ymax>396</ymax>
		</bndbox>
	</object>
	<object>
		<name>fire</name>
		<pose>Unspecified</pose>
		<truncated>Unspecified</truncated>
		<difficult>Unspecified</difficult>
		<bndbox>
			<xmin>622</xmin>
			<ymin>289</ymin>
			<xmax>713</xmax>
			<ymax>372</ymax>
		</bndbox>
	</object>
</annotation>