<annotation>
	<folder>my-project-name</folder>
	<filename>fire.565.png</filename>
	<path>/my-project-name/fire.565.png</path>
	<source>
		<database>Unspecified</database>
	</source>
	<size>
		<width>4948</width>
		<height>3298</height>
		<depth>3</depth>
	</size>
	<object>
		<name>fire</name>
		<pose>Unspecified</pose>
		<truncated>Unspecified</truncated>
		<difficult>Unspecified</difficult>
		<bndbox>
			<xmin>3817</xmin>
			<ymin>1167</ymin>
			<xmax>4072</xmax>
			<ymax>1452</ymax>
		</bndbox>
	</object>
	<object>
		<name>fire</name>
		<pose>Unspecified</pose>
		<truncated>Unspecified</truncated>
		<difficult>Unspecified</difficult>
		<bndbox>
			<xmin>4204</xmin>
			<ymin>1109</ymin>
			<xmax>4510</xmax>
			<ymax>1401</ymax>
		</bndbox>
	</object>
	<object>
		<name>fire</name>
		<pose>Unspecified</pose>
		<truncated>Unspecified</truncated>
		<difficult>Unspecified</difficult>
		<bndbox>
			<xmin>4722</xmin>
			<ymin>1386</ymin>
			<xmax>4948</xmax>
			<ymax>1627</ymax>
		</bndbox>
	</object>
	<object>
		<name>fire</name>
		<pose>Unspecified</pose>
		<truncated>Unspecified</truncated>
		<difficult>Unspecified</difficult>
		<bndbox>
			<xmin>3656</xmin>
			<ymin>1474</ymin>
			<xmax>4328</xmax>
			<ymax>1919</ymax>
		</bndbox>
	</object>
	<object>
		<name>fire</name>
		<pose>Unspecified</pose>
		<truncated>Unspecified</truncated>
		<difficult>Unspecified</difficult>
		<bndbox>
			<xmin>4510</xmin>
			<ymin>1620</ymin>
			<xmax>4948</xmax>
			<ymax>2116</ymax>
		</bndbox>
	</object>
	<object>
		<name>fire</name>
		<pose>Unspecified</pose>
		<truncated>Unspecified</truncated>
		<difficult>Unspecified</difficult>
		<bndbox>
			<xmin>4700</xmin>
			<ymin>2109</ymin>
			<xmax>4941</xmax>
			<ymax>2430</ymax>
		</bndbox>
	</object>
	<object>
		<name>fire</name>
		<pose>Unspecified</pose>
		<truncated>Unspecified</truncated>
		<difficult>Unspecified</difficult>
		<bndbox>
			<xmin>4532</xmin>
			<ymin>2868</ymin>
			<xmax>4846</xmax>
			<ymax>3284</ymax>
		</bndbox>
	</object>
	<object>
		<name>fire</name>
		<pose>Unspecified</pose>
		<truncated>Unspecified</truncated>
		<difficult>Unspecified</difficult>
		<bndbox>
			<xmin>2416</xmin>
			<ymin>2401</ymin>
			<xmax>3072</xmax>
			<ymax>2985</ymax>
		</bndbox>
	</object>
	<object>
		<name>fire</name>
		<pose>Unspecified</pose>
		<truncated>Unspecified</truncated>
		<difficult>Unspecified</difficult>
		<bndbox>
			<xmin>2897</xmin>
			<ymin>1715</ymin>
			<xmax>3175</xmax>
			<ymax>1941</ymax>
		</bndbox>
	</object>
	<object>
		<name>fire</name>
		<pose>Unspecified</pose>
		<truncated>Unspecified</truncated>
		<difficult>Unspecified</difficult>
		<bndbox>
			<xmin>2576</xmin>
			<ymin>1839</ymin>
			<xmax>2810</xmax>
			<ymax>1999</ymax>
		</bndbox>
	</object>
	<object>
		<name>fire</name>
		<pose>Unspecified</pose>
		<truncated>Unspecified</truncated>
		<difficult>Unspecified</difficult>
		<bndbox>
			<xmin>2014</xmin>
			<ymin>1744</ymin>
			<xmax>2313</xmax>
			<ymax>2153</ymax>
		</bndbox>
	</object>
	<object>
		<name>fire</name>
		<pose>Unspecified</pose>
		<truncated>Unspecified</truncated>
		<difficult>Unspecified</difficult>
		<bndbox>
			<xmin>0</xmin>
			<ymin>1270</ymin>
			<xmax>1270</xmax>
			<ymax>2839</ymax>
		</bndbox>
	</object>
</annotation>