<annotation>
	<folder>my-project-name</folder>
	<filename>fire.172.png</filename>
	<path>/my-project-name/fire.172.png</path>
	<source>
		<database>Unspecified</database>
	</source>
	<size>
		<width>500</width>
		<height>282</height>
		<depth>3</depth>
	</size>
	<object>
		<name>fire</name>
		<pose>Unspecified</pose>
		<truncated>Unspecified</truncated>
		<difficult>Unspecified</difficult>
		<bndbox>
			<xmin>246</xmin>
			<ymin>0</ymin>
			<xmax>399</xmax>
			<ymax>83</ymax>
		</bndbox>
	</object>
	<object>
		<name>fire</name>
		<pose>Unspecified</pose>
		<truncated>Unspecified</truncated>
		<difficult>Unspecified</difficult>
		<bndbox>
			<xmin>218</xmin>
			<ymin>85</ymin>
			<xmax>279</xmax>
			<ymax>152</ymax>
		</bndbox>
	</object>
	<object>
		<name>fire</name>
		<pose>Unspecified</pose>
		<truncated>Unspecified</truncated>
		<difficult>Unspecified</difficult>
		<bndbox>
			<xmin>129</xmin>
			<ymin>14</ymin>
			<xmax>225</xmax>
			<ymax>83</ymax>
		</bndbox>
	</object>
	<object>
		<name>fire</name>
		<pose>Unspecified</pose>
		<truncated>Unspecified</truncated>
		<difficult>Unspecified</difficult>
		<bndbox>
			<xmin>66</xmin>
			<ymin>31</ymin>
			<xmax>111</xmax>
			<ymax>73</ymax>
		</bndbox>
	</object>
</annotation>