<annotation>
	<folder>my-project-name</folder>
	<filename>fire.308.png</filename>
	<path>/my-project-name/fire.308.png</path>
	<source>
		<database>Unspecified</database>
	</source>
	<size>
		<width>305</width>
		<height>460</height>
		<depth>3</depth>
	</size>
	<object>
		<name>fire</name>
		<pose>Unspecified</pose>
		<truncated>Unspecified</truncated>
		<difficult>Unspecified</difficult>
		<bndbox>
			<xmin>265</xmin>
			<ymin>285</ymin>
			<xmax>305</xmax>
			<ymax>379</ymax>
		</bndbox>
	</object>
	<object>
		<name>fire</name>
		<pose>Unspecified</pose>
		<truncated>Unspecified</truncated>
		<difficult>Unspecified</difficult>
		<bndbox>
			<xmin>223</xmin>
			<ymin>318</ymin>
			<xmax>267</xmax>
			<ymax>385</ymax>
		</bndbox>
	</object>
	<object>
		<name>fire</name>
		<pose>Unspecified</pose>
		<truncated>Unspecified</truncated>
		<difficult>Unspecified</difficult>
		<bndbox>
			<xmin>70</xmin>
			<ymin>372</ymin>
			<xmax>129</xmax>
			<ymax>427</ymax>
		</bndbox>
	</object>
</annotation>