<annotation>
	<folder>my-project-name</folder>
	<filename>fire.313.png</filename>
	<path>/my-project-name/fire.313.png</path>
	<source>
		<database>Unspecified</database>
	</source>
	<size>
		<width>810</width>
		<height>375</height>
		<depth>3</depth>
	</size>
	<object>
		<name>smoke</name>
		<pose>Unspecified</pose>
		<truncated>Unspecified</truncated>
		<difficult>Unspecified</difficult>
		<bndbox>
			<xmin>442</xmin>
			<ymin>25</ymin>
			<xmax>656</xmax>
			<ymax>253</ymax>
		</bndbox>
	</object>
	<object>
		<name>smoke</name>
		<pose>Unspecified</pose>
		<truncated>Unspecified</truncated>
		<difficult>Unspecified</difficult>
		<bndbox>
			<xmin>658</xmin>
			<ymin>191</ymin>
			<xmax>743</xmax>
			<ymax>271</ymax>
		</bndbox>
	</object>
	<object>
		<name>fire</name>
		<pose>Unspecified</pose>
		<truncated>Unspecified</truncated>
		<difficult>Unspecified</difficult>
		<bndbox>
			<xmin>676</xmin>
			<ymin>277</ymin>
			<xmax>762</xmax>
			<ymax>319</ymax>
		</bndbox>
	</object>
</annotation>