<annotation>
	<folder>my-project-name</folder>
	<filename>fire.303.png</filename>
	<path>/my-project-name/fire.303.png</path>
	<source>
		<database>Unspecified</database>
	</source>
	<size>
		<width>600</width>
		<height>400</height>
		<depth>3</depth>
	</size>
	<object>
		<name>fire</name>
		<pose>Unspecified</pose>
		<truncated>Unspecified</truncated>
		<difficult>Unspecified</difficult>
		<bndbox>
			<xmin>351</xmin>
			<ymin>282</ymin>
			<xmax>387</xmax>
			<ymax>327</ymax>
		</bndbox>
	</object>
	<object>
		<name>fire</name>
		<pose>Unspecified</pose>
		<truncated>Unspecified</truncated>
		<difficult>Unspecified</difficult>
		<bndbox>
			<xmin>274</xmin>
			<ymin>306</ymin>
			<xmax>304</xmax>
			<ymax>342</ymax>
		</bndbox>
	</object>
	<object>
		<name>fire</name>
		<pose>Unspecified</pose>
		<truncated>Unspecified</truncated>
		<difficult>Unspecified</difficult>
		<bndbox>
			<xmin>204</xmin>
			<ymin>297</ymin>
			<xmax>246</xmax>
			<ymax>342</ymax>
		</bndbox>
	</object>
	<object>
		<name>smoke</name>
		<pose>Unspecified</pose>
		<truncated>Unspecified</truncated>
		<difficult>Unspecified</difficult>
		<bndbox>
			<xmin>238</xmin>
			<ymin>164</ymin>
			<xmax>360</xmax>
			<ymax>224</ymax>
		</bndbox>
	</object>
</annotation>