<annotation>
	<folder>my-project-name</folder>
	<filename>fire.307.png</filename>
	<path>/my-project-name/fire.307.png</path>
	<source>
		<database>Unspecified</database>
	</source>
	<size>
		<width>960</width>
		<height>400</height>
		<depth>3</depth>
	</size>
	<object>
		<name>fire</name>
		<pose>Unspecified</pose>
		<truncated>Unspecified</truncated>
		<difficult>Unspecified</difficult>
		<bndbox>
			<xmin>582</xmin>
			<ymin>116</ymin>
			<xmax>641</xmax>
			<ymax>173</ymax>
		</bndbox>
	</object>
	<object>
		<name>fire</name>
		<pose>Unspecified</pose>
		<truncated>Unspecified</truncated>
		<difficult>Unspecified</difficult>
		<bndbox>
			<xmin>646</xmin>
			<ymin>94</ymin>
			<xmax>707</xmax>
			<ymax>145</ymax>
		</bndbox>
	</object>
	<object>
		<name>fire</name>
		<pose>Unspecified</pose>
		<truncated>Unspecified</truncated>
		<difficult>Unspecified</difficult>
		<bndbox>
			<xmin>712</xmin>
			<ymin>73</ymin>
			<xmax>760</xmax>
			<ymax>114</ymax>
		</bndbox>
	</object>
	<object>
		<name>fire</name>
		<pose>Unspecified</pose>
		<truncated>Unspecified</truncated>
		<difficult>Unspecified</difficult>
		<bndbox>
			<xmin>749</xmin>
			<ymin>54</ymin>
			<xmax>806</xmax>
			<ymax>98</ymax>
		</bndbox>
	</object>
	<object>
		<name>fire</name>
		<pose>Unspecified</pose>
		<truncated>Unspecified</truncated>
		<difficult>Unspecified</difficult>
		<bndbox>
			<xmin>799</xmin>
			<ymin>43</ymin>
			<xmax>865</xmax>
			<ymax>68</ymax>
		</bndbox>
	</object>
	<object>
		<name>fire</name>
		<pose>Unspecified</pose>
		<truncated>Unspecified</truncated>
		<difficult>Unspecified</difficult>
		<bndbox>
			<xmin>874</xmin>
			<ymin>23</ymin>
			<xmax>923</xmax>
			<ymax>50</ymax>
		</bndbox>
	</object>
	<object>
		<name>fire</name>
		<pose>Unspecified</pose>
		<truncated>Unspecified</truncated>
		<difficult>Unspecified</difficult>
		<bndbox>
			<xmin>745</xmin>
			<ymin>15</ymin>
			<xmax>806</xmax>
			<ymax>50</ymax>
		</bndbox>
	</object>
	<object>
		<name>fire</name>
		<pose>Unspecified</pose>
		<truncated>Unspecified</truncated>
		<difficult>Unspecified</difficult>
		<bndbox>
			<xmin>494</xmin>
			<ymin>13</ymin>
			<xmax>545</xmax>
			<ymax>75</ymax>
		</bndbox>
	</object>
</annotation>