<annotation>
	<folder>my-project-name</folder>
	<filename>fire.210.png</filename>
	<path>/my-project-name/fire.210.png</path>
	<source>
		<database>Unspecified</database>
	</source>
	<size>
		<width>780</width>
		<height>405</height>
		<depth>3</depth>
	</size>
	<object>
		<name>fire</name>
		<pose>Unspecified</pose>
		<truncated>Unspecified</truncated>
		<difficult>Unspecified</difficult>
		<bndbox>
			<xmin>655</xmin>
			<ymin>107</ymin>
			<xmax>701</xmax>
			<ymax>167</ymax>
		</bndbox>
	</object>
</annotation>