<annotation>
	<folder>my-project-name</folder>
	<filename>fireBig425.jpg</filename>
	<path>/my-project-name/fireBig425.jpg</path>
	<source>
		<database>Unspecified</database>
	</source>
	<size>
		<width>1280</width>
		<height>720</height>
		<depth>3</depth>
	</size>
	<object>
		<name>fire</name>
		<pose>Unspecified</pose>
		<truncated>Unspecified</truncated>
		<difficult>Unspecified</difficult>
		<bndbox>
			<xmin>364</xmin>
			<ymin>32</ymin>
			<xmax>685</xmax>
			<ymax>492</ymax>
		</bndbox>
	</object>
	<object>
		<name>fire</name>
		<pose>Unspecified</pose>
		<truncated>Unspecified</truncated>
		<difficult>Unspecified</difficult>
		<bndbox>
			<xmin>725</xmin>
			<ymin>190</ymin>
			<xmax>1278</xmax>
			<ymax>519</ymax>
		</bndbox>
	</object>
	<object>
		<name>fire</name>
		<pose>Unspecified</pose>
		<truncated>Unspecified</truncated>
		<difficult>Unspecified</difficult>
		<bndbox>
			<xmin>87</xmin>
			<ymin>305</ymin>
			<xmax>315</xmax>
			<ymax>454</ymax>
		</bndbox>
	</object>
	<object>
		<name>fire</name>
		<pose>Unspecified</pose>
		<truncated>Unspecified</truncated>
		<difficult>Unspecified</difficult>
		<bndbox>
			<xmin>126</xmin>
			<ymin>0</ymin>
			<xmax>298</xmax>
			<ymax>109</ymax>
		</bndbox>
	</object>
</annotation>