<annotation>
	<folder>my-project-name</folder>
	<filename>fireBig483.jpg</filename>
	<path>/my-project-name/fireBig483.jpg</path>
	<source>
		<database>Unspecified</database>
	</source>
	<size>
		<width>1280</width>
		<height>720</height>
		<depth>3</depth>
	</size>
	<object>
		<name>fire</name>
		<pose>Unspecified</pose>
		<truncated>Unspecified</truncated>
		<difficult>Unspecified</difficult>
		<bndbox>
			<xmin>457</xmin>
			<ymin>453</ymin>
			<xmax>557</xmax>
			<ymax>526</ymax>
		</bndbox>
	</object>
</annotation>