<annotation>
	<folder>my-project-name</folder>
	<filename>fireBig1032.jpg</filename>
	<path>/my-project-name/fireBig1032.jpg</path>
	<source>
		<database>Unspecified</database>
	</source>
	<size>
		<width>1280</width>
		<height>720</height>
		<depth>3</depth>
	</size>
	<object>
		<name>fire</name>
		<pose>Unspecified</pose>
		<truncated>Unspecified</truncated>
		<difficult>Unspecified</difficult>
		<bndbox>
			<xmin>671</xmin>
			<ymin>599</ymin>
			<xmax>723</xmax>
			<ymax>634</ymax>
		</bndbox>
	</object>
	<object>
		<name>smoke</name>
		<pose>Unspecified</pose>
		<truncated>Unspecified</truncated>
		<difficult>Unspecified</difficult>
		<bndbox>
			<xmin>522</xmin>
			<ymin>196</ymin>
			<xmax>719</xmax>
			<ymax>497</ymax>
		</bndbox>
	</object>
</annotation>