<annotation>
	<folder>my-project-name</folder>
	<filename>fireBig485.jpg</filename>
	<path>/my-project-name/fireBig485.jpg</path>
	<source>
		<database>Unspecified</database>
	</source>
	<size>
		<width>1280</width>
		<height>720</height>
		<depth>3</depth>
	</size>
	<object>
		<name>fire</name>
		<pose>Unspecified</pose>
		<truncated>Unspecified</truncated>
		<difficult>Unspecified</difficult>
		<bndbox>
			<xmin>474</xmin>
			<ymin>526</ymin>
			<xmax>566</xmax>
			<ymax>604</ymax>
		</bndbox>
	</object>
</annotation>