<annotation>
	<folder>my-project-name</folder>
	<filename>fireBig523.jpg</filename>
	<path>/my-project-name/fireBig523.jpg</path>
	<source>
		<database>Unspecified</database>
	</source>
	<size>
		<width>1280</width>
		<height>720</height>
		<depth>3</depth>
	</size>
	<object>
		<name>fire</name>
		<pose>Unspecified</pose>
		<truncated>Unspecified</truncated>
		<difficult>Unspecified</difficult>
		<bndbox>
			<xmin>421</xmin>
			<ymin>560</ymin>
			<xmax>487</xmax>
			<ymax>594</ymax>
		</bndbox>
	</object>
	<object>
		<name>smoke</name>
		<pose>Unspecified</pose>
		<truncated>Unspecified</truncated>
		<difficult>Unspecified</difficult>
		<bndbox>
			<xmin>444</xmin>
			<ymin>415</ymin>
			<xmax>529</xmax>
			<ymax>507</ymax>
		</bndbox>
	</object>
	<object>
		<name>smoke</name>
		<pose>Unspecified</pose>
		<truncated>Unspecified</truncated>
		<difficult>Unspecified</difficult>
		<bndbox>
			<xmin>289</xmin>
			<ymin>0</ymin>
			<xmax>632</xmax>
			<ymax>126</ymax>
		</bndbox>
	</object>
</annotation>