<annotation>
	<folder>my-project-name</folder>
	<filename>fireBig507.jpg</filename>
	<path>/my-project-name/fireBig507.jpg</path>
	<source>
		<database>Unspecified</database>
	</source>
	<size>
		<width>1280</width>
		<height>720</height>
		<depth>3</depth>
	</size>
	<object>
		<name>fire</name>
		<pose>Unspecified</pose>
		<truncated>Unspecified</truncated>
		<difficult>Unspecified</difficult>
		<bndbox>
			<xmin>478</xmin>
			<ymin>209</ymin>
			<xmax>672</xmax>
			<ymax>320</ymax>
		</bndbox>
	</object>
	<object>
		<name>fire</name>
		<pose>Unspecified</pose>
		<truncated>Unspecified</truncated>
		<difficult>Unspecified</difficult>
		<bndbox>
			<xmin>1095</xmin>
			<ymin>356</ymin>
			<xmax>1137</xmax>
			<ymax>411</ymax>
		</bndbox>
	</object>
	<object>
		<name>fire</name>
		<pose>Unspecified</pose>
		<truncated>Unspecified</truncated>
		<difficult>Unspecified</difficult>
		<bndbox>
			<xmin>908</xmin>
			<ymin>332</ymin>
			<xmax>952</xmax>
			<ymax>377</ymax>
		</bndbox>
	</object>
	<object>
		<name>fire</name>
		<pose>Unspecified</pose>
		<truncated>Unspecified</truncated>
		<difficult>Unspecified</difficult>
		<bndbox>
			<xmin>1044</xmin>
			<ymin>617</ymin>
			<xmax>1095</xmax>
			<ymax>713</ymax>
		</bndbox>
	</object>
	<object>
		<name>fire</name>
		<pose>Unspecified</pose>
		<truncated>Unspecified</truncated>
		<difficult>Unspecified</difficult>
		<bndbox>
			<xmin>708</xmin>
			<ymin>292</ymin>
			<xmax>799</xmax>
			<ymax>345</ymax>
		</bndbox>
	</object>
</annotation>