<annotation>
	<folder>my-project-name</folder>
	<filename>fireBig1340.jpg</filename>
	<path>/my-project-name/fireBig1340.jpg</path>
	<source>
		<database>Unspecified</database>
	</source>
	<size>
		<width>1280</width>
		<height>720</height>
		<depth>3</depth>
	</size>
	<object>
		<name>fire</name>
		<pose>Unspecified</pose>
		<truncated>Unspecified</truncated>
		<difficult>Unspecified</difficult>
		<bndbox>
			<xmin>580</xmin>
			<ymin>18</ymin>
			<xmax>1006</xmax>
			<ymax>203</ymax>
		</bndbox>
	</object>
	<object>
		<name>fire</name>
		<pose>Unspecified</pose>
		<truncated>Unspecified</truncated>
		<difficult>Unspecified</difficult>
		<bndbox>
			<xmin>406</xmin>
			<ymin>7</ymin>
			<xmax>453</xmax>
			<ymax>48</ymax>
		</bndbox>
	</object>
	<object>
		<name>fire</name>
		<pose>Unspecified</pose>
		<truncated>Unspecified</truncated>
		<difficult>Unspecified</difficult>
		<bndbox>
			<xmin>240</xmin>
			<ymin>30</ymin>
			<xmax>266</xmax>
			<ymax>65</ymax>
		</bndbox>
	</object>
	<object>
		<name>fire</name>
		<pose>Unspecified</pose>
		<truncated>Unspecified</truncated>
		<difficult>Unspecified</difficult>
		<bndbox>
			<xmin>185</xmin>
			<ymin>277</ymin>
			<xmax>270</xmax>
			<ymax>373</ymax>
		</bndbox>
	</object>
	<object>
		<name>fire</name>
		<pose>Unspecified</pose>
		<truncated>Unspecified</truncated>
		<difficult>Unspecified</difficult>
		<bndbox>
			<xmin>317</xmin>
			<ymin>92</ymin>
			<xmax>351</xmax>
			<ymax>139</ymax>
		</bndbox>
	</object>
</annotation>