<annotation>
	<folder>my-project-name</folder>
	<filename>fire.22.png</filename>
	<path>/my-project-name/fire.22.png</path>
	<source>
		<database>Unspecified</database>
	</source>
	<size>
		<width>1280</width>
		<height>640</height>
		<depth>3</depth>
	</size>
	<object>
		<name>fire</name>
		<pose>Unspecified</pose>
		<truncated>Unspecified</truncated>
		<difficult>Unspecified</difficult>
		<bndbox>
			<xmin>642</xmin>
			<ymin>97</ymin>
			<xmax>687</xmax>
			<ymax>160</ymax>
		</bndbox>
	</object>
	<object>
		<name>fire</name>
		<pose>Unspecified</pose>
		<truncated>Unspecified</truncated>
		<difficult>Unspecified</difficult>
		<bndbox>
			<xmin>597</xmin>
			<ymin>58</ymin>
			<xmax>651</xmax>
			<ymax>99</ymax>
		</bndbox>
	</object>
	<object>
		<name>fire</name>
		<pose>Unspecified</pose>
		<truncated>Unspecified</truncated>
		<difficult>Unspecified</difficult>
		<bndbox>
			<xmin>506</xmin>
			<ymin>169</ymin>
			<xmax>551</xmax>
			<ymax>229</ymax>
		</bndbox>
	</object>
</annotation>