<annotation>
	<folder>my-project-name</folder>
	<filename>fireBig512.jpg</filename>
	<path>/my-project-name/fireBig512.jpg</path>
	<source>
		<database>Unspecified</database>
	</source>
	<size>
		<width>1280</width>
		<height>720</height>
		<depth>3</depth>
	</size>
	<object>
		<name>fire</name>
		<pose>Unspecified</pose>
		<truncated>Unspecified</truncated>
		<difficult>Unspecified</difficult>
		<bndbox>
			<xmin>381</xmin>
			<ymin>99</ymin>
			<xmax>430</xmax>
			<ymax>303</ymax>
		</bndbox>
	</object>
	<object>
		<name>fire</name>
		<pose>Unspecified</pose>
		<truncated>Unspecified</truncated>
		<difficult>Unspecified</difficult>
		<bndbox>
			<xmin>1210</xmin>
			<ymin>364</ymin>
			<xmax>1274</xmax>
			<ymax>426</ymax>
		</bndbox>
	</object>
	<object>
		<name>fire</name>
		<pose>Unspecified</pose>
		<truncated>Unspecified</truncated>
		<difficult>Unspecified</difficult>
		<bndbox>
			<xmin>957</xmin>
			<ymin>284</ymin>
			<xmax>995</xmax>
			<ymax>358</ymax>
		</bndbox>
	</object>
	<object>
		<name>fire</name>
		<pose>Unspecified</pose>
		<truncated>Unspecified</truncated>
		<difficult>Unspecified</difficult>
		<bndbox>
			<xmin>833</xmin>
			<ymin>332</ymin>
			<xmax>880</xmax>
			<ymax>375</ymax>
		</bndbox>
	</object>
	<object>
		<name>fire</name>
		<pose>Unspecified</pose>
		<truncated>Unspecified</truncated>
		<difficult>Unspecified</difficult>
		<bndbox>
			<xmin>733</xmin>
			<ymin>347</ymin>
			<xmax>766</xmax>
			<ymax>377</ymax>
		</bndbox>
	</object>
	<object>
		<name>fire</name>
		<pose>Unspecified</pose>
		<truncated>Unspecified</truncated>
		<difficult>Unspecified</difficult>
		<bndbox>
			<xmin>576</xmin>
			<ymin>326</ymin>
			<xmax>634</xmax>
			<ymax>373</ymax>
		</bndbox>
	</object>
</annotation>