<annotation>
	<folder>my-project-name</folder>
	<filename>fireBig581.jpg</filename>
	<path>/my-project-name/fireBig581.jpg</path>
	<source>
		<database>Unspecified</database>
	</source>
	<size>
		<width>1280</width>
		<height>720</height>
		<depth>3</depth>
	</size>
	<object>
		<name>fire</name>
		<pose>Unspecified</pose>
		<truncated>Unspecified</truncated>
		<difficult>Unspecified</difficult>
		<bndbox>
			<xmin>527</xmin>
			<ymin>18</ymin>
			<xmax>1070</xmax>
			<ymax>324</ymax>
		</bndbox>
	</object>
	<object>
		<name>fire</name>
		<pose>Unspecified</pose>
		<truncated>Unspecified</truncated>
		<difficult>Unspecified</difficult>
		<bndbox>
			<xmin>25</xmin>
			<ymin>0</ymin>
			<xmax>374</xmax>
			<ymax>328</ymax>
		</bndbox>
	</object>
</annotation>