<annotation>
	<folder>my-project-name</folder>
	<filename>fire.19.png</filename>
	<path>/my-project-name/fire.19.png</path>
	<source>
		<database>Unspecified</database>
	</source>
	<size>
		<width>1280</width>
		<height>640</height>
		<depth>3</depth>
	</size>
	<object>
		<name>fire</name>
		<pose>Unspecified</pose>
		<truncated>Unspecified</truncated>
		<difficult>Unspecified</difficult>
		<bndbox>
			<xmin>744</xmin>
			<ymin>82</ymin>
			<xmax>1059</xmax>
			<ymax>511</ymax>
		</bndbox>
	</object>
	<object>
		<name>smoke</name>
		<pose>Unspecified</pose>
		<truncated>Unspecified</truncated>
		<difficult>Unspecified</difficult>
		<bndbox>
			<xmin>1004</xmin>
			<ymin>0</ymin>
			<xmax>1208</xmax>
			<ymax>188</ymax>
		</bndbox>
	</object>
	<object>
		<name>fire</name>
		<pose>Unspecified</pose>
		<truncated>Unspecified</truncated>
		<difficult>Unspecified</difficult>
		<bndbox>
			<xmin>677</xmin>
			<ymin>467</ymin>
			<xmax>697</xmax>
			<ymax>496</ymax>
		</bndbox>
	</object>
	<object>
		<name>fire</name>
		<pose>Unspecified</pose>
		<truncated>Unspecified</truncated>
		<difficult>Unspecified</difficult>
		<bndbox>
			<xmin>739</xmin>
			<ymin>551</ymin>
			<xmax>781</xmax>
			<ymax>584</ymax>
		</bndbox>
	</object>
	<object>
		<name>fire</name>
		<pose>Unspecified</pose>
		<truncated>Unspecified</truncated>
		<difficult>Unspecified</difficult>
		<bndbox>
			<xmin>800</xmin>
			<ymin>517</ymin>
			<xmax>823</xmax>
			<ymax>539</ymax>
		</bndbox>
	</object>
	<object>
		<name>fire</name>
		<pose>Unspecified</pose>
		<truncated>Unspecified</truncated>
		<difficult>Unspecified</difficult>
		<bndbox>
			<xmin>891</xmin>
			<ymin>526</ymin>
			<xmax>928</xmax>
			<ymax>549</ymax>
		</bndbox>
	</object>
</annotation>