<annotation>
	<folder>my-project-name</folder>
	<filename>fire.37.png</filename>
	<path>/my-project-name/fire.37.png</path>
	<source>
		<database>Unspecified</database>
	</source>
	<size>
		<width>1920</width>
		<height>1080</height>
		<depth>3</depth>
	</size>
	<object>
		<name>fire</name>
		<pose>Unspecified</pose>
		<truncated>Unspecified</truncated>
		<difficult>Unspecified</difficult>
		<bndbox>
			<xmin>493</xmin>
			<ymin>166</ymin>
			<xmax>920</xmax>
			<ymax>498</ymax>
		</bndbox>
	</object>
</annotation>