<annotation>
	<folder>my-project-name</folder>
	<filename>fire.20.png</filename>
	<path>/my-project-name/fire.20.png</path>
	<source>
		<database>Unspecified</database>
	</source>
	<size>
		<width>700</width>
		<height>450</height>
		<depth>3</depth>
	</size>
	<object>
		<name>fire</name>
		<pose>Unspecified</pose>
		<truncated>Unspecified</truncated>
		<difficult>Unspecified</difficult>
		<bndbox>
			<xmin>479</xmin>
			<ymin>213</ymin>
			<xmax>548</xmax>
			<ymax>315</ymax>
		</bndbox>
	</object>
	<object>
		<name>fire</name>
		<pose>Unspecified</pose>
		<truncated>Unspecified</truncated>
		<difficult>Unspecified</difficult>
		<bndbox>
			<xmin>39</xmin>
			<ymin>235</ymin>
			<xmax>141</xmax>
			<ymax>335</ymax>
		</bndbox>
	</object>
	<object>
		<name>fire</name>
		<pose>Unspecified</pose>
		<truncated>Unspecified</truncated>
		<difficult>Unspecified</difficult>
		<bndbox>
			<xmin>176</xmin>
			<ymin>244</ymin>
			<xmax>263</xmax>
			<ymax>341</ymax>
		</bndbox>
	</object>
</annotation>