<annotation>
	<folder>my-project-name</folder>
	<filename>fireBig1260.jpg</filename>
	<path>/my-project-name/fireBig1260.jpg</path>
	<source>
		<database>Unspecified</database>
	</source>
	<size>
		<width>1280</width>
		<height>720</height>
		<depth>3</depth>
	</size>
	<object>
		<name>fire</name>
		<pose>Unspecified</pose>
		<truncated>Unspecified</truncated>
		<difficult>Unspecified</difficult>
		<bndbox>
			<xmin>495</xmin>
			<ymin>269</ymin>
			<xmax>848</xmax>
			<ymax>651</ymax>
		</bndbox>
	</object>
	<object>
		<name>smoke</name>
		<pose>Unspecified</pose>
		<truncated>Unspecified</truncated>
		<difficult>Unspecified</difficult>
		<bndbox>
			<xmin>240</xmin>
			<ymin>56</ymin>
			<xmax>634</xmax>
			<ymax>271</ymax>
		</bndbox>
	</object>
	<object>
		<name>fire</name>
		<pose>Unspecified</pose>
		<truncated>Unspecified</truncated>
		<difficult>Unspecified</difficult>
		<bndbox>
			<xmin>723</xmin>
			<ymin>86</ymin>
			<xmax>778</xmax>
			<ymax>128</ymax>
		</bndbox>
	</object>
</annotation>