<annotation>
	<folder>my-project-name</folder>
	<filename>fire.30.png</filename>
	<path>/my-project-name/fire.30.png</path>
	<source>
		<database>Unspecified</database>
	</source>
	<size>
		<width>700</width>
		<height>394</height>
		<depth>3</depth>
	</size>
	<object>
		<name>fire</name>
		<pose>Unspecified</pose>
		<truncated>Unspecified</truncated>
		<difficult>Unspecified</difficult>
		<bndbox>
			<xmin>227</xmin>
			<ymin>71</ymin>
			<xmax>426</xmax>
			<ymax>394</ymax>
		</bndbox>
	</object>
</annotation>