<annotation>
	<folder>my-project-name</folder>
	<filename>fireBig984.jpg</filename>
	<path>/my-project-name/fireBig984.jpg</path>
	<source>
		<database>Unspecified</database>
	</source>
	<size>
		<width>1280</width>
		<height>720</height>
		<depth>3</depth>
	</size>
	<object>
		<name>fire</name>
		<pose>Unspecified</pose>
		<truncated>Unspecified</truncated>
		<difficult>Unspecified</difficult>
		<bndbox>
			<xmin>183</xmin>
			<ymin>283</ymin>
			<xmax>296</xmax>
			<ymax>379</ymax>
		</bndbox>
	</object>
	<object>
		<name>fire</name>
		<pose>Unspecified</pose>
		<truncated>Unspecified</truncated>
		<difficult>Unspecified</difficult>
		<bndbox>
			<xmin>340</xmin>
			<ymin>369</ymin>
			<xmax>383</xmax>
			<ymax>398</ymax>
		</bndbox>
	</object>
	<object>
		<name>fire</name>
		<pose>Unspecified</pose>
		<truncated>Unspecified</truncated>
		<difficult>Unspecified</difficult>
		<bndbox>
			<xmin>412</xmin>
			<ymin>373</ymin>
			<xmax>449</xmax>
			<ymax>398</ymax>
		</bndbox>
	</object>
	<object>
		<name>fire</name>
		<pose>Unspecified</pose>
		<truncated>Unspecified</truncated>
		<difficult>Unspecified</difficult>
		<bndbox>
			<xmin>670</xmin>
			<ymin>375</ymin>
			<xmax>725</xmax>
			<ymax>417</ymax>
		</bndbox>
	</object>
	<object>
		<name>fire</name>
		<pose>Unspecified</pose>
		<truncated>Unspecified</truncated>
		<difficult>Unspecified</difficult>
		<bndbox>
			<xmin>768</xmin>
			<ymin>339</ymin>
			<xmax>859</xmax>
			<ymax>409</ymax>
		</bndbox>
	</object>
	<object>
		<name>fire</name>
		<pose>Unspecified</pose>
		<truncated>Unspecified</truncated>
		<difficult>Unspecified</difficult>
		<bndbox>
			<xmin>967</xmin>
			<ymin>362</ymin>
			<xmax>1055</xmax>
			<ymax>428</ymax>
		</bndbox>
	</object>
	<object>
		<name>fire</name>
		<pose>Unspecified</pose>
		<truncated>Unspecified</truncated>
		<difficult>Unspecified</difficult>
		<bndbox>
			<xmin>663</xmin>
			<ymin>432</ymin>
			<xmax>936</xmax>
			<ymax>485</ymax>
		</bndbox>
	</object>
	<object>
		<name>fire</name>
		<pose>Unspecified</pose>
		<truncated>Unspecified</truncated>
		<difficult>Unspecified</difficult>
		<bndbox>
			<xmin>514</xmin>
			<ymin>436</ymin>
			<xmax>578</xmax>
			<ymax>477</ymax>
		</bndbox>
	</object>
	<object>
		<name>fire</name>
		<pose>Unspecified</pose>
		<truncated>Unspecified</truncated>
		<difficult>Unspecified</difficult>
		<bndbox>
			<xmin>572</xmin>
			<ymin>390</ymin>
			<xmax>600</xmax>
			<ymax>419</ymax>
		</bndbox>
	</object>
	<object>
		<name>smoke</name>
		<pose>Unspecified</pose>
		<truncated>Unspecified</truncated>
		<difficult>Unspecified</difficult>
		<bndbox>
			<xmin>457</xmin>
			<ymin>3</ymin>
			<xmax>867</xmax>
			<ymax>292</ymax>
		</bndbox>
	</object>
</annotation>