<annotation>
	<folder>my-project-name</folder>
	<filename>fire.21.png</filename>
	<path>/my-project-name/fire.21.png</path>
	<source>
		<database>Unspecified</database>
	</source>
	<size>
		<width>650</width>
		<height>365</height>
		<depth>3</depth>
	</size>
	<object>
		<name>fire</name>
		<pose>Unspecified</pose>
		<truncated>Unspecified</truncated>
		<difficult>Unspecified</difficult>
		<bndbox>
			<xmin>269</xmin>
			<ymin>226</ymin>
			<xmax>476</xmax>
			<ymax>365</ymax>
		</bndbox>
	</object>
</annotation>