<annotation>
	<folder>my-project-name</folder>
	<filename>fireBig1806.jpg</filename>
	<path>/my-project-name/fireBig1806.jpg</path>
	<source>
		<database>Unspecified</database>
	</source>
	<size>
		<width>1280</width>
		<height>720</height>
		<depth>3</depth>
	</size>
	<object>
		<name>smoke</name>
		<pose>Unspecified</pose>
		<truncated>Unspecified</truncated>
		<difficult>Unspecified</difficult>
		<bndbox>
			<xmin>538</xmin>
			<ymin>0</ymin>
			<xmax>953</xmax>
			<ymax>303</ymax>
		</bndbox>
	</object>
</annotation>