<annotation>
	<folder>my-project-name</folder>
	<filename>fire.38.png</filename>
	<path>/my-project-name/fire.38.png</path>
	<source>
		<database>Unspecified</database>
	</source>
	<size>
		<width>780</width>
		<height>450</height>
		<depth>3</depth>
	</size>
	<object>
		<name>fire</name>
		<pose>Unspecified</pose>
		<truncated>Unspecified</truncated>
		<difficult>Unspecified</difficult>
		<bndbox>
			<xmin>278</xmin>
			<ymin>13</ymin>
			<xmax>759</xmax>
			<ymax>347</ymax>
		</bndbox>
	</object>
</annotation>