<annotation>
	<folder>my-project-name</folder>
	<filename>fireBig1266.jpg</filename>
	<path>/my-project-name/fireBig1266.jpg</path>
	<source>
		<database>Unspecified</database>
	</source>
	<size>
		<width>1280</width>
		<height>720</height>
		<depth>3</depth>
	</size>
	<object>
		<name>fire</name>
		<pose>Unspecified</pose>
		<truncated>Unspecified</truncated>
		<difficult>Unspecified</difficult>
		<bndbox>
			<xmin>355</xmin>
			<ymin>45</ymin>
			<xmax>778</xmax>
			<ymax>503</ymax>
		</bndbox>
	</object>
</annotation>